split,image,width,height,objects,status
train,0000002_00005_d_0000014.jpg,960,540,82,success
train,0000002_00448_d_0000015.jpg,960,540,85,success
train,0000003_00231_d_0000016.jpg,960,540,39,success
train,0000007_04999_d_0000036.jpg,1360,765,57,success
train,0000007_05499_d_0000037.jpg,1360,765,60,success
train,0000007_05999_d_0000038.jpg,1360,765,40,success
train,0000008_00889_d_0000039.jpg,1360,765,14,success
train,0000008_01999_d_0000040.jpg,1360,765,18,success
train,0000008_02499_d_0000041.jpg,1360,765,12,success
train,0000008_02999_d_0000042.jpg,1360,765,47,success
train,0000008_03499_d_0000043.jpg,1360,765,27,success
train,0000008_03999_d_0000044.jpg,1360,765,27,success
train,0000008_04499_d_0000045.jpg,1360,765,26,success
train,0000010_00569_d_0000056.jpg,1360,765,45,success
train,0000010_05149_d_0000057.jpg,1360,765,57,success
train,0000010_05291_d_0000058.jpg,1360,765,58,success
train,0000013_00465_d_0000067.jpg,960,540,92,success
train,0000016_00420_d_0000068.jpg,960,540,46,success
train,0000016_01352_d_0000069.jpg,960,540,61,success
train,0000030_00754_d_0000036.jpg,960,540,131,success
train,0000031_00000_d_0000037.jpg,960,540,164,success
train,0000031_02000_d_0000041.jpg,960,540,67,success
train,0000031_03527_d_0000043.jpg,960,540,82,success
train,0000036_00500_d_0000046.jpg,960,540,101,success
train,0000036_03591_d_0000048.jpg,960,540,51,success
train,0000037_01494_d_0000052.jpg,960,540,227,success
train,0000039_00000_d_0000055.jpg,960,540,60,success
train,0000039_05300_d_0000061.jpg,960,540,66,success
train,0000039_05625_d_0000062.jpg,960,540,58,success
train,0000040_01000_d_0000066.jpg,960,540,67,success
train,0000040_01500_d_0000067.jpg,960,540,37,success
train,0000040_02454_d_0000068.jpg,960,540,19,success
train,0000040_03288_d_0000069.jpg,960,540,42,success
train,0000040_03752_d_0000070.jpg,960,540,17,success
train,0000040_04284_d_0000071.jpg,960,540,131,success
train,0000042_01000_d_0000074.jpg,960,540,129,success
train,0000042_02231_d_0000075.jpg,960,540,96,success
train,0000042_02421_d_0000076.jpg,960,540,94,success
train,0000043_00500_d_0000077.jpg,960,540,162,success
train,0000045_00000_d_0000083.jpg,960,540,154,success
train,0000045_00500_d_0000084.jpg,960,540,150,success
train,0000045_01032_d_0000085.jpg,960,540,56,success
train,0000045_01500_d_0000086.jpg,960,540,105,success
train,0000046_00000_d_0000087.jpg,960,540,132,success
train,0000046_00720_d_0000088.jpg,960,540,69,success
train,0000047_01000_d_0000090.jpg,960,540,71,success
train,0000047_02500_d_0000093.jpg,960,540,68,success
train,0000047_03500_d_0000095.jpg,960,540,152,success
train,0000048_01989_d_0000098.jpg,960,540,99,success
train,0000050_00500_d_0000104.jpg,960,540,99,success
train,0000056_00727_d_0000111.jpg,960,540,79,success
train,0000059_01886_d_0000114.jpg,960,540,902,success
train,0000068_00001_d_0000001.jpg,1360,765,198,success
train,0000068_00460_d_0000002.jpg,1360,765,205,success
train,0000068_00571_d_0000003.jpg,1360,765,211,success
train,0000068_01001_d_0000004.jpg,1360,765,105,success
train,0000068_01500_d_0000005.jpg,1360,765,82,success
train,0000068_02104_d_0000006.jpg,1360,765,46,success
train,0000068_02648_d_0000007.jpg,1360,765,61,success
train,0000068_02805_d_0000008.jpg,1360,765,72,success
train,0000068_03174_d_0000009.jpg,1360,765,171,success
train,0000068_03388_d_0000010.jpg,1360,765,139,success
train,0000068_03581_d_0000011.jpg,1360,765,61,success
train,0000068_03714_d_0000012.jpg,1360,765,103,success
train,0000068_03918_d_0000013.jpg,1360,765,43,success
train,0000068_04169_d_0000014.jpg,1360,765,189,success
train,0000070_04722_d_0000001.jpg,1360,765,101,success
train,0000070_05163_d_0000002.jpg,1360,765,77,success
train,0000070_05312_d_0000003.jpg,1360,765,57,success
train,0000070_05776_d_0000004.jpg,1360,765,116,success
train,0000070_05880_d_0000005.jpg,1360,765,155,success
train,0000070_06990_d_0000007.jpg,1360,765,159,success
train,0000071_00007_d_0000001.jpg,1360,765,75,success
train,0000071_02729_d_0000002.jpg,1360,765,91,success
train,0000071_03136_d_0000003.jpg,1360,765,78,success
train,0000071_03281_d_0000004.jpg,1360,765,49,success
train,0000071_03470_d_0000005.jpg,1360,765,39,success
train,0000071_03522_d_0000006.jpg,1360,765,32,success
train,0000071_04085_d_0000007.jpg,1360,765,138,success
train,0000071_05298_d_0000008.jpg,1360,765,132,success
train,0000071_06447_d_0000009.jpg,1360,765,136,success
train,0000071_06896_d_0000010.jpg,1360,765,28,success
train,0000071_06967_d_0000011.jpg,1360,765,33,success
train,0000071_07349_d_0000012.jpg,1360,765,64,success
train,0000071_07913_d_0000013.jpg,1360,765,21,success
train,0000072_00000_d_0000001.jpg,1360,765,85,success
train,0000072_00137_d_0000002.jpg,1360,765,104,success
train,0000072_03425_d_0000004.jpg,1360,765,123,success
train,0000072_04493_d_0000005.jpg,1360,765,120,success
train,0000072_05285_d_0000006.jpg,1360,765,69,success
train,0000072_05564_d_0000007.jpg,1360,765,77,success
train,0000072_05654_d_0000008.jpg,1360,765,54,success
train,0000072_05827_d_0000009.jpg,1360,765,60,success
train,0000072_06173_d_0000010.jpg,1360,765,98,success
train,0000072_07242_d_0000011.jpg,1360,765,64,success
train,0000072_07660_d_0000012.jpg,1360,765,46,success
train,0000072_08702_d_0000013.jpg,1360,765,95,success
train,0000072_09163_d_0000014.jpg,1360,765,32,success
train,0000076_00004_d_0000001.jpg,1360,765,8,success
train,0000076_00352_d_0000002.jpg,1360,765,8,success
train,0000076_00616_d_0000003.jpg,1360,765,11,success
train,0000076_01012_d_0000004.jpg,1360,765,25,success
train,0000076_01444_d_0000005.jpg,1360,765,39,success
train,0000076_01601_d_0000006.jpg,1360,765,39,success
train,0000076_01792_d_0000007.jpg,1360,765,51,success
train,0000076_01975_d_0000008.jpg,1360,765,23,success
train,0000076_02667_d_0000010.jpg,1360,765,2,success
train,0000076_03315_d_0000011.jpg,1360,765,114,success
train,0000076_03689_d_0000012.jpg,1360,765,48,success
train,0000076_03930_d_0000013.jpg,1360,765,64,success
train,0000076_04200_d_0000014.jpg,1360,765,15,success
train,0000076_04382_d_0000015.jpg,1360,765,29,success
train,0000076_04674_d_0000016.jpg,1360,765,14,success
train,0000076_04925_d_0000017.jpg,1360,765,6,success
train,0000076_04999_d_0000018.jpg,1360,765,20,success
train,0000076_05079_d_0000019.jpg,1360,765,47,success
train,0000079_00507_d_0000001.jpg,1360,765,55,success
train,0000079_00761_d_0000002.jpg,1360,765,43,success
train,0000079_01062_d_0000003.jpg,1360,765,24,success
train,0000079_01316_d_0000004.jpg,1360,765,13,success
train,0000079_01515_d_0000005.jpg,1360,765,26,success
train,0000079_01673_d_0000006.jpg,1360,765,7,success
train,0000079_01783_d_0000007.jpg,1360,765,56,success
train,0000079_02443_d_0000008.jpg,1360,765,10,success
train,0000080_00002_d_0000001.jpg,1360,765,29,success
train,0000084_00000_d_0000001.jpg,960,540,85,success
train,0000084_00281_d_0000002.jpg,960,540,81,success
train,0000084_01436_d_0000004.jpg,960,540,51,success
train,0000084_01781_d_0000005.jpg,960,540,59,success
train,0000084_01959_d_0000006.jpg,960,540,76,success
train,0000084_02139_d_0000007.jpg,960,540,118,success
train,0000085_00001_d_0000008.jpg,960,540,79,success
train,0000085_00399_d_0000009.jpg,960,540,82,success
train,0000098_00016_d_0000001.jpg,960,540,2,success
train,0000099_00149_d_0000001.jpg,960,540,1,success
train,0000099_00508_d_0000002.jpg,960,540,3,success
train,0000099_00997_d_0000003.jpg,960,540,3,success
train,0000099_02362_d_0000005.jpg,960,540,9,success
train,0000099_02798_d_0000006.jpg,960,540,8,success
train,0000099_03156_d_0000007.jpg,960,540,3,success
train,0000099_03508_d_0000008.jpg,960,540,7,success
train,0000099_03930_d_0000009.jpg,960,540,10,success
train,0000099_04272_d_0000010.jpg,960,540,9,success
train,0000099_04587_d_0000011.jpg,960,540,10,success
train,0000100_02616_d_0000012.jpg,960,540,10,success
train,0000100_03057_d_0000013.jpg,960,540,9,success
train,0000100_03906_d_0000014.jpg,960,540,7,success
train,0000100_04584_d_0000015.jpg,960,540,10,success
train,0000101_00228_d_0000016.jpg,960,540,16,success
train,0000101_01189_d_0000017.jpg,960,540,9,success
train,0000101_01577_d_0000018.jpg,960,540,11,success
train,0000101_02927_d_0000019.jpg,960,540,8,success
train,0000101_03804_d_0000020.jpg,960,540,32,success
train,0000101_04436_d_0000021.jpg,960,540,17,success
train,0000102_00192_d_0000022.jpg,960,540,3,success
train,0000102_00919_d_0000023.jpg,960,540,15,success
train,0000102_02749_d_0000024.jpg,960,540,6,success
train,0000102_03540_d_0000025.jpg,960,540,10,success
train,0000106_00294_d_0000048.jpg,960,540,75,success
train,0000106_00458_d_0000049.jpg,960,540,74,success
train,0000106_00673_d_0000050.jpg,960,540,51,success
train,0000107_00001_d_0000051.jpg,960,540,112,success
train,0000107_00891_d_0000052.jpg,960,540,65,success
train,0000107_01673_d_0000053.jpg,960,540,85,success
train,0000107_01998_d_0000054.jpg,960,540,117,success
train,0000107_02196_d_0000055.jpg,960,540,80,success
train,0000107_02574_d_0000056.jpg,960,540,114,success
train,0000109_00228_d_0000061.jpg,1920,1080,22,success
train,0000109_00606_d_0000062.jpg,1920,1080,12,success
train,0000109_01140_d_0000063.jpg,1920,1080,26,success
train,0000109_03179_d_0000064.jpg,1920,1080,15,success
train,0000110_01428_d_0000066.jpg,1920,1080,35,success
train,0000110_02718_d_0000067.jpg,1920,1080,12,success
train,0000110_03192_d_0000068.jpg,1920,1080,28,success
train,0000110_03450_d_0000069.jpg,1920,1080,41,success
train,0000111_00018_d_0000070.jpg,1920,1080,20,success
train,0000111_01459_d_0000071.jpg,1920,1080,11,success
train,0000111_03678_d_0000072.jpg,1920,1080,32,success
train,0000111_04511_d_0000073.jpg,1920,1080,33,success
train,0000112_01120_d_0000074.jpg,1920,1080,45,success
train,0000113_00064_d_0000075.jpg,1920,1080,9,success
train,0000113_00814_d_0000076.jpg,1920,1080,18,success
train,0000113_01528_d_0000077.jpg,1920,1080,16,success
train,0000113_02012_d_0000078.jpg,1920,1080,35,success
train,0000114_00461_d_0000079.jpg,1920,1080,55,success
train,0000122_01200_d_0000119.jpg,1920,1080,87,success
train,0000123_01819_d_0000120.jpg,1920,1080,135,success
train,0000124_02088_d_0000121.jpg,1920,1080,125,success
train,0000125_00084_d_0000122.jpg,1920,1080,256,success
train,0000125_00574_d_0000123.jpg,1920,1080,229,success
train,0000126_00054_d_0000124.jpg,1920,1080,260,success
train,0000126_02076_d_0000125.jpg,1920,1080,280,success
train,0000126_02406_d_0000126.jpg,1920,1080,156,success
train,0000126_02904_d_0000127.jpg,1920,1080,69,success
train,0000126_03402_d_0000128.jpg,1920,1080,237,success
train,0000126_03828_d_0000129.jpg,1920,1080,132,success
train,0000126_11844_d_0000130.jpg,1920,1080,431,success
train,0000130_01308_d_0000139.jpg,1920,1080,158,success
train,0000132_01903_d_0000140.jpg,1920,1080,177,success
train,0000133_00078_d_0000141.jpg,1920,1080,118,success
train,0000133_00480_d_0000142.jpg,1920,1080,164,success
train,0000133_00846_d_0000143.jpg,1920,1080,176,success
train,0000133_01764_d_0000144.jpg,1920,1080,68,success
train,0000134_00858_d_0000145.jpg,1920,1080,129,success
train,0000134_01332_d_0000146.jpg,1920,1080,162,success
train,0000134_01791_d_0000147.jpg,1920,1080,127,success
train,0000134_02166_d_0000148.jpg,1920,1080,134,success
train,0000135_00118_d_0000149.jpg,1920,1080,68,success
train,0000135_00828_d_0000150.jpg,1920,1080,153,success
train,0000135_01327_d_0000151.jpg,1920,1080,348,success
train,0000135_01638_d_0000152.jpg,1920,1080,108,success
train,0000135_01896_d_0000153.jpg,1920,1080,24,success
train,0000136_00162_d_0000154.jpg,1920,1080,242,success
train,0000136_00456_d_0000155.jpg,1920,1080,154,success
train,0000136_00900_d_0000156.jpg,1920,1080,172,success
train,0000136_01783_d_0000157.jpg,1920,1080,243,success
train,0000136_02529_d_0000158.jpg,1920,1080,122,success
train,0000137_00509_d_0000159.jpg,1920,1080,162,success
train,0000137_00960_d_0000160.jpg,1920,1080,137,success
train,0000137_01372_d_0000161.jpg,1920,1080,103,success
train,0000137_01824_d_0000162.jpg,1920,1080,346,success
train,0000137_02220_d_0000163.jpg,1920,1080,512,success
train,0000137_02372_d_0000164.jpg,1920,1080,184,success
train,0000139_00012_d_0000001.jpg,1920,1080,112,success
train,0000140_00118_d_0000002.jpg,1920,1080,111,success
train,0000140_01877_d_0000003.jpg,1920,1080,305,success
train,0000140_02077_d_0000004.jpg,1920,1080,246,success
train,0000140_02277_d_0000005.jpg,1920,1080,229,success
train,0000140_02477_d_0000006.jpg,1920,1080,243,success
train,0000140_02677_d_0000007.jpg,1920,1080,259,success
train,0000141_00251_d_0000009.jpg,1920,1080,177,success
train,0000141_00651_d_0000011.jpg,1920,1080,176,success
train,0000141_00851_d_0000012.jpg,1920,1080,120,success
train,0000141_01851_d_0000017.jpg,1920,1080,245,success
train,0000141_02051_d_0000018.jpg,1920,1080,183,success
train,0000141_02251_d_0000019.jpg,1920,1080,304,success
train,0000141_02651_d_0000021.jpg,1920,1080,214,success
train,0000142_00058_d_0000023.jpg,1920,1080,232,success
train,0000142_00258_d_0000024.jpg,1920,1080,162,success
train,0000142_00458_d_0000025.jpg,1920,1080,217,success
train,0000142_00858_d_0000027.jpg,1920,1080,161,success
train,0000142_01058_d_0000028.jpg,1920,1080,134,success
train,0000142_01258_d_0000029.jpg,1920,1080,120,success
train,0000142_01458_d_0000030.jpg,1920,1080,102,success
train,0000142_01658_d_0000031.jpg,1920,1080,143,success
train,0000142_02058_d_0000033.jpg,1920,1080,143,success
train,0000142_02258_d_0000034.jpg,1920,1080,86,success
train,0000142_02458_d_0000035.jpg,1920,1080,116,success
train,0000142_02658_d_0000036.jpg,1920,1080,94,success
train,0000142_02858_d_0000037.jpg,1920,1080,72,success
train,0000142_03058_d_0000038.jpg,1920,1080,92,success
train,0000142_03458_d_0000040.jpg,1920,1080,118,success
train,0000142_03658_d_0000041.jpg,1920,1080,120,success
train,0000142_04058_d_0000043.jpg,1920,1080,306,success
train,0000142_04458_d_0000045.jpg,1920,1080,370,success
train,0000142_04658_d_0000046.jpg,1920,1080,254,success
train,0000142_04858_d_0000047.jpg,1920,1080,274,success
train,0000143_00081_d_0000048.jpg,1920,1080,253,success
train,0000143_00281_d_0000049.jpg,1920,1080,284,success
train,0000143_00481_d_0000050.jpg,1920,1080,205,success
train,0000143_00681_d_0000051.jpg,1920,1080,204,success
train,0000143_00881_d_0000052.jpg,1920,1080,342,success
train,0000143_01281_d_0000054.jpg,1920,1080,166,success
train,0000143_01481_d_0000055.jpg,1920,1080,166,success
train,0000143_01681_d_0000056.jpg,1920,1080,462,success
train,0000144_00001_d_0000001.jpg,1920,1080,5,success
train,0000144_00401_d_0000001.jpg,1920,1080,9,success
train,0000144_00848_d_0000001.jpg,1920,1080,16,success
train,0000144_01201_d_0000001.jpg,1920,1080,17,success
train,0000144_01601_d_0000001.jpg,1920,1080,12,success
train,0000144_02001_d_0000001.jpg,1920,1080,9,success
train,0000144_02401_d_0000001.jpg,1920,1080,4,success
train,0000144_02801_d_0000001.jpg,1920,1080,20,success
train,0000144_03201_d_0000001.jpg,1920,1080,16,success
train,0000144_03776_d_0000001.jpg,1920,1080,13,success
train,0000144_04192_d_0000001.jpg,1920,1080,20,success
train,0000144_04401_d_0000001.jpg,1920,1080,3,success
train,0000145_00001_d_0000001.jpg,1920,1080,23,success
train,0000145_00401_d_0000001.jpg,1920,1080,13,success
train,0000146_00001_d_0000057.jpg,1920,1080,65,success
train,0000146_00601_d_0000060.jpg,1920,1080,85,success
train,0000146_00801_d_0000061.jpg,1920,1080,69,success
train,0000146_01601_d_0000065.jpg,1920,1080,94,success
train,0000146_01678_d_0000066.jpg,1920,1080,48,success
train,0000150_00030_d_0000067.jpg,1920,1080,122,success
train,0000150_00230_d_0000068.jpg,1920,1080,177,success
train,0000150_00430_d_0000069.jpg,1920,1080,159,success
train,0000150_00630_d_0000070.jpg,1920,1080,195,success
train,0000150_00830_d_0000071.jpg,1920,1080,81,success
train,0000150_01030_d_0000072.jpg,1920,1080,157,success
train,0000150_01230_d_0000073.jpg,1920,1080,95,success
train,0000150_01630_d_0000075.jpg,1920,1080,190,success
train,0000150_01830_d_0000076.jpg,1920,1080,214,success
train,0000156_00154_d_0000077.jpg,960,540,76,success
train,0000156_00354_d_0000078.jpg,960,540,63,success
train,0000156_00554_d_0000079.jpg,960,540,83,success
train,0000157_00251_d_0000081.jpg,960,540,65,success
train,0000157_00451_d_0000082.jpg,960,540,65,success
train,0000157_00651_d_0000083.jpg,960,540,116,success
train,0000165_00125_d_0000084.jpg,1920,1080,45,success
train,0000165_00525_d_0000086.jpg,1920,1080,52,success
train,0000165_00725_d_0000087.jpg,1920,1080,34,success
train,0000165_00925_d_0000088.jpg,1920,1080,26,success
train,0000165_01325_d_0000090.jpg,1920,1080,45,success
train,0000165_01525_d_0000091.jpg,1920,1080,54,success
train,0000165_01725_d_0000092.jpg,1920,1080,45,success
train,0000165_02125_d_0000094.jpg,1920,1080,56,success
train,0000165_02725_d_0000097.jpg,1920,1080,35,success
train,0000165_02925_d_0000098.jpg,1920,1080,35,success
train,0000165_03325_d_0000100.jpg,1920,1080,47,success
train,0000165_03725_d_0000102.jpg,1920,1080,39,success
train,0000165_03926_d_0000103.jpg,1920,1080,42,success
train,0000165_04125_d_0000104.jpg,1920,1080,40,success
train,0000165_04525_d_0000106.jpg,1920,1080,35,success
train,0000165_04925_d_0000108.jpg,1920,1080,37,success
train,0000165_05125_d_0000109.jpg,1920,1080,47,success
train,0000165_05325_d_0000110.jpg,1920,1080,38,success
train,0000165_05525_d_0000111.jpg,1920,1080,49,success
train,0000165_05725_d_0000112.jpg,1920,1080,24,success
train,0000165_05925_d_0000113.jpg,1920,1080,23,success
train,0000165_06125_d_0000114.jpg,1920,1080,30,success
train,0000165_06325_d_0000115.jpg,1920,1080,49,success
train,0000166_00158_d_0000116.jpg,1920,1080,47,success
train,0000166_00358_d_0000117.jpg,1920,1080,50,success
train,0000166_01158_d_0000121.jpg,1920,1080,50,success
train,0000166_01558_d_0000123.jpg,1920,1080,47,success
train,0000166_01758_d_0000124.jpg,1920,1080,60,success
train,0000167_00184_d_0000125.jpg,1920,1080,60,success
train,0000167_00384_d_0000126.jpg,1920,1080,70,success
train,0000167_00584_d_0000127.jpg,1920,1080,64,success
train,0000167_00784_d_0000128.jpg,1920,1080,49,success
train,0000167_00984_d_0000129.jpg,1920,1080,64,success
train,0000167_01184_d_0000130.jpg,1920,1080,64,success
train,0000167_01384_d_0000131.jpg,1920,1080,69,success
train,0000167_01784_d_0000133.jpg,1920,1080,35,success
train,0000167_02184_d_0000135.jpg,1920,1080,74,success
train,0000169_00001_d_0000001.jpg,960,540,63,success
train,0000169_00401_d_0000001.jpg,960,540,30,success
train,0000169_00654_d_0000001.jpg,960,540,13,success
train,0000169_01098_d_0000001.jpg,960,540,40,success
train,0000170_00001_d_0000001.jpg,960,540,33,success
train,0000170_00401_d_0000001.jpg,960,540,101,success
train,0000170_00801_d_0000001.jpg,960,540,61,success
train,0000170_01201_d_0000001.jpg,960,540,18,success
train,0000171_00001_d_0000001.jpg,960,540,53,success
train,0000171_00293_d_0000001.jpg,960,540,22,success
train,0000172_00001_d_0000001.jpg,960,540,42,success
train,0000172_00401_d_0000001.jpg,960,540,40,success
train,0000172_00801_d_0000001.jpg,960,540,69,success
train,0000172_01201_d_0000001.jpg,960,540,38,success
train,0000172_01484_d_0000001.jpg,960,540,77,success
train,0000173_00001_d_0000001.jpg,960,540,53,success
train,0000173_00401_d_0000001.jpg,960,540,43,success
train,0000173_00801_d_0000001.jpg,960,540,50,success
train,0000173_01180_d_0000001.jpg,960,540,94,success
train,0000173_01368_d_0000001.jpg,960,540,87,success
train,0000173_01601_d_0000001.jpg,960,540,60,success
train,0000173_02001_d_0000001.jpg,960,540,77,success
train,0000173_02401_d_0000001.jpg,960,540,61,success
train,0000174_00001_d_0000001.jpg,960,540,46,success
train,0000174_00401_d_0000001.jpg,960,540,38,success
train,0000174_00801_d_0000001.jpg,960,540,45,success
train,0000174_01201_d_0000001.jpg,960,540,75,success
train,0000174_01601_d_0000001.jpg,960,540,45,success
train,0000174_02175_d_0000001.jpg,960,540,24,success
train,0000175_00001_d_0000001.jpg,1920,1080,18,success
train,0000175_00432_d_0000001.jpg,1920,1080,9,success
train,0000175_00801_d_0000001.jpg,1920,1080,5,success
train,0000176_00001_d_0000001.jpg,1920,1080,19,success
train,0000176_00401_d_0000001.jpg,1920,1080,6,success
train,0000176_00633_d_0000001.jpg,1920,1080,9,success
train,0000176_00950_d_0000001.jpg,1920,1080,4,success
train,0000177_00000_d_0000001.jpg,1920,1080,15,success
train,0000177_00374_d_0000003.jpg,1920,1080,4,success
train,0000177_00570_d_0000004.jpg,1920,1080,6,success
train,0000178_00000_d_0000006.jpg,1920,1080,2,success
train,0000178_00201_d_0000007.jpg,1920,1080,10,success
train,0000178_00393_d_0000008.jpg,1920,1080,2,success
train,0000178_00621_d_0000009.jpg,1920,1080,11,success
train,0000178_01102_d_0000012.jpg,1920,1080,5,success
train,0000179_00000_d_0000013.jpg,1920,1080,8,success
train,0000179_00149_d_0000014.jpg,1920,1080,9,success
train,0000179_00301_d_0000015.jpg,1920,1080,9,success
train,0000179_00445_d_0000016.jpg,1920,1080,9,success
train,0000179_00605_d_0000017.jpg,1920,1080,3,success
train,0000179_00743_d_0000018.jpg,1920,1080,2,success
train,0000180_00000_d_0000019.jpg,1920,1080,1,success
train,0000180_00213_d_0000020.jpg,1920,1080,12,success
train,0000180_00400_d_0000021.jpg,1920,1080,16,success
train,0000180_00601_d_0000022.jpg,1920,1080,17,success
train,0000180_00806_d_0000023.jpg,1920,1080,4,success
train,0000180_01002_d_0000024.jpg,1920,1080,12,success
train,0000180_01213_d_0000025.jpg,1920,1080,9,success
train,0000180_01400_d_0000026.jpg,1920,1080,5,success
train,0000180_01581_d_0000027.jpg,1920,1080,18,success
train,0000181_00000_d_0000028.jpg,960,540,71,success
train,0000181_00387_d_0000029.jpg,960,540,45,success
train,0000181_00889_d_0000030.jpg,960,540,66,success
train,0000181_01211_d_0000031.jpg,960,540,146,success
train,0000181_01627_d_0000032.jpg,960,540,93,success
train,0000181_02065_d_0000033.jpg,960,540,31,success
train,0000181_02410_d_0000034.jpg,960,540,27,success
train,0000181_02615_d_0000035.jpg,960,540,19,success
train,0000182_00000_d_0000036.jpg,960,540,115,success
train,0000182_00411_d_0000037.jpg,960,540,91,success
train,0000182_00819_d_0000038.jpg,960,540,45,success
train,0000182_01220_d_0000039.jpg,960,540,53,success
train,0000182_01653_d_0000040.jpg,960,540,36,success
train,0000182_02053_d_0000041.jpg,960,540,59,success
train,0000182_02425_d_0000042.jpg,960,540,38,success
train,0000195_00000_d_0000126.jpg,1920,1080,146,success
train,0000195_00201_d_0000127.jpg,1920,1080,135,success
train,0000195_00409_d_0000128.jpg,1920,1080,162,success
train,0000195_00634_d_0000129.jpg,1920,1080,90,success
train,0000195_00815_d_0000130.jpg,1920,1080,89,success
train,0000195_01040_d_0000131.jpg,1920,1080,87,success
train,0000195_01256_d_0000132.jpg,1920,1080,64,success
train,0000195_01418_d_0000133.jpg,1920,1080,144,success
train,0000195_01518_d_0000134.jpg,1920,1080,140,success
train,0000196_00000_d_0000135.jpg,1920,1080,87,success
train,0000196_00553_d_0000136.jpg,1920,1080,80,success
train,0000196_01030_d_0000137.jpg,1920,1080,221,success
train,0000196_01508_d_0000138.jpg,1920,1080,168,success
train,0000196_02020_d_0000139.jpg,1920,1080,119,success
train,0000196_02559_d_0000140.jpg,1920,1080,59,success
train,0000196_03072_d_0000141.jpg,1920,1080,217,success
train,0000196_03560_d_0000142.jpg,1920,1080,83,success
train,0000196_04071_d_0000143.jpg,1920,1080,69,success
train,0000196_05025_d_0000145.jpg,1920,1080,3,success
train,0000197_00000_d_0000146.jpg,1920,1080,39,success
train,0000197_00401_d_0000147.jpg,1920,1080,225,success
train,0000197_00851_d_0000148.jpg,1920,1080,152,success
train,0000197_01211_d_0000149.jpg,1920,1080,151,success
train,0000197_01661_d_0000150.jpg,1920,1080,130,success
train,0000197_01958_d_0000151.jpg,1920,1080,219,success
train,0000197_02416_d_0000152.jpg,1920,1080,209,success
train,0000197_02821_d_0000153.jpg,1920,1080,206,success
train,0000197_03351_d_0000154.jpg,1920,1080,171,success
train,0000198_00000_d_0000155.jpg,960,540,41,success
train,0000198_00336_d_0000156.jpg,960,540,62,success
train,0000198_00709_d_0000157.jpg,960,540,27,success
train,0000198_01022_d_0000158.jpg,960,540,22,success
train,0000198_01318_d_0000159.jpg,960,540,32,success
train,0000198_01629_d_0000160.jpg,960,540,27,success
train,0000198_01949_d_0000161.jpg,960,540,38,success
train,0000199_00000_d_0000162.jpg,960,540,40,success
train,0000199_00303_d_0000163.jpg,960,540,80,success
train,0000199_00603_d_0000164.jpg,960,540,37,success
train,0000199_00933_d_0000165.jpg,960,540,35,success
train,0000199_01607_d_0000167.jpg,960,540,22,success
train,0000200_00000_d_0000168.jpg,960,540,36,success
train,0000200_00297_d_0000169.jpg,960,540,21,success
train,0000200_00566_d_0000170.jpg,960,540,36,success
train,0000201_00000_d_0000171.jpg,960,540,52,success
train,0000201_00182_d_0000172.jpg,960,540,31,success
train,0000201_00446_d_0000173.jpg,960,540,38,success
train,0000201_00626_d_0000174.jpg,960,540,40,success
train,0000201_00818_d_0000175.jpg,960,540,55,success
train,0000201_01023_d_0000176.jpg,960,540,74,success
train,0000201_01292_d_0000177.jpg,960,540,39,success
train,0000201_01484_d_0000178.jpg,960,540,13,success
train,0000201_01634_d_0000179.jpg,960,540,20,success
train,0000204_00000_d_0000191.jpg,960,540,126,success
train,0000204_00332_d_0000192.jpg,960,540,127,success
train,0000204_00698_d_0000193.jpg,960,540,82,success
train,0000204_01028_d_0000194.jpg,960,540,49,success
train,0000204_01236_d_0000195.jpg,960,540,43,success
train,0000205_00000_d_0000196.jpg,960,540,15,success
train,0000205_00405_d_0000197.jpg,960,540,71,success
train,0000205_00831_d_0000198.jpg,960,540,72,success
train,0000205_01275_d_0000199.jpg,960,540,136,success
train,0000205_01665_d_0000200.jpg,960,540,128,success
train,0000205_02019_d_0000201.jpg,960,540,98,success
train,0000205_02315_d_0000202.jpg,960,540,88,success
train,0000206_00000_d_0000203.jpg,960,540,19,success
train,0000206_00308_d_0000204.jpg,960,540,60,success
train,0000206_00668_d_0000205.jpg,960,540,44,success
train,0000206_01108_d_0000206.jpg,960,540,5,success
train,0000209_00000_d_0000219.jpg,1920,1080,10,success
train,0000209_00296_d_0000220.jpg,1920,1080,18,success
train,0000209_00609_d_0000221.jpg,1920,1080,2,success
train,0000209_00922_d_0000222.jpg,1920,1080,4,success
train,0000210_00000_d_0000223.jpg,1920,1080,14,success
train,0000210_00261_d_0000224.jpg,1920,1080,11,success
train,0000210_00525_d_0000225.jpg,1920,1080,7,success
train,0000210_01037_d_0000226.jpg,1920,1080,9,success
train,0000210_01251_d_0000227.jpg,1920,1080,8,success
train,0000210_01551_d_0000228.jpg,1920,1080,8,success
train,0000214_00000_d_0000248.jpg,1360,765,50,success
train,0000214_00410_d_0000249.jpg,1360,765,59,success
train,0000214_00840_d_0000250.jpg,1360,765,38,success
train,0000214_01218_d_0000251.jpg,1360,765,45,success
train,0000214_01652_d_0000252.jpg,1360,765,59,success
train,0000214_01968_d_0000253.jpg,1360,765,59,success
train,0000214_02445_d_0000254.jpg,1360,765,58,success
train,0000214_02750_d_0000255.jpg,1360,765,75,success
train,0000217_00001_d_0000001.jpg,1920,1080,10,success
train,0000217_00202_d_0000002.jpg,1920,1080,10,success
train,0000218_00001_d_0000001.jpg,1920,1080,3,success
train,0000218_00355_d_0000002.jpg,1920,1080,15,success
train,0000218_00730_d_0000003.jpg,1920,1080,26,success
train,0000219_03118_d_0000007.jpg,1920,1080,9,success
train,0000220_00001_d_0000001.jpg,1920,1080,45,success
train,0000220_00500_d_0000002.jpg,1920,1080,30,success
train,0000220_01000_d_0000003.jpg,1920,1080,47,success
train,0000220_01546_d_0000005.jpg,1920,1080,30,success
train,0000220_02000_d_0000006.jpg,1920,1080,29,success
train,0000220_02500_d_0000007.jpg,1920,1080,26,success
train,0000220_02658_d_0000008.jpg,1920,1080,2,success
train,0000220_02800_d_0000009.jpg,1920,1080,25,success
train,0000220_02978_d_0000010.jpg,1920,1080,24,success
train,0000220_03347_d_0000011.jpg,1920,1080,35,success
train,0000220_03847_d_0000012.jpg,1920,1080,38,success
train,0000220_04005_d_0000013.jpg,1920,1080,46,success
train,0000220_04258_d_0000014.jpg,1920,1080,87,success
train,0000220_04467_d_0000015.jpg,1920,1080,22,success
train,0000221_00001_d_0000001.jpg,1920,1080,73,success
train,0000221_00500_d_0000002.jpg,1920,1080,59,success
train,0000221_00999_d_0000003.jpg,1920,1080,55,success
train,0000221_01292_d_0000004.jpg,1920,1080,50,success
train,0000221_01411_d_0000005.jpg,1920,1080,35,success
train,0000221_01770_d_0000006.jpg,1920,1080,37,success
train,0000221_10550_d_0000007.jpg,1920,1080,47,success
train,0000221_10787_d_0000008.jpg,1920,1080,43,success
train,0000221_11139_d_0000009.jpg,1920,1080,30,success
train,0000222_00001_d_0000001.jpg,1920,1080,33,success
train,0000222_00339_d_0000002.jpg,1920,1080,29,success
train,0000222_00735_d_0000003.jpg,1920,1080,26,success
train,0000222_01135_d_0000004.jpg,1920,1080,77,success
train,0000222_01350_d_0000005.jpg,1920,1080,104,success
train,0000222_01650_d_0000006.jpg,1920,1080,69,success
train,0000222_02000_d_0000007.jpg,1920,1080,41,success
train,0000222_02467_d_0000008.jpg,1920,1080,42,success
train,0000222_02900_d_0000009.jpg,1920,1080,72,success
train,0000222_03100_d_0000010.jpg,1920,1080,60,success
train,0000222_03900_d_0000012.jpg,1920,1080,64,success
train,0000222_04015_d_0000013.jpg,1920,1080,40,success
train,0000222_04115_d_0000014.jpg,1920,1080,27,success
train,0000222_04900_d_0000016.jpg,1920,1080,97,success
train,0000222_05666_d_0000018.jpg,1920,1080,49,success
train,0000222_06100_d_0000019.jpg,1920,1080,61,success
train,0000223_00001_d_0000001.jpg,1920,1080,50,success
train,0000223_00501_d_0000002.jpg,1920,1080,94,success
train,0000223_00836_d_0000003.jpg,1920,1080,110,success
train,0000223_01300_d_0000004.jpg,1920,1080,70,success
train,0000223_01986_d_0000006.jpg,1920,1080,51,success
train,0000223_02203_d_0000007.jpg,1920,1080,26,success
train,0000224_00001_d_0000001.jpg,1920,1080,66,success
train,0000224_00251_d_0000002.jpg,1920,1080,63,success
train,0000224_00387_d_0000003.jpg,1920,1080,75,success
train,0000224_00636_d_0000004.jpg,1920,1080,41,success
train,0000224_01059_d_0000005.jpg,1920,1080,18,success
train,0000224_01513_d_0000006.jpg,1920,1080,57,success
train,0000225_00001_d_0000001.jpg,1920,1080,46,success
train,0000225_00460_d_0000002.jpg,1920,1080,31,success
train,0000225_00939_d_0000003.jpg,1920,1080,48,success
train,0000225_01376_d_0000004.jpg,1920,1080,75,success
train,0000225_01555_d_0000005.jpg,1920,1080,73,success
train,0000225_01730_d_0000006.jpg,1920,1080,83,success
train,0000225_01978_d_0000007.jpg,1920,1080,94,success
train,0000225_02083_d_0000008.jpg,1920,1080,15,success
train,0000225_02427_d_0000009.jpg,1920,1080,37,success
train,0000225_02567_d_0000010.jpg,1920,1080,85,success
train,0000225_03052_d_0000011.jpg,1920,1080,52,success
train,0000225_03550_d_0000012.jpg,1920,1080,19,success
train,0000225_04002_d_0000013.jpg,1920,1080,135,success
train,0000225_04167_d_0000014.jpg,1920,1080,82,success
train,0000225_04522_d_0000015.jpg,1920,1080,66,success
train,0000225_05003_d_0000016.jpg,1920,1080,62,success
train,0000226_00001_d_0000001.jpg,1920,1080,161,success
train,0000226_00500_d_0000002.jpg,1920,1080,127,success
train,0000226_00867_d_0000003.jpg,1920,1080,103,success
train,0000226_01146_d_0000004.jpg,1920,1080,152,success
train,0000226_01500_d_0000005.jpg,1920,1080,108,success
train,0000226_01700_d_0000006.jpg,1920,1080,115,success
train,0000226_02123_d_0000007.jpg,1920,1080,51,success
train,0000226_02469_d_0000008.jpg,1920,1080,41,success
train,0000226_02644_d_0000009.jpg,1920,1080,34,success
train,0000226_02755_d_0000010.jpg,1920,1080,108,success
train,0000226_02906_d_0000011.jpg,1920,1080,178,success
train,0000226_03490_d_0000012.jpg,1920,1080,152,success
train,0000226_03627_d_0000013.jpg,1920,1080,166,success
train,0000226_03899_d_0000014.jpg,1920,1080,43,success
train,0000226_04059_d_0000015.jpg,1920,1080,54,success
train,0000226_04291_d_0000016.jpg,1920,1080,72,success
train,0000226_04475_d_0000017.jpg,1920,1080,34,success
train,0000226_04986_d_0000018.jpg,1920,1080,50,success
train,0000227_00001_d_0000001.jpg,1920,1080,115,success
train,0000227_00235_d_0000002.jpg,1920,1080,105,success
train,0000228_00001_d_0000001.jpg,1920,1080,87,success
train,0000228_00500_d_0000002.jpg,1920,1080,113,success
train,0000228_01000_d_0000003.jpg,1920,1080,87,success
train,0000228_01419_d_0000004.jpg,1920,1080,97,success
train,0000228_01900_d_0000005.jpg,1920,1080,54,success
train,0000228_02416_d_0000006.jpg,1920,1080,39,success
train,0000229_00001_d_0000001.jpg,1920,1080,66,success
train,0000229_00500_d_0000002.jpg,1920,1080,102,success
train,0000229_00827_d_0000003.jpg,1920,1080,87,success
train,0000229_01203_d_0000004.jpg,1920,1080,77,success
train,0000235_00001_d_0000001.jpg,960,540,20,success
train,0000235_00467_d_0000002.jpg,960,540,29,success
train,0000235_00932_d_0000003.jpg,960,540,13,success
train,0000235_01411_d_0000004.jpg,960,540,22,success
train,0000235_01900_d_0000005.jpg,960,540,10,success
train,0000236_00001_d_0000001.jpg,960,540,7,success
train,0000236_00427_d_0000002.jpg,960,540,20,success
train,0000236_00811_d_0000003.jpg,960,540,16,success
train,0000237_00442_d_0000002.jpg,960,540,20,success
train,0000238_00018_d_0000001.jpg,960,540,98,success
train,0000239_00001_d_0000001.jpg,960,540,38,success
train,0000239_00500_d_0000002.jpg,960,540,30,success
train,0000239_00708_d_0000003.jpg,960,540,17,success
train,0000239_01172_d_0000004.jpg,960,540,32,success
train,0000239_01588_d_0000005.jpg,960,540,77,success
train,0000239_02003_d_0000006.jpg,960,540,93,success
train,0000239_02139_d_0000007.jpg,960,540,7,success
train,0000239_02531_d_0000008.jpg,960,540,37,success
train,0000239_02899_d_0000009.jpg,960,540,43,success
train,0000239_03333_d_0000010.jpg,960,540,41,success
train,0000239_03837_d_0000011.jpg,960,540,40,success
train,0000239_04052_d_0000012.jpg,960,540,30,success
train,0000239_04503_d_0000013.jpg,960,540,39,success
train,0000239_04995_d_0000014.jpg,960,540,39,success
train,0000239_05475_d_0000015.jpg,960,540,18,success
train,0000239_05950_d_0000016.jpg,960,540,49,success
train,0000239_06450_d_0000017.jpg,960,540,45,success
train,0000239_06950_d_0000018.jpg,960,540,29,success
train,0000239_07259_d_0000019.jpg,960,540,27,success
train,0000239_07435_d_0000020.jpg,960,540,49,success
train,0000239_07930_d_0000021.jpg,960,540,37,success
train,0000239_08430_d_0000022.jpg,960,540,57,success
train,0000239_08900_d_0000023.jpg,960,540,44,success
train,0000239_09400_d_0000024.jpg,960,540,55,success
train,0000239_09866_d_0000025.jpg,960,540,49,success
train,0000239_11139_d_0000028.jpg,960,540,131,success
train,0000239_11620_d_0000029.jpg,960,540,46,success
train,0000239_11827_d_0000030.jpg,960,540,20,success
train,0000239_12115_d_0000031.jpg,960,540,67,success
train,0000239_12601_d_0000032.jpg,960,540,68,success
train,0000239_13100_d_0000033.jpg,960,540,55,success
train,0000240_00001_d_0000001.jpg,960,540,35,success
train,0000240_00500_d_0000002.jpg,960,540,14,success
train,0000240_00978_d_0000003.jpg,960,540,44,success
train,0000240_01205_d_0000004.jpg,960,540,24,success
train,0000240_01690_d_0000005.jpg,960,540,15,success
train,0000240_02075_d_0000006.jpg,960,540,17,success
train,0000240_02531_d_0000007.jpg,960,540,11,success
train,0000240_03011_d_0000008.jpg,960,540,22,success
train,0000243_00001_d_0000001.jpg,960,540,45,success
train,0000243_00500_d_0000002.jpg,960,540,33,success
train,0000243_01000_d_0000003.jpg,960,540,65,success
train,0000243_01500_d_0000004.jpg,960,540,102,success
train,0000243_01787_d_0000005.jpg,960,540,57,success
train,0000243_01995_d_0000006.jpg,960,540,23,success
train,0000247_00002_d_0000001.jpg,960,540,111,success
train,0000248_01500_d_0000004.jpg,960,540,35,success
train,0000251_00001_d_0000001.jpg,960,540,76,success
train,0000251_00155_d_0000002.jpg,960,540,72,success
train,0000251_00450_d_0000003.jpg,960,540,70,success
train,0000251_00850_d_0000004.jpg,960,540,87,success
train,0000252_00001_d_0000001.jpg,960,540,131,success
train,0000252_00499_d_0000002.jpg,960,540,87,success
train,0000252_00800_d_0000003.jpg,960,540,78,success
train,0000252_00987_d_0000004.jpg,960,540,40,success
train,0000252_01210_d_0000005.jpg,960,540,39,success
train,0000254_01500_d_0000004.jpg,960,540,88,success
train,0000256_00001_d_0000014.jpg,1360,765,45,success
train,0000256_00403_d_0000017.jpg,1360,765,81,success
train,0000256_00594_d_0000018.jpg,1360,765,55,success
train,0000256_00932_d_0000020.jpg,1360,765,77,success
train,0000256_01110_d_0000021.jpg,1360,765,92,success
train,0000256_01210_d_0000022.jpg,1360,765,60,success
train,0000256_01350_d_0000023.jpg,1360,765,82,success
train,0000256_01516_d_0000024.jpg,1360,765,34,success
train,0000256_01740_d_0000025.jpg,1360,765,26,success
train,0000256_01834_d_0000026.jpg,1360,765,31,success
train,0000256_01924_d_0000027.jpg,1360,765,12,success
train,0000256_01973_d_0000028.jpg,1360,765,2,success
train,0000256_02073_d_0000029.jpg,1360,765,26,success
train,0000256_02273_d_0000031.jpg,1360,765,62,success
train,0000256_02373_d_0000032.jpg,1360,765,58,success
train,0000256_03204_d_0000033.jpg,1360,765,60,success
train,0000256_03304_d_0000034.jpg,1360,765,44,success
train,0000256_03644_d_0000035.jpg,1360,765,69,success
train,0000256_04356_d_0000036.jpg,1360,765,19,success
train,0000256_04693_d_0000038.jpg,1360,765,27,success
train,0000256_04719_d_0000039.jpg,1360,765,5,success
train,0000256_04759_d_0000040.jpg,1360,765,6,success
train,0000256_04812_d_0000041.jpg,1360,765,18,success
train,0000257_00001_d_0000042.jpg,1360,765,124,success
train,0000257_00249_d_0000043.jpg,1360,765,71,success
train,0000257_00359_d_0000044.jpg,1360,765,40,success
train,0000257_00621_d_0000045.jpg,1360,765,62,success
train,0000257_00871_d_0000046.jpg,1360,765,44,success
train,0000257_01295_d_0000047.jpg,1360,765,34,success
train,0000257_01551_d_0000049.jpg,1360,765,24,success
train,0000257_01607_d_0000050.jpg,1360,765,16,success
train,0000257_01656_d_0000051.jpg,1360,765,16,success
train,0000257_01698_d_0000052.jpg,1360,765,47,success
train,0000257_01725_d_0000053.jpg,1360,765,114,success
train,0000257_02072_d_0000054.jpg,1360,765,61,success
train,0000257_02550_d_0000055.jpg,1360,765,53,success
train,0000257_02841_d_0000056.jpg,1360,765,77,success
train,0000257_03254_d_0000057.jpg,1360,765,27,success
train,0000257_03360_d_0000058.jpg,1360,765,21,success
train,0000257_03482_d_0000059.jpg,1360,765,25,success
train,0000257_03639_d_0000060.jpg,1360,765,41,success
train,0000257_03739_d_0000061.jpg,1360,765,46,success
train,0000257_03864_d_0000062.jpg,1360,765,44,success
train,0000257_03964_d_0000063.jpg,1360,765,38,success
train,0000257_04069_d_0000064.jpg,1360,765,43,success
train,0000257_04249_d_0000066.jpg,1360,765,7,success
train,0000257_04349_d_0000067.jpg,1360,765,63,success
train,0000257_04451_d_0000068.jpg,1360,765,121,success
train,0000258_00001_d_0000069.jpg,1360,765,54,success
train,0000258_00301_d_0000070.jpg,1360,765,68,success
train,0000258_00657_d_0000071.jpg,1360,765,70,success
train,0000258_01168_d_0000072.jpg,1360,765,89,success
train,0000258_01368_d_0000073.jpg,1360,765,60,success
train,0000258_01628_d_0000074.jpg,1360,765,59,success
train,0000258_01938_d_0000075.jpg,1360,765,53,success
train,0000258_02119_d_0000076.jpg,1360,765,47,success
train,0000258_02366_d_0000077.jpg,1360,765,101,success
train,0000258_02669_d_0000078.jpg,1360,765,68,success
train,0000258_02910_d_0000079.jpg,1360,765,36,success
train,0000258_03072_d_0000080.jpg,1360,765,47,success
train,0000260_00001_d_0000103.jpg,1360,765,52,success
train,0000260_00441_d_0000104.jpg,1360,765,55,success
train,0000260_01281_d_0000106.jpg,1360,765,79,success
train,0000260_01408_d_0000107.jpg,1360,765,80,success
train,0000260_01609_d_0000109.jpg,1360,765,43,success
train,0000260_02109_d_0000110.jpg,1360,765,55,success
train,0000260_02609_d_0000111.jpg,1360,765,47,success
train,0000260_03079_d_0000112.jpg,1360,765,81,success
train,0000260_03359_d_0000115.jpg,1360,765,39,success
train,0000260_03859_d_0000116.jpg,1360,765,66,success
train,0000260_04059_d_0000117.jpg,1360,765,85,success
train,0000260_04159_d_0000118.jpg,1360,765,71,success
train,0000260_04458_d_0000119.jpg,1360,765,48,success
train,0000261_00001_d_0000120.jpg,1360,765,90,success
train,0000261_00401_d_0000121.jpg,1360,765,43,success
train,0000261_00601_d_0000122.jpg,1360,765,50,success
train,0000261_01101_d_0000123.jpg,1360,765,18,success
train,0000261_01601_d_0000124.jpg,1360,765,14,success
train,0000261_01801_d_0000125.jpg,1360,765,14,success
train,0000261_02001_d_0000126.jpg,1360,765,20,success
train,0000261_02301_d_0000127.jpg,1360,765,16,success
train,0000261_02501_d_0000128.jpg,1360,765,25,success
train,0000261_02801_d_0000129.jpg,1360,765,15,success
train,0000261_03301_d_0000130.jpg,1360,765,15,success
train,0000261_03401_d_0000131.jpg,1360,765,26,success
train,0000261_03501_d_0000132.jpg,1360,765,17,success
train,0000261_03701_d_0000133.jpg,1360,765,21,success
train,0000261_04201_d_0000134.jpg,1360,765,14,success
train,0000261_04501_d_0000135.jpg,1360,765,25,success
train,0000261_04801_d_0000136.jpg,1360,765,19,success
train,0000261_04901_d_0000137.jpg,1360,765,22,success
train,0000261_05301_d_0000138.jpg,1360,765,79,success
train,0000261_05501_d_0000139.jpg,1360,765,136,success
train,0000261_05775_d_0000140.jpg,1360,765,74,success
train,0000263_00001_d_0000173.jpg,1360,765,21,success
train,0000263_00601_d_0000176.jpg,1360,765,22,success
train,0000263_02001_d_0000177.jpg,1360,765,17,success
train,0000263_02201_d_0000178.jpg,1360,765,33,success
train,0000263_02601_d_0000180.jpg,1360,765,21,success
train,0000263_03201_d_0000183.jpg,1360,765,24,success
train,0000263_04001_d_0000187.jpg,1360,765,20,success
train,0000263_04401_d_0000189.jpg,1360,765,6,success
train,0000263_04801_d_0000191.jpg,1360,765,10,success
train,0000263_05001_d_0000192.jpg,1360,765,22,success
train,0000263_05201_d_0000193.jpg,1360,765,27,success
train,0000264_00001_d_0000194.jpg,1360,765,45,success
train,0000264_00201_d_0000195.jpg,1360,765,41,success
train,0000264_00401_d_0000196.jpg,1360,765,38,success
train,0000264_00601_d_0000197.jpg,1360,765,28,success
train,0000264_00801_d_0000198.jpg,1360,765,27,success
train,0000264_01001_d_0000199.jpg,1360,765,88,success
train,0000264_01201_d_0000200.jpg,1360,765,29,success
train,0000264_01401_d_0000201.jpg,1360,765,83,success
train,0000264_01601_d_0000202.jpg,1360,765,58,success
train,0000264_01801_d_0000203.jpg,1360,765,42,success
train,0000264_02001_d_0000204.jpg,1360,765,31,success
train,0000264_02201_d_0000205.jpg,1360,765,43,success
train,0000264_02401_d_0000206.jpg,1360,765,23,success
train,0000264_02601_d_0000207.jpg,1360,765,12,success
train,0000264_02801_d_0000208.jpg,1360,765,18,success
train,0000264_03001_d_0000209.jpg,1360,765,31,success
train,0000264_03201_d_0000210.jpg,1360,765,24,success
train,0000264_03401_d_0000211.jpg,1360,765,13,success
train,0000264_03801_d_0000213.jpg,1360,765,33,success
train,0000264_04001_d_0000214.jpg,1360,765,10,success
train,0000264_04201_d_0000215.jpg,1360,765,14,success
train,0000264_04401_d_0000216.jpg,1360,765,13,success
train,0000264_04601_d_0000217.jpg,1360,765,14,success
train,0000266_08201_d_0000276.jpg,1920,1080,8,success
train,0000267_00401_d_0000281.jpg,1920,1080,14,success
train,0000270_00201_d_0000354.jpg,1360,765,92,success
train,0000270_00401_d_0000355.jpg,1360,765,69,success
train,0000270_00801_d_0000357.jpg,1360,765,62,success
train,0000270_02601_d_0000366.jpg,1360,765,90,success
train,0000270_03401_d_0000370.jpg,1360,765,74,success
train,0000270_03801_d_0000372.jpg,1360,765,72,success
train,0000270_04001_d_0000373.jpg,1360,765,72,success
train,0000273_00001_d_0000439.jpg,1360,765,28,success
train,0000273_01001_d_0000444.jpg,1360,765,34,success
train,0000273_02001_d_0000449.jpg,1360,765,17,success
train,0000273_02201_d_0000450.jpg,1360,765,24,success
train,0000273_03001_d_0000454.jpg,1360,765,23,success
train,0000273_04601_d_0000461.jpg,1360,765,28,success
train,0000275_00001_d_0000497.jpg,1360,765,14,success
train,0000275_00201_d_0000498.jpg,1360,765,52,success
train,0000275_00401_d_0000499.jpg,1360,765,67,success
train,0000275_00601_d_0000500.jpg,1360,765,72,success
train,0000275_00801_d_0000501.jpg,1360,765,87,success
train,0000275_01001_d_0000502.jpg,1360,765,107,success
train,0000275_01201_d_0000503.jpg,1360,765,44,success
train,0000275_01401_d_0000504.jpg,1360,765,69,success
train,0000275_01801_d_0000506.jpg,1360,765,63,success
train,0000279_00001_d_0000584.jpg,1360,765,130,success
train,0000279_00601_d_0000587.jpg,1360,765,196,success
train,0000279_01401_d_0000591.jpg,1360,765,138,success
train,0000279_01601_d_0000592.jpg,1360,765,148,success
train,0000279_01801_d_0000593.jpg,1360,765,141,success
train,0000279_02001_d_0000594.jpg,1360,765,117,success
train,0000279_02201_d_0000595.jpg,1360,765,163,success
train,0000279_02401_d_0000596.jpg,1360,765,127,success
train,0000279_02601_d_0000597.jpg,1360,765,129,success
train,0000279_03001_d_0000598.jpg,1360,765,110,success
train,0000279_03601_d_0000600.jpg,1360,765,164,success
train,0000279_04601_d_0000604.jpg,1360,765,123,success
train,0000279_05001_d_0000606.jpg,1360,765,125,success
train,0000279_05201_d_0000607.jpg,1360,765,109,success
train,0000279_05401_d_0000608.jpg,1360,765,103,success
train,0000279_05801_d_0000610.jpg,1360,765,111,success
train,0000281_00201_d_0000630.jpg,1360,765,22,success
train,0000281_00601_d_0000631.jpg,1360,765,87,success
train,0000281_01201_d_0000634.jpg,1360,765,71,success
train,0000281_01401_d_0000635.jpg,1360,765,61,success
train,0000281_02001_d_0000637.jpg,1360,765,47,success
train,0000281_02201_d_0000638.jpg,1360,765,29,success
train,0000281_02601_d_0000639.jpg,1360,765,35,success
train,0000281_02801_d_0000640.jpg,1360,765,81,success
train,0000281_03001_d_0000641.jpg,1360,765,95,success
train,0000281_03201_d_0000642.jpg,1360,765,82,success
train,0000281_03401_d_0000643.jpg,1360,765,86,success
train,0000281_03601_d_0000644.jpg,1360,765,74,success
train,0000281_03801_d_0000645.jpg,1360,765,105,success
train,0000284_00801_d_0000683.jpg,1920,1080,9,success
train,0000284_03801_d_0000691.jpg,1920,1080,17,success
train,0000284_04001_d_0000692.jpg,1920,1080,12,success
train,0000288_00001_d_0000785.jpg,1360,765,100,success
train,0000288_00201_d_0000786.jpg,1360,765,109,success
train,0000288_00601_d_0000788.jpg,1360,765,57,success
train,0000288_01201_d_0000791.jpg,1360,765,96,success
train,0000288_01601_d_0000792.jpg,1360,765,58,success
train,0000288_02001_d_0000794.jpg,1360,765,87,success
train,0000288_02401_d_0000796.jpg,1360,765,88,success
train,0000288_02601_d_0000797.jpg,1360,765,12,success
train,0000288_02801_d_0000798.jpg,1360,765,6,success
train,0000288_03001_d_0000799.jpg,1360,765,90,success
train,0000288_03601_d_0000802.jpg,1360,765,97,success
train,0000288_03801_d_0000803.jpg,1360,765,23,success
train,0000288_04201_d_0000804.jpg,1360,765,49,success
train,0000288_04401_d_0000805.jpg,1360,765,40,success
train,0000288_04601_d_0000806.jpg,1360,765,37,success
train,0000288_04801_d_0000807.jpg,1360,765,31,success
train,0000288_05201_d_0000808.jpg,1360,765,16,success
train,0000288_05401_d_0000809.jpg,1360,765,23,success
train,0000288_05601_d_0000810.jpg,1360,765,15,success
train,0000290_00001_d_0000848.jpg,1360,765,117,success
train,0000290_00201_d_0000849.jpg,1360,765,99,success
train,0000290_00401_d_0000850.jpg,1360,765,99,success
train,0000290_00601_d_0000851.jpg,1360,765,116,success
train,0000290_00801_d_0000852.jpg,1360,765,89,success
train,0000290_01001_d_0000853.jpg,1360,765,61,success
train,0000290_01201_d_0000854.jpg,1360,765,64,success
train,0000290_01401_d_0000855.jpg,1360,765,66,success
train,0000290_02201_d_0000858.jpg,1360,765,87,success
train,0000290_02401_d_0000859.jpg,1360,765,93,success
train,0000290_02601_d_0000860.jpg,1360,765,110,success
train,0000290_02801_d_0000861.jpg,1360,765,120,success
train,0000290_03001_d_0000862.jpg,1360,765,122,success
train,0000290_03201_d_0000863.jpg,1360,765,110,success
train,0000290_03401_d_0000864.jpg,1360,765,77,success
train,0000290_03601_d_0000865.jpg,1360,765,76,success
train,0000293_00201_d_0000924.jpg,1360,765,138,success
train,0000293_01001_d_0000927.jpg,1360,765,192,success
train,0000293_01401_d_0000929.jpg,1360,765,174,success
train,0000293_02001_d_0000932.jpg,1360,765,158,success
train,0000293_02401_d_0000934.jpg,1360,765,113,success
train,0000293_02601_d_0000935.jpg,1360,765,138,success
train,0000293_02801_d_0000936.jpg,1360,765,141,success
train,0000293_03401_d_0000939.jpg,1360,765,128,success
train,0000293_04001_d_0000942.jpg,1360,765,121,success
train,0000297_00001_d_0000057.jpg,1360,765,252,success
train,0000297_00201_d_0000058.jpg,1360,765,191,success
train,0000297_01401_d_0000064.jpg,1360,765,201,success
train,0000300_00001_d_0000138.jpg,1360,765,104,success
train,0000300_00601_d_0000141.jpg,1360,765,94,success
train,0000300_00801_d_0000142.jpg,1360,765,86,success
train,0000300_01001_d_0000143.jpg,1360,765,68,success
train,0000300_01201_d_0000144.jpg,1360,765,84,success
train,0000300_01401_d_0000145.jpg,1360,765,88,success
train,0000300_01801_d_0000147.jpg,1360,765,91,success
train,0000300_02001_d_0000148.jpg,1360,765,90,success
train,0000300_02401_d_0000150.jpg,1360,765,85,success
train,0000300_02601_d_0000151.jpg,1360,765,117,success
train,0000300_02801_d_0000152.jpg,1360,765,109,success
train,0000300_03401_d_0000155.jpg,1360,765,43,success
train,0000303_00001_d_0000183.jpg,1360,765,109,success
train,0000303_00401_d_0000185.jpg,1360,765,112,success
train,0000303_00601_d_0000186.jpg,1360,765,122,success
train,0000303_00801_d_0000187.jpg,1360,765,245,success
train,0000303_01001_d_0000188.jpg,1360,765,100,success
train,0000303_01601_d_0000191.jpg,1360,765,59,success
train,0000303_02201_d_0000194.jpg,1360,765,114,success
train,0000303_02601_d_0000196.jpg,1360,765,47,success
train,0000303_02801_d_0000197.jpg,1360,765,85,success
train,0000303_03001_d_0000198.jpg,1360,765,101,success
train,0000303_03201_d_0000199.jpg,1360,765,84,success
train,0000303_03601_d_0000201.jpg,1360,765,56,success
train,0000304_00001_d_0000202.jpg,1360,765,163,success
train,0000304_00201_d_0000203.jpg,1360,765,56,success
train,0000305_00001_d_0000213.jpg,1360,765,86,success
train,0000305_00401_d_0000215.jpg,1360,765,86,success
train,0000305_00601_d_0000216.jpg,1360,765,45,success
train,0000305_00801_d_0000217.jpg,1360,765,42,success
train,0000305_01001_d_0000218.jpg,1360,765,55,success
train,0000305_01201_d_0000219.jpg,1360,765,52,success
train,0000305_01401_d_0000220.jpg,1360,765,53,success
train,0000305_01601_d_0000221.jpg,1360,765,47,success
train,0000305_01801_d_0000222.jpg,1360,765,43,success
train,0000305_02401_d_0000225.jpg,1360,765,44,success
train,0000305_02601_d_0000226.jpg,1360,765,35,success
train,0000305_02801_d_0000227.jpg,1360,765,40,success
train,0000305_03601_d_0000231.jpg,1360,765,53,success
train,0000305_04601_d_0000236.jpg,1360,765,26,success
train,0000307_00001_d_0000268.jpg,1360,765,41,success
train,0000307_02401_d_0000280.jpg,1360,765,16,success
train,0000307_05601_d_0000296.jpg,1360,765,51,success
train,0000307_05801_d_0000297.jpg,1360,765,52,success
train,0000307_06001_d_0000298.jpg,1360,765,10,success
train,0000307_06201_d_0000299.jpg,1360,765,52,success
train,0000307_06401_d_0000300.jpg,1360,765,95,success
train,0000307_06601_d_0000301.jpg,1360,765,68,success
train,0000307_06801_d_0000302.jpg,1360,765,58,success
train,0000307_07001_d_0000303.jpg,1360,765,61,success
train,0000307_07201_d_0000304.jpg,1360,765,70,success
train,0000308_00001_d_0000305.jpg,1360,765,50,success
train,0000308_00401_d_0000307.jpg,1360,765,49,success
train,0000308_00601_d_0000308.jpg,1360,765,58,success
train,0000308_00801_d_0000309.jpg,1360,765,30,success
train,0000308_01201_d_0000311.jpg,1360,765,64,success
train,0000308_01401_d_0000312.jpg,1360,765,40,success
train,0000308_01801_d_0000314.jpg,1360,765,56,success
train,0000308_02001_d_0000315.jpg,1360,765,97,success
train,0000308_02201_d_0000316.jpg,1360,765,81,success
train,0000308_05201_d_0000331.jpg,1360,765,93,success
train,0000308_05401_d_0000332.jpg,1360,765,119,success
train,0000309_00001_d_0000333.jpg,1360,765,100,success
train,0000309_00201_d_0000334.jpg,1360,765,88,success
train,0000309_00401_d_0000335.jpg,1360,765,62,success
train,0000309_00601_d_0000336.jpg,1360,765,77,success
train,0000309_00801_d_0000337.jpg,1360,765,95,success
train,0000309_01001_d_0000338.jpg,1360,765,52,success
train,0000309_01201_d_0000339.jpg,1360,765,108,success
train,0000309_01401_d_0000340.jpg,1360,765,96,success
train,0000309_01601_d_0000341.jpg,1360,765,112,success
train,0000309_01801_d_0000342.jpg,1360,765,121,success
train,0000309_02201_d_0000344.jpg,1360,765,107,success
train,0000309_02401_d_0000345.jpg,1360,765,92,success
train,0000309_02601_d_0000346.jpg,1360,765,77,success
train,0000309_02801_d_0000347.jpg,1360,765,45,success
train,0000309_03001_d_0000348.jpg,1360,765,54,success
train,0000309_03201_d_0000349.jpg,1360,765,72,success
train,0000309_03401_d_0000350.jpg,1360,765,97,success
train,0000309_03601_d_0000351.jpg,1360,765,87,success
train,0000309_03801_d_0000352.jpg,1360,765,67,success
train,0000309_04001_d_0000353.jpg,1360,765,52,success
train,0000309_04201_d_0000354.jpg,1360,765,69,success
train,0000309_04401_d_0000355.jpg,1360,765,91,success
train,0000309_04601_d_0000356.jpg,1360,765,97,success
train,0000313_00001_d_0000436.jpg,1360,765,91,success
train,0000313_00201_d_0000437.jpg,1360,765,92,success
train,0000313_00801_d_0000440.jpg,1360,765,67,success
train,0000313_01001_d_0000441.jpg,1360,765,37,success
train,0000313_01401_d_0000443.jpg,1360,765,66,success
train,0000313_01601_d_0000444.jpg,1360,765,47,success
train,0000313_01801_d_0000445.jpg,1360,765,84,success
train,0000313_02001_d_0000446.jpg,1360,765,28,success
train,0000313_02401_d_0000448.jpg,1360,765,27,success
train,0000313_03401_d_0000453.jpg,1360,765,13,success
train,0000313_03601_d_0000454.jpg,1360,765,18,success
train,0000313_04401_d_0000458.jpg,1360,765,30,success
train,0000313_04601_d_0000459.jpg,1360,765,14,success
train,0000313_04801_d_0000460.jpg,1360,765,19,success
train,0000313_05001_d_0000461.jpg,1360,765,20,success
train,0000313_05401_d_0000463.jpg,1360,765,20,success
train,0000313_05601_d_0000464.jpg,1360,765,42,success
train,0000313_05801_d_0000465.jpg,1360,765,65,success
train,0000313_06001_d_0000466.jpg,1360,765,91,success
train,0000313_06201_d_0000467.jpg,1360,765,85,success
train,0000313_06801_d_0000470.jpg,1360,765,81,success
train,0000315_00001_d_0000501.jpg,1360,765,45,success
train,0000315_00201_d_0000502.jpg,1360,765,44,success
train,0000315_00401_d_0000503.jpg,1360,765,94,success
train,0000315_01001_d_0000506.jpg,1360,765,81,success
train,0000315_02201_d_0000512.jpg,1360,765,141,success
train,0000315_02801_d_0000515.jpg,1360,765,80,success
train,0000315_03001_d_0000516.jpg,1360,765,86,success
train,0000315_03401_d_0000518.jpg,1360,765,107,success
train,0000318_03201_d_0000570.jpg,1360,765,83,success
train,0000318_03401_d_0000571.jpg,1360,765,92,success
train,0000322_00001_d_0000629.jpg,1360,765,243,success
train,0000323_00401_d_0000634.jpg,1360,765,84,success
train,0000323_01801_d_0000641.jpg,1360,765,86,success
train,0000323_02001_d_0000642.jpg,1360,765,29,success
train,0000323_02201_d_0000643.jpg,1360,765,83,success
train,0000323_02401_d_0000644.jpg,1360,765,88,success
train,0000323_02801_d_0000646.jpg,1360,765,56,success
train,0000323_03001_d_0000647.jpg,1360,765,52,success
train,0000325_00001_d_0000662.jpg,1360,765,34,success
train,0000325_00201_d_0000663.jpg,1360,765,54,success
train,0000325_00801_d_0000666.jpg,1360,765,31,success
train,0000325_01001_d_0000667.jpg,1360,765,42,success
train,0000325_01201_d_0000668.jpg,1360,765,37,success
train,0000325_01401_d_0000669.jpg,1360,765,26,success
train,0000325_01601_d_0000670.jpg,1360,765,29,success
train,0000325_01801_d_0000671.jpg,1360,765,53,success
train,0000325_02001_d_0000672.jpg,1360,765,95,success
train,0000325_02201_d_0000673.jpg,1360,765,73,success
train,0000325_02601_d_0000675.jpg,1360,765,63,success
train,0000325_02801_d_0000676.jpg,1360,765,98,success
train,0000325_03001_d_0000677.jpg,1360,765,121,success
train,0000325_03201_d_0000678.jpg,1360,765,178,success
train,0000325_03401_d_0000679.jpg,1360,765,135,success
train,0000325_03601_d_0000680.jpg,1360,765,73,success
train,0000325_03801_d_0000681.jpg,1360,765,79,success
train,0000325_04001_d_0000682.jpg,1360,765,82,success
train,0000325_04201_d_0000683.jpg,1360,765,119,success
train,0000325_04401_d_0000684.jpg,1360,765,104,success
train,0000325_04601_d_0000685.jpg,1360,765,126,success
train,0000325_04801_d_0000686.jpg,1360,765,57,success
train,0000325_05601_d_0000690.jpg,1360,765,97,success
train,0000325_05801_d_0000691.jpg,1360,765,91,success
train,0000325_06001_d_0000692.jpg,1360,765,79,success
train,0000325_06201_d_0000693.jpg,1360,765,77,success
train,0000325_06401_d_0000694.jpg,1360,765,100,success
train,0000325_06601_d_0000695.jpg,1360,765,80,success
train,0000326_00001_d_0000696.jpg,1360,765,16,success
train,0000326_00201_d_0000697.jpg,1360,765,34,success
train,0000326_02801_d_0000710.jpg,1360,765,54,success
train,0000329_00601_d_0000768.jpg,1360,765,78,success
train,0000329_02001_d_0000775.jpg,1360,765,75,success
train,0000329_02401_d_0000777.jpg,1360,765,80,success
train,0000329_02601_d_0000778.jpg,1360,765,70,success
train,0000329_03201_d_0000781.jpg,1360,765,48,success
train,0000329_03601_d_0000783.jpg,1360,765,41,success
train,0000329_04401_d_0000787.jpg,1360,765,70,success
train,0000329_05401_d_0000792.jpg,1360,765,22,success
train,0000329_05601_d_0000793.jpg,1360,765,23,success
train,0000329_06001_d_0000795.jpg,1360,765,37,success
train,0000329_06201_d_0000796.jpg,1360,765,35,success
train,0000329_06401_d_0000797.jpg,1360,765,36,success
train,0000329_06601_d_0000798.jpg,1360,765,34,success
train,0000329_06801_d_0000799.jpg,1360,765,33,success
train,0000331_00001_d_0000824.jpg,1360,765,41,success
train,0000331_00001_d_0000841.jpg,1360,765,91,success
train,0000331_00201_d_0000825.jpg,1360,765,71,success
train,0000331_00201_d_0000842.jpg,1360,765,60,success
train,0000331_00401_d_0000826.jpg,1360,765,91,success
train,0000331_00401_d_0000843.jpg,1360,765,67,success
train,0000331_00601_d_0000827.jpg,1360,765,72,success
train,0000331_00601_d_0000844.jpg,1360,765,55,success
train,0000331_00801_d_0000828.jpg,1360,765,29,success
train,0000331_00801_d_0000845.jpg,1360,765,64,success
train,0000331_01001_d_0000829.jpg,1360,765,23,success
train,0000331_01001_d_0000846.jpg,1360,765,61,success
train,0000331_01201_d_0000847.jpg,1360,765,52,success
train,0000331_01401_d_0000831.jpg,1360,765,29,success
train,0000331_01401_d_0000848.jpg,1360,765,47,success
train,0000331_01601_d_0000832.jpg,1360,765,22,success
train,0000331_01601_d_0000849.jpg,1360,765,68,success
train,0000331_01801_d_0000850.jpg,1360,765,49,success
train,0000331_02201_d_0000852.jpg,1360,765,83,success
train,0000331_02401_d_0000853.jpg,1360,765,58,success
train,0000331_02801_d_0000855.jpg,1360,765,95,success
train,0000331_03001_d_0000839.jpg,1360,765,14,success
train,0000331_03001_d_0000856.jpg,1360,765,92,success
train,0000331_03201_d_0000840.jpg,1360,765,16,success
train,0000331_03201_d_0000857.jpg,1360,765,102,success
train,0000331_03601_d_0000859.jpg,1360,765,61,success
train,0000331_04601_d_0000864.jpg,1360,765,43,success
train,0000334_00001_d_0000021.jpg,1360,765,54,success
train,0000334_00197_d_0000022.jpg,1360,765,79,success
train,0000334_00393_d_0000023.jpg,1360,765,51,success
train,0000334_00589_d_0000024.jpg,1360,765,34,success
train,0000334_00785_d_0000025.jpg,1360,765,42,success
train,0000334_00981_d_0000026.jpg,1360,765,71,success
train,0000334_01177_d_0000027.jpg,1360,765,54,success
train,0000334_01373_d_0000028.jpg,1360,765,60,success
train,0000334_01569_d_0000029.jpg,1360,765,56,success
train,0000334_01765_d_0000030.jpg,1360,765,67,success
train,0000334_01961_d_0000031.jpg,1360,765,61,success
train,0000334_02157_d_0000032.jpg,1360,765,82,success
train,0000334_02353_d_0000033.jpg,1360,765,94,success
train,0000334_02549_d_0000034.jpg,1360,765,71,success
train,0000334_02745_d_0000035.jpg,1360,765,83,success
train,0000334_02941_d_0000036.jpg,1360,765,126,success
train,0000334_03137_d_0000037.jpg,1360,765,138,success
train,0000334_03333_d_0000038.jpg,1360,765,70,success
train,0000334_03529_d_0000039.jpg,1360,765,84,success
train,0000334_03725_d_0000040.jpg,1360,765,54,success
train,0000334_03921_d_0000041.jpg,1360,765,60,success
train,0000334_04117_d_0000042.jpg,1360,765,82,success
train,0000338_00001_d_0000138.jpg,1360,765,57,success
train,0000338_00785_d_0000142.jpg,1360,765,53,success
train,0000338_01177_d_0000144.jpg,1360,765,52,success
train,0000338_01373_d_0000145.jpg,1360,765,50,success
train,0000338_01569_d_0000146.jpg,1360,765,64,success
train,0000338_01765_d_0000147.jpg,1360,765,68,success
train,0000338_01961_d_0000148.jpg,1360,765,59,success
train,0000338_02353_d_0000150.jpg,1360,765,66,success
train,0000338_02745_d_0000152.jpg,1360,765,73,success
train,0000338_03725_d_0000157.jpg,1360,765,72,success
train,0000338_04313_d_0000160.jpg,1360,765,67,success
train,0000339_00001_d_0000161.jpg,1360,765,93,success
train,0000339_00197_d_0000162.jpg,1360,765,66,success
train,0000339_00393_d_0000163.jpg,1360,765,52,success
train,0000339_00589_d_0000164.jpg,1360,765,40,success
train,0000339_00785_d_0000165.jpg,1360,765,24,success
train,0000339_00981_d_0000166.jpg,1360,765,18,success
train,0000339_01177_d_0000167.jpg,1360,765,96,success
train,0000339_01569_d_0000169.jpg,1360,765,54,success
train,0000339_01765_d_0000170.jpg,1360,765,71,success
train,0000339_01961_d_0000171.jpg,1360,765,113,success
train,0000339_02157_d_0000172.jpg,1360,765,58,success
train,0000339_02353_d_0000173.jpg,1360,765,108,success
train,0000339_02549_d_0000174.jpg,1360,765,81,success
train,0000339_02745_d_0000175.jpg,1360,765,116,success
train,0000339_02941_d_0000176.jpg,1360,765,99,success
train,0000339_03137_d_0000177.jpg,1360,765,86,success
train,0000339_03529_d_0000179.jpg,1360,765,73,success
train,0000339_03725_d_0000180.jpg,1360,765,77,success
train,0000342_00197_d_0000243.jpg,1360,765,104,success
train,0000342_00589_d_0000245.jpg,1360,765,135,success
train,0000342_00785_d_0000246.jpg,1360,765,177,success
train,0000342_00981_d_0000247.jpg,1360,765,82,success
train,0000342_01177_d_0000248.jpg,1360,765,99,success
train,0000342_01569_d_0000250.jpg,1360,765,89,success
train,0000342_01765_d_0000251.jpg,1360,765,96,success
train,0000342_01961_d_0000252.jpg,1360,765,54,success
train,0000342_02353_d_0000254.jpg,1360,765,37,success
train,0000342_02549_d_0000255.jpg,1360,765,46,success
train,0000342_02745_d_0000256.jpg,1360,765,52,success
train,0000342_02941_d_0000257.jpg,1360,765,45,success
train,0000342_03137_d_0000258.jpg,1360,765,87,success
train,0000342_03333_d_0000259.jpg,1360,765,79,success
train,0000342_03529_d_0000260.jpg,1360,765,47,success
train,0000342_03725_d_0000261.jpg,1360,765,38,success
train,0000342_03921_d_0000262.jpg,1360,765,43,success
train,0000342_04117_d_0000263.jpg,1360,765,29,success
train,0000342_04313_d_0000264.jpg,1360,765,28,success
train,0000342_04509_d_0000265.jpg,1360,765,32,success
train,0000342_04705_d_0000266.jpg,1360,765,30,success
train,0000342_04901_d_0000267.jpg,1360,765,105,success
train,0000342_05293_d_0000269.jpg,1360,765,68,success
train,0000342_05489_d_0000270.jpg,1360,765,87,success
train,0000342_05685_d_0000271.jpg,1360,765,49,success
train,0000342_06273_d_0000274.jpg,1360,765,107,success
train,0000343_00197_d_0000276.jpg,1360,765,61,success
train,0000343_01373_d_0000282.jpg,1360,765,41,success
train,0000343_01569_d_0000283.jpg,1360,765,66,success
train,0000343_03137_d_0000291.jpg,1360,765,67,success
train,0000344_00001_d_0000293.jpg,1360,765,64,success
train,0000344_01177_d_0000299.jpg,1360,765,60,success
train,0000344_01569_d_0000301.jpg,1360,765,79,success
train,0000344_01765_d_0000302.jpg,1360,765,24,success
train,0000344_01961_d_0000303.jpg,1360,765,45,success
train,0000344_02157_d_0000304.jpg,1360,765,99,success
train,0000344_02353_d_0000305.jpg,1360,765,65,success
train,0000344_02549_d_0000306.jpg,1360,765,285,success
train,0000344_02745_d_0000307.jpg,1360,765,82,success
train,0000344_02941_d_0000308.jpg,1360,765,95,success
train,0000345_00001_d_0000309.jpg,1360,765,76,success
train,0000345_00197_d_0000310.jpg,1360,765,162,success
train,0000345_00393_d_0000311.jpg,1360,765,134,success
train,0000345_00589_d_0000312.jpg,1360,765,59,success
train,0000345_00785_d_0000313.jpg,1360,765,18,success
train,0000345_00981_d_0000314.jpg,1360,765,40,success
train,0000345_01177_d_0000315.jpg,1360,765,106,success
train,0000345_01373_d_0000316.jpg,1360,765,83,success
train,0000345_01765_d_0000318.jpg,1360,765,120,success
train,0000345_02549_d_0000322.jpg,1360,765,83,success
train,0000345_02745_d_0000323.jpg,1360,765,76,success
train,0000345_03137_d_0000325.jpg,1360,765,60,success
train,0000348_00001_d_0000406.jpg,1360,765,64,success
train,0000348_00197_d_0000407.jpg,1360,765,93,success
train,0000348_00393_d_0000408.jpg,1360,765,99,success
train,0000348_01373_d_0000413.jpg,1360,765,62,success
train,0000348_01569_d_0000414.jpg,1360,765,71,success
train,0000348_01765_d_0000415.jpg,1360,765,56,success
train,0000348_01961_d_0000416.jpg,1360,765,42,success
train,0000348_02157_d_0000417.jpg,1360,765,21,success
train,0000348_02353_d_0000418.jpg,1360,765,28,success
train,0000348_02745_d_0000420.jpg,1360,765,16,success
train,0000348_02941_d_0000421.jpg,1360,765,23,success
train,0000348_03137_d_0000422.jpg,1360,765,26,success
train,0000348_03529_d_0000424.jpg,1360,765,11,success
train,0000348_03725_d_0000425.jpg,1360,765,18,success
train,0000348_03921_d_0000426.jpg,1360,765,65,success
train,0000348_04117_d_0000427.jpg,1360,765,33,success
train,0000348_04901_d_0000431.jpg,1360,765,60,success
train,0000348_05097_d_0000432.jpg,1360,765,76,success
train,0000348_05293_d_0000433.jpg,1360,765,67,success
train,0000348_05489_d_0000434.jpg,1360,765,22,success
train,0000348_06077_d_0000437.jpg,1360,765,59,success
train,0000348_06469_d_0000439.jpg,1360,765,38,success
train,0000349_00001_d_0000440.jpg,1360,765,87,success
train,0000349_01961_d_0000450.jpg,1360,765,67,success
train,0000349_02157_d_0000451.jpg,1360,765,87,success
train,0000349_04313_d_0000462.jpg,1360,765,85,success
train,0000349_04509_d_0000463.jpg,1360,765,47,success
train,0000349_04705_d_0000464.jpg,1360,765,40,success
train,0000349_04901_d_0000465.jpg,1360,765,28,success
train,0000349_05097_d_0000466.jpg,1360,765,14,success
train,0000349_05489_d_0000468.jpg,1360,765,7,success
train,0000349_05685_d_0000469.jpg,1360,765,35,success
train,0000349_05881_d_0000470.jpg,1360,765,12,success
train,0000349_06077_d_0000471.jpg,1360,765,96,success
train,0000351_00001_d_0000519.jpg,1360,765,113,success
train,0000351_00197_d_0000520.jpg,1360,765,53,success
train,0000351_00393_d_0000521.jpg,1360,765,102,success
train,0000351_00589_d_0000522.jpg,1360,765,122,success
train,0000351_00785_d_0000523.jpg,1360,765,104,success
train,0000351_00981_d_0000524.jpg,1360,765,65,success
train,0000351_01569_d_0000527.jpg,1360,765,56,success
train,0000351_01765_d_0000528.jpg,1360,765,56,success
train,0000351_01961_d_0000529.jpg,1360,765,74,success
train,0000351_02157_d_0000530.jpg,1360,765,95,success
train,0000351_02353_d_0000531.jpg,1360,765,89,success
train,0000351_02549_d_0000532.jpg,1360,765,69,success
train,0000351_02745_d_0000533.jpg,1360,765,58,success
train,0000351_02941_d_0000534.jpg,1360,765,153,success
train,0000351_03137_d_0000535.jpg,1360,765,100,success
train,0000351_03333_d_0000536.jpg,1360,765,2,success
train,0000351_03529_d_0000537.jpg,1360,765,5,success
train,0000351_03725_d_0000538.jpg,1360,765,22,success
train,0000352_00001_d_0000539.jpg,1360,765,177,success
train,0000352_00197_d_0000540.jpg,1360,765,133,success
train,0000352_00393_d_0000541.jpg,1360,765,105,success
train,0000352_00785_d_0000543.jpg,1360,765,102,success
train,0000352_00981_d_0000544.jpg,1360,765,82,success
train,0000352_01177_d_0000545.jpg,1360,765,130,success
train,0000352_01373_d_0000546.jpg,1360,765,86,success
train,0000352_01569_d_0000547.jpg,1360,765,71,success
train,0000352_01765_d_0000548.jpg,1360,765,39,success
train,0000352_01961_d_0000549.jpg,1360,765,49,success
train,0000352_02157_d_0000550.jpg,1360,765,31,success
train,0000352_02353_d_0000551.jpg,1360,765,34,success
train,0000352_02549_d_0000552.jpg,1360,765,35,success
train,0000352_02745_d_0000553.jpg,1360,765,29,success
train,0000352_02941_d_0000554.jpg,1360,765,42,success
train,0000352_03137_d_0000555.jpg,1360,765,53,success
train,0000352_03333_d_0000556.jpg,1360,765,59,success
train,0000352_03529_d_0000557.jpg,1360,765,60,success
train,0000352_04117_d_0000560.jpg,1360,765,72,success
train,0000352_04313_d_0000561.jpg,1360,765,47,success
train,0000352_04509_d_0000562.jpg,1360,765,96,success
train,0000352_04705_d_0000563.jpg,1360,765,78,success
train,0000352_04901_d_0000564.jpg,1360,765,86,success
train,0000352_05097_d_0000565.jpg,1360,765,89,success
train,0000352_05293_d_0000566.jpg,1360,765,106,success
train,0000352_05489_d_0000567.jpg,1360,765,111,success
train,0000352_05685_d_0000568.jpg,1360,765,97,success
train,0000352_05881_d_0000569.jpg,1360,765,105,success
train,0000352_06077_d_0000570.jpg,1360,765,90,success
train,0000352_06273_d_0000571.jpg,1360,765,60,success
train,0000352_06469_d_0000572.jpg,1360,765,77,success
train,0000352_06665_d_0000573.jpg,1360,765,50,success
train,0000357_00981_d_0000661.jpg,1360,765,134,success
train,0000357_02549_d_0000669.jpg,1360,765,106,success
train,0000357_04509_d_0000679.jpg,1360,765,101,success
train,0000358_00393_d_0000682.jpg,1360,765,62,success
train,0000358_01177_d_0000686.jpg,1360,765,107,success
train,0000358_01765_d_0000689.jpg,1360,765,65,success
train,0000358_02157_d_0000691.jpg,1360,765,76,success
train,0000358_02353_d_0000692.jpg,1360,765,83,success
train,0000358_02549_d_0000693.jpg,1360,765,69,success
train,0000361_00001_d_0000753.jpg,1360,765,95,success
train,0000361_00197_d_0000754.jpg,1360,765,104,success
train,0000361_00589_d_0000756.jpg,1360,765,45,success
train,0000361_00785_d_0000757.jpg,1360,765,152,success
train,0000361_00981_d_0000758.jpg,1360,765,165,success
train,0000361_04509_d_0000776.jpg,1360,765,120,success
train,0000363_00589_d_0000786.jpg,960,540,111,success
train,0000363_00785_d_0000787.jpg,960,540,120,success
train,0000363_00981_d_0000788.jpg,960,540,111,success
train,0000363_01177_d_0000789.jpg,960,540,97,success
train,0000363_01373_d_0000790.jpg,960,540,75,success
train,0000363_01569_d_0000791.jpg,960,540,54,success
train,0000363_01961_d_0000792.jpg,960,540,34,success
train,0000363_02157_d_0000793.jpg,960,540,89,success
train,0000363_02353_d_0000794.jpg,960,540,76,success
train,0000363_02549_d_0000795.jpg,960,540,45,success
train,0000363_02745_d_0000796.jpg,960,540,47,success
train,0000363_03529_d_0000797.jpg,960,540,74,success
train,0000366_00197_d_0000787.jpg,1360,765,187,success
train,0000366_00589_d_0000788.jpg,1360,765,108,success
train,0000366_01569_d_0000790.jpg,1360,765,47,success
train,0000366_01765_d_0000791.jpg,1360,765,34,success
train,0000366_02745_d_0000793.jpg,1360,765,73,success
train,0000366_03137_d_0000794.jpg,1360,765,119,success
train,0000366_03333_d_0000795.jpg,1360,765,64,success
train,0000366_03529_d_0000796.jpg,1360,765,106,success
train,0000366_03921_d_0000797.jpg,1360,765,182,success
train,0000366_04117_d_0000798.jpg,1360,765,119,success
train,0000366_04313_d_0000799.jpg,1360,765,87,success
train,0000366_04901_d_0000801.jpg,1360,765,12,success
train,0000366_05097_d_0000802.jpg,1360,765,16,success
train,0000366_05293_d_0000803.jpg,1360,765,28,success
train,0000366_05489_d_0000804.jpg,1360,765,94,success
train,0000366_05881_d_0000806.jpg,1360,765,32,success
train,0000366_06077_d_0000807.jpg,1360,765,42,success
train,0000366_06273_d_0000808.jpg,1360,765,43,success
train,0000366_06469_d_0000809.jpg,1360,765,10,success
train,0000366_07057_d_0000812.jpg,1360,765,7,success
train,0000366_08233_d_0000814.jpg,1360,765,57,success
train,0000366_08429_d_0000815.jpg,1360,765,163,success
train,0000366_09605_d_0000817.jpg,1360,765,222,success
train,0000366_09801_d_0000818.jpg,1360,765,236,success
train,0000366_09997_d_0000819.jpg,1360,765,41,success
train,9999937_00000_d_0000001.jpg,1916,1078,42,success
train,9999937_00000_d_0000002.jpg,1916,1078,8,success
train,9999937_00000_d_0000003.jpg,1916,1078,251,success
train,9999937_00000_d_0000004.jpg,1916,1078,28,success
train,9999937_00000_d_0000005.jpg,1344,756,16,success
train,9999937_00000_d_0000006.jpg,1916,1078,10,success
train,9999937_00000_d_0000007.jpg,1916,1078,43,success
train,9999937_00000_d_0000008.jpg,1916,1078,158,success
train,9999937_00000_d_0000009.jpg,1916,1078,6,success
train,9999937_00000_d_0000010.jpg,1916,1078,20,success
train,9999937_00000_d_0000011.jpg,1916,1078,76,success
train,9999937_00000_d_0000012.jpg,1916,1078,1,success
train,9999937_00000_d_0000013.jpg,1916,1078,65,success
train,9999937_00000_d_0000014.jpg,1916,1078,27,success
train,9999937_00000_d_0000015.jpg,1916,1078,57,success
train,9999937_00000_d_0000016.jpg,1389,1042,289,success
train,9999937_00000_d_0000017.jpg,1916,1078,17,success
train,9999937_00000_d_0000018.jpg,1400,1050,62,success
train,9999937_00000_d_0000019.jpg,1400,1050,10,success
train,9999937_00000_d_0000020.jpg,1400,1050,88,success
train,9999937_00000_d_0000021.jpg,1400,1050,95,success
train,9999937_00000_d_0000022.jpg,1400,1050,96,success
train,9999937_00000_d_0000023.jpg,1400,1050,59,success
train,9999937_00000_d_0000024.jpg,1400,1050,50,success
train,9999937_00000_d_0000025.jpg,1400,1050,80,success
train,9999937_00000_d_0000026.jpg,1400,1050,41,success
train,9999937_00000_d_0000027.jpg,1916,1078,34,success
train,9999937_00000_d_0000028.jpg,1916,1078,29,success
train,9999937_00000_d_0000029.jpg,1916,1078,26,success
train,9999937_00000_d_0000030.jpg,1916,1078,10,success
train,9999937_00000_d_0000031.jpg,1916,1078,21,success
train,9999937_00000_d_0000032.jpg,1916,1078,10,success
train,9999937_00000_d_0000033.jpg,1916,1078,10,success
train,9999937_00000_d_0000034.jpg,1916,1078,27,success
train,9999937_00000_d_0000035.jpg,1916,1078,45,success
train,9999937_00000_d_0000036.jpg,1916,1078,29,success
train,9999937_00000_d_0000037.jpg,1916,1078,28,success
train,9999937_00000_d_0000038.jpg,1916,1078,18,success
train,9999937_00000_d_0000039.jpg,1916,1078,37,success
train,9999937_00000_d_0000040.jpg,1916,1078,64,success
train,9999937_00000_d_0000041.jpg,1916,1078,11,success
train,9999937_00000_d_0000042.jpg,1916,1078,34,success
train,9999937_00000_d_0000043.jpg,1916,1078,30,success
train,9999937_00000_d_0000044.jpg,1916,1078,32,success
train,9999937_00000_d_0000045.jpg,1916,1078,21,success
train,9999937_00000_d_0000046.jpg,1916,1078,59,success
train,9999937_00000_d_0000047.jpg,1916,1078,52,success
train,9999937_00000_d_0000048.jpg,1916,1078,42,success
train,9999937_00000_d_0000049.jpg,1916,1078,28,success
train,9999937_00000_d_0000050.jpg,1916,1078,87,success
train,9999937_00000_d_0000051.jpg,1916,1078,69,success
train,9999937_00000_d_0000052.jpg,1916,1078,28,success
train,9999937_00000_d_0000053.jpg,1916,1078,54,success
train,9999937_00000_d_0000054.jpg,1916,1078,20,success
train,9999937_00000_d_0000055.jpg,1916,1078,32,success
train,9999937_00000_d_0000056.jpg,1916,1078,23,success
train,9999937_00000_d_0000057.jpg,1916,1078,82,success
train,9999937_00000_d_0000058.jpg,1916,1078,58,success
train,9999937_00000_d_0000059.jpg,1916,1078,125,success
train,9999937_00000_d_0000060.jpg,1916,1078,57,success
train,9999937_00000_d_0000061.jpg,1916,1078,20,success
train,9999937_00000_d_0000062.jpg,1916,1078,15,success
train,9999937_00000_d_0000063.jpg,1916,1078,11,success
train,9999937_00000_d_0000064.jpg,1916,1078,5,success
train,9999937_00000_d_0000065.jpg,1916,1078,9,success
train,9999937_00000_d_0000066.jpg,1916,1078,18,success
train,9999937_00000_d_0000067.jpg,1916,1078,9,success
train,9999937_00000_d_0000068.jpg,1916,1078,11,success
train,9999937_00000_d_0000069.jpg,1916,1078,13,success
train,9999937_00000_d_0000070.jpg,1916,1078,8,success
train,9999937_00000_d_0000071.jpg,1916,1078,7,success
train,9999937_00000_d_0000072.jpg,1916,1078,21,success
train,9999937_00000_d_0000073.jpg,1916,1078,8,success
train,9999937_00000_d_0000074.jpg,1916,1078,39,success
train,9999937_00000_d_0000075.jpg,1916,1078,11,success
train,9999937_00000_d_0000076.jpg,1916,1078,26,success
train,9999937_00000_d_0000077.jpg,1916,1078,28,success
train,9999937_00000_d_0000078.jpg,1916,1078,19,success
train,9999937_00000_d_0000079.jpg,1916,1078,14,success
train,9999937_00000_d_0000080.jpg,1916,1078,67,success
train,9999937_00000_d_0000081.jpg,1916,1078,66,success
train,9999937_00000_d_0000082.jpg,1916,1078,51,success
train,9999937_00000_d_0000083.jpg,1916,1078,13,success
train,9999937_00000_d_0000084.jpg,1916,1078,59,success
train,9999937_00000_d_0000085.jpg,1916,1078,86,success
train,9999937_00000_d_0000086.jpg,1916,1078,108,success
train,9999937_00000_d_0000087.jpg,1916,1078,75,success
train,9999937_00000_d_0000088.jpg,1916,1078,30,success
train,9999937_00000_d_0000089.jpg,1916,1078,170,success
train,9999937_00000_d_0000090.jpg,1916,1078,61,success
train,9999937_00000_d_0000091.jpg,1916,1078,80,success
train,9999937_00000_d_0000092.jpg,1916,1078,122,success
train,9999937_00000_d_0000093.jpg,1916,1078,84,success
train,9999937_00000_d_0000094.jpg,1916,1078,31,success
train,9999937_00000_d_0000095.jpg,1916,1078,18,success
train,9999937_00000_d_0000096.jpg,1916,1078,197,success
train,9999937_00000_d_0000097.jpg,1916,1078,147,success
train,9999937_00000_d_0000098.jpg,1916,1078,183,success
train,9999937_00000_d_0000099.jpg,1916,1078,57,success
train,9999937_00000_d_0000100.jpg,1916,1078,77,success
train,9999937_00000_d_0000101.jpg,1916,1078,167,success
train,9999937_00000_d_0000102.jpg,1916,1078,84,success
train,9999937_00000_d_0000103.jpg,1916,1078,55,success
train,9999937_00000_d_0000104.jpg,1916,1078,71,success
train,9999937_00000_d_0000105.jpg,1400,1050,24,success
train,9999937_00000_d_0000106.jpg,1916,1078,25,success
train,9999937_00000_d_0000107.jpg,1916,1078,40,success
train,9999937_00000_d_0000108.jpg,1916,1078,52,success
train,9999937_00000_d_0000109.jpg,1916,1078,65,success
train,9999937_00000_d_0000110.jpg,1916,1078,88,success
train,9999937_00000_d_0000111.jpg,1916,1078,115,success
train,9999937_00000_d_0000112.jpg,1916,1078,45,success
train,9999937_00000_d_0000113.jpg,1916,1078,103,success
train,9999937_00000_d_0000114.jpg,1916,1078,87,success
train,9999937_00000_d_0000115.jpg,1916,1078,16,success
train,9999937_00000_d_0000116.jpg,1400,1050,7,success
train,9999937_00000_d_0000117.jpg,1916,1078,11,success
train,9999937_00000_d_0000118.jpg,1916,1078,22,success
train,9999937_00000_d_0000119.jpg,1916,1078,81,success
train,9999937_00000_d_0000120.jpg,1916,1078,49,success
train,9999937_00000_d_0000121.jpg,1916,1078,34,success
train,9999937_00000_d_0000122.jpg,1916,1078,52,success
train,9999937_00000_d_0000123.jpg,1916,1078,75,success
train,9999937_00000_d_0000124.jpg,1916,1078,94,success
train,9999937_00000_d_0000125.jpg,1916,1078,105,success
train,9999937_00000_d_0000126.jpg,1916,1078,150,success
train,9999937_00000_d_0000127.jpg,1916,1078,179,success
train,9999937_00000_d_0000128.jpg,1916,1078,82,success
train,9999937_00000_d_0000129.jpg,1916,1078,83,success
train,9999937_00000_d_0000130.jpg,1916,1078,140,success
train,9999937_00000_d_0000131.jpg,1916,1078,100,success
train,9999937_00000_d_0000132.jpg,1916,1078,216,success
train,9999937_00000_d_0000133.jpg,1916,1078,106,success
train,9999937_00000_d_0000134.jpg,1916,1078,120,success
train,9999937_00000_d_0000135.jpg,1916,1078,43,success
train,9999937_00000_d_0000136.jpg,1916,1078,21,success
train,9999937_00000_d_0000137.jpg,1916,1078,13,success
train,9999937_00000_d_0000138.jpg,1916,1078,31,success
train,9999937_00000_d_0000139.jpg,1916,1078,24,success
train,9999937_00000_d_0000140.jpg,1916,1078,48,success
train,9999937_00000_d_0000141.jpg,1916,1078,74,success
train,9999937_00000_d_0000142.jpg,1916,1078,180,success
train,9999937_00000_d_0000143.jpg,1916,1078,189,success
train,9999937_00000_d_0000144.jpg,1916,1078,67,success
train,9999937_00000_d_0000145.jpg,1916,1078,161,success
train,9999937_00000_d_0000146.jpg,1916,1078,163,success
train,9999937_00000_d_0000147.jpg,1916,1078,62,success
train,9999937_00000_d_0000148.jpg,1916,1078,129,success
train,9999937_00000_d_0000149.jpg,1916,1078,30,success
train,9999937_00000_d_0000150.jpg,1916,1078,12,success
train,9999937_00000_d_0000151.jpg,1916,1078,16,success
train,9999937_00000_d_0000152.jpg,1916,1078,16,success
train,9999937_00000_d_0000153.jpg,1916,1078,19,success
train,9999937_00000_d_0000154.jpg,1916,1078,18,success
train,9999937_00000_d_0000155.jpg,1916,1078,68,success
train,9999937_00000_d_0000156.jpg,1916,1078,80,success
train,9999937_00000_d_0000157.jpg,1916,1078,87,success
train,9999937_00000_d_0000158.jpg,1916,1078,28,success
train,9999937_00000_d_0000159.jpg,1916,1078,56,success
train,9999937_00000_d_0000160.jpg,1916,1078,109,success
train,9999937_00000_d_0000161.jpg,1916,1078,28,success
train,9999937_00000_d_0000162.jpg,1916,1078,30,success
train,9999937_00000_d_0000163.jpg,1916,1078,78,success
train,9999937_00000_d_0000164.jpg,1916,1078,24,success
train,9999937_00000_d_0000165.jpg,1916,1078,18,success
train,9999937_00000_d_0000166.jpg,1916,1078,17,success
train,9999937_00000_d_0000167.jpg,1916,1078,35,success
train,9999937_00000_d_0000168.jpg,1916,1078,33,success
train,9999937_00000_d_0000169.jpg,1916,1078,21,success
train,9999937_00000_d_0000170.jpg,1916,1078,17,success
train,9999937_00000_d_0000171.jpg,1916,1078,29,success
train,9999937_00000_d_0000172.jpg,1916,1078,7,success
train,9999937_00000_d_0000173.jpg,1916,1078,13,success
train,9999937_00000_d_0000174.jpg,1916,1078,15,success
train,9999937_00000_d_0000175.jpg,1916,1078,12,success
train,9999937_00000_d_0000176.jpg,1916,1078,23,success
train,9999937_00000_d_0000177.jpg,1916,1078,78,success
train,9999937_00000_d_0000178.jpg,1916,1078,82,success
train,9999937_00000_d_0000179.jpg,1916,1078,108,success
train,9999937_00000_d_0000180.jpg,1916,1078,62,success
train,9999937_00000_d_0000181.jpg,1916,1078,97,success
train,9999937_00000_d_0000182.jpg,1916,1078,109,success
train,9999937_00000_d_0000183.jpg,1916,1078,12,success
train,9999937_00000_d_0000184.jpg,1916,1078,43,success
train,9999937_00000_d_0000185.jpg,1916,1078,32,success
train,9999937_00000_d_0000186.jpg,1916,1078,42,success
train,9999937_00000_d_0000187.jpg,1916,1078,55,success
train,9999937_00000_d_0000188.jpg,1916,1078,38,success
train,9999937_00000_d_0000189.jpg,1916,1078,214,success
train,9999937_00000_d_0000190.jpg,1916,1078,178,success
train,9999937_00000_d_0000191.jpg,1916,1078,119,success
train,9999937_00000_d_0000192.jpg,1916,1078,163,success
train,9999937_00000_d_0000193.jpg,1916,1078,10,success
train,9999937_00000_d_0000194.jpg,1916,1078,14,success
train,9999937_00000_d_0000195.jpg,1916,1078,73,success
train,9999937_00000_d_0000196.jpg,1916,1078,60,success
train,9999937_00000_d_0000197.jpg,1916,1078,31,success
train,9999937_00000_d_0000198.jpg,1916,1078,72,success
train,9999937_00000_d_0000199.jpg,1916,1078,69,success
train,9999937_00000_d_0000200.jpg,1916,1078,15,success
train,9999937_00000_d_0000201.jpg,1916,1078,54,success
train,9999937_00000_d_0000202.jpg,1916,1078,84,success
train,9999937_00000_d_0000203.jpg,1916,1078,17,success
train,9999937_00000_d_0000204.jpg,1916,1078,25,success
train,9999937_00000_d_0000205.jpg,1916,1078,149,success
train,9999937_00000_d_0000206.jpg,1916,1078,36,success
train,9999937_00000_d_0000207.jpg,1916,1078,106,success
train,9999937_00000_d_0000208.jpg,1916,1078,64,success
train,9999937_00000_d_0000209.jpg,1916,1078,26,success
train,9999937_00000_d_0000210.jpg,1916,1078,17,success
train,9999937_00000_d_0000211.jpg,1916,1078,101,success
train,9999937_00000_d_0000212.jpg,1916,1078,122,success
train,9999937_00000_d_0000213.jpg,1916,1078,86,success
train,9999937_00000_d_0000214.jpg,1916,1078,151,success
train,9999937_00000_d_0000215.jpg,1916,1078,64,success
train,9999937_00000_d_0000216.jpg,1916,1078,131,success
train,9999937_00000_d_0000217.jpg,1916,1078,91,success
train,9999937_00000_d_0000218.jpg,1916,1078,78,success
train,9999937_00000_d_0000219.jpg,1916,1078,59,success
train,9999937_00000_d_0000220.jpg,1916,1078,16,success
train,9999937_00000_d_0000221.jpg,1916,1078,60,success
train,9999937_00000_d_0000222.jpg,1916,1078,84,success
train,9999937_00000_d_0000223.jpg,1916,1078,22,success
train,9999937_00000_d_0000224.jpg,1916,1078,97,success
train,9999937_00000_d_0000225.jpg,1916,1078,62,success
train,9999937_00000_d_0000226.jpg,1916,1078,38,success
train,9999937_00000_d_0000227.jpg,1916,1078,23,success
train,9999937_00000_d_0000228.jpg,1916,1078,107,success
train,9999940_00000_d_0000001.jpg,1400,788,68,success
train,9999940_00000_d_0000002.jpg,1400,788,88,success
train,9999940_00000_d_0000003.jpg,1400,788,83,success
train,9999940_00000_d_0000004.jpg,1400,788,93,success
train,9999940_00000_d_0000005.jpg,1400,788,106,success
train,9999940_00000_d_0000006.jpg,1400,788,37,success
train,9999940_00000_d_0000007.jpg,1400,788,49,success
train,9999940_00000_d_0000008.jpg,1400,788,56,success
train,9999940_00000_d_0000009.jpg,1400,788,123,success
train,9999940_00000_d_0000010.jpg,1400,788,77,success
train,9999940_00000_d_0000011.jpg,1400,788,42,success
train,9999940_00000_d_0000012.jpg,1400,788,52,success
train,9999940_00000_d_0000013.jpg,1400,788,48,success
train,9999940_00000_d_0000014.jpg,1400,788,39,success
train,9999940_00000_d_0000015.jpg,1400,788,28,success
train,9999940_00000_d_0000016.jpg,1400,788,53,success
train,9999940_00000_d_0000017.jpg,1400,788,18,success
train,9999940_00000_d_0000018.jpg,1400,788,8,success
train,9999940_00000_d_0000019.jpg,1400,788,20,success
train,9999940_00000_d_0000020.jpg,1400,788,51,success
train,9999940_00000_d_0000021.jpg,1400,788,29,success
train,9999940_00000_d_0000022.jpg,1400,788,53,success
train,9999940_00000_d_0000023.jpg,1400,788,24,success
train,9999940_00000_d_0000024.jpg,1400,788,19,success
train,9999940_00000_d_0000025.jpg,1400,788,39,success
train,9999940_00000_d_0000026.jpg,1400,788,50,success
train,9999940_00000_d_0000027.jpg,1400,788,19,success
train,9999940_00000_d_0000028.jpg,1400,788,103,success
train,9999940_00000_d_0000029.jpg,1400,788,47,success
train,9999940_00000_d_0000030.jpg,1400,788,37,success
train,9999940_00000_d_0000031.jpg,1400,788,56,success
train,9999940_00000_d_0000032.jpg,1400,788,61,success
train,9999940_00000_d_0000033.jpg,1400,788,27,success
train,9999940_00000_d_0000034.jpg,1400,788,58,success
train,9999940_00000_d_0000035.jpg,1400,788,47,success
train,9999940_00000_d_0000036.jpg,1400,788,32,success
train,9999940_00000_d_0000037.jpg,1400,788,32,success
train,9999940_00000_d_0000038.jpg,1400,788,31,success
train,9999940_00000_d_0000039.jpg,1400,788,47,success
train,9999940_00000_d_0000040.jpg,1400,788,32,success
train,9999940_00000_d_0000041.jpg,1400,788,94,success
train,9999940_00000_d_0000042.jpg,1400,788,114,success
train,9999940_00000_d_0000043.jpg,1400,788,111,success
train,9999940_00000_d_0000044.jpg,1400,788,106,success
train,9999940_00000_d_0000045.jpg,1400,788,39,success
train,9999940_00000_d_0000046.jpg,1400,788,62,success
train,9999940_00000_d_0000047.jpg,1400,788,104,success
train,9999940_00000_d_0000048.jpg,1400,788,27,success
train,9999940_00000_d_0000049.jpg,1400,788,70,success
train,9999940_00000_d_0000050.jpg,1400,788,28,success
train,9999940_00000_d_0000051.jpg,1400,788,44,success
train,9999940_00000_d_0000052.jpg,1400,788,59,success
train,9999940_00000_d_0000053.jpg,1400,788,97,success
train,9999940_00000_d_0000054.jpg,1400,788,71,success
train,9999940_00000_d_0000055.jpg,1400,788,190,success
train,9999940_00000_d_0000056.jpg,1400,788,160,success
train,9999940_00000_d_0000057.jpg,1400,788,107,success
train,9999940_00000_d_0000058.jpg,1400,788,152,success
train,9999940_00000_d_0000059.jpg,1400,788,84,success
train,9999940_00000_d_0000060.jpg,1400,788,51,success
train,9999940_00000_d_0000061.jpg,1400,788,73,success
train,9999940_00000_d_0000062.jpg,1400,788,100,success
train,9999940_00000_d_0000063.jpg,1400,788,15,success
train,9999940_00000_d_0000064.jpg,1400,788,20,success
train,9999940_00000_d_0000065.jpg,1400,788,97,success
train,9999940_00000_d_0000066.jpg,1400,788,17,success
train,9999940_00000_d_0000067.jpg,1400,788,30,success
train,9999940_00000_d_0000068.jpg,1400,788,58,success
train,9999940_00000_d_0000069.jpg,1400,788,51,success
train,9999940_00000_d_0000070.jpg,1400,788,15,success
train,9999940_00000_d_0000071.jpg,1400,788,36,success
train,9999940_00000_d_0000072.jpg,1400,788,22,success
train,9999940_00000_d_0000073.jpg,1400,788,33,success
train,9999940_00000_d_0000074.jpg,1400,788,48,success
train,9999940_00000_d_0000075.jpg,1400,788,46,success
train,9999940_00000_d_0000076.jpg,1400,788,60,success
train,9999940_00000_d_0000077.jpg,1400,788,29,success
train,9999940_00000_d_0000078.jpg,1400,788,30,success
train,9999940_00000_d_0000079.jpg,1400,788,22,success
train,9999940_00000_d_0000080.jpg,1400,788,26,success
train,9999940_00000_d_0000081.jpg,1400,788,29,success
train,9999940_00000_d_0000082.jpg,1400,788,103,success
train,9999940_00000_d_0000083.jpg,1400,788,11,success
train,9999940_00000_d_0000084.jpg,1400,788,23,success
train,9999940_00000_d_0000085.jpg,1400,788,41,success
train,9999940_00000_d_0000086.jpg,1400,788,91,success
train,9999940_00000_d_0000087.jpg,1400,788,68,success
train,9999940_00000_d_0000088.jpg,1400,788,68,success
train,9999940_00000_d_0000089.jpg,1400,788,75,success
train,9999940_00000_d_0000090.jpg,1400,788,82,success
train,9999940_00000_d_0000091.jpg,1400,788,35,success
train,9999940_00000_d_0000092.jpg,1400,788,42,success
train,9999940_00000_d_0000093.jpg,1400,788,23,success
train,9999940_00000_d_0000094.jpg,1400,788,15,success
train,9999940_00000_d_0000095.jpg,1400,788,38,success
train,9999940_00000_d_0000096.jpg,1400,788,77,success
train,9999940_00000_d_0000097.jpg,1400,788,30,success
train,9999940_00000_d_0000098.jpg,1400,788,21,success
train,9999940_00000_d_0000099.jpg,1400,788,21,success
train,9999940_00000_d_0000100.jpg,1400,788,8,success
train,9999940_00000_d_0000101.jpg,1400,788,6,success
train,9999942_00000_d_0000001.jpg,1400,1050,50,success
train,9999942_00000_d_0000002.jpg,1400,1050,69,success
train,9999942_00000_d_0000003.jpg,1400,1050,43,success
train,9999942_00000_d_0000004.jpg,1400,1050,37,success
train,9999942_00000_d_0000005.jpg,1400,1050,55,success
train,9999942_00000_d_0000006.jpg,1400,1050,38,success
train,9999942_00000_d_0000007.jpg,1400,1050,53,success
train,9999942_00000_d_0000008.jpg,1400,1050,54,success
train,9999942_00000_d_0000009.jpg,1400,1050,61,success
train,9999942_00000_d_0000010.jpg,1400,1050,20,success
train,9999942_00000_d_0000011.jpg,1400,1050,44,success
train,9999942_00000_d_0000012.jpg,1400,1050,54,success
train,9999942_00000_d_0000013.jpg,1400,1050,40,success
train,9999942_00000_d_0000014.jpg,1400,1050,16,success
train,9999942_00000_d_0000015.jpg,1400,1050,24,success
train,9999942_00000_d_0000016.jpg,1400,1050,35,success
train,9999942_00000_d_0000017.jpg,1400,1050,52,success
train,9999942_00000_d_0000018.jpg,1400,1050,27,success
train,9999942_00000_d_0000019.jpg,1400,1050,37,success
train,9999942_00000_d_0000020.jpg,1400,1050,34,success
train,9999942_00000_d_0000021.jpg,1400,1050,16,success
train,9999942_00000_d_0000022.jpg,1400,1050,21,success
train,9999942_00000_d_0000023.jpg,1400,1050,22,success
train,9999942_00000_d_0000024.jpg,1400,1050,19,success
train,9999942_00000_d_0000025.jpg,1400,1050,22,success
train,9999942_00000_d_0000026.jpg,1400,1050,27,success
train,9999942_00000_d_0000027.jpg,1400,1050,28,success
train,9999942_00000_d_0000028.jpg,1400,1050,24,success
train,9999942_00000_d_0000029.jpg,1400,1050,27,success
train,9999942_00000_d_0000030.jpg,1400,1050,27,success
train,9999942_00000_d_0000031.jpg,1400,1050,33,success
train,9999942_00000_d_0000032.jpg,1400,1050,34,success
train,9999942_00000_d_0000033.jpg,1400,1050,37,success
train,9999942_00000_d_0000034.jpg,1400,1050,35,success
train,9999942_00000_d_0000035.jpg,1400,1050,29,success
train,9999942_00000_d_0000036.jpg,1400,1050,32,success
train,9999942_00000_d_0000037.jpg,1400,1050,34,success
train,9999942_00000_d_0000038.jpg,1400,1050,25,success
train,9999942_00000_d_0000039.jpg,1400,1050,31,success
train,9999942_00000_d_0000040.jpg,1400,1050,32,success
train,9999942_00000_d_0000041.jpg,1400,1050,50,success
train,9999942_00000_d_0000042.jpg,1400,1050,63,success
train,9999942_00000_d_0000043.jpg,1400,1050,44,success
train,9999942_00000_d_0000044.jpg,1400,1050,32,success
train,9999942_00000_d_0000045.jpg,1400,1050,40,success
train,9999942_00000_d_0000046.jpg,1400,1050,42,success
train,9999942_00000_d_0000047.jpg,1400,1050,52,success
train,9999942_00000_d_0000048.jpg,1400,1050,15,success
train,9999942_00000_d_0000049.jpg,1400,1050,51,success
train,9999942_00000_d_0000050.jpg,1400,1050,54,success
train,9999942_00000_d_0000051.jpg,1400,1050,41,success
train,9999942_00000_d_0000052.jpg,1400,1050,47,success
train,9999942_00000_d_0000053.jpg,1400,1050,41,success
train,9999942_00000_d_0000054.jpg,1400,1050,17,success
train,9999942_00000_d_0000055.jpg,1400,1050,19,success
train,9999942_00000_d_0000056.jpg,1400,1050,3,success
train,9999942_00000_d_0000057.jpg,1400,1050,11,success
train,9999942_00000_d_0000058.jpg,1400,1050,23,success
train,9999942_00000_d_0000059.jpg,1400,1050,37,success
train,9999942_00000_d_0000060.jpg,1400,1050,62,success
train,9999942_00000_d_0000061.jpg,1400,1050,83,success
train,9999942_00000_d_0000062.jpg,1400,1050,72,success
train,9999942_00000_d_0000063.jpg,1400,1050,59,success
train,9999942_00000_d_0000064.jpg,1400,1050,74,success
train,9999942_00000_d_0000065.jpg,1400,1050,77,success
train,9999942_00000_d_0000066.jpg,1400,1050,89,success
train,9999942_00000_d_0000067.jpg,1400,1050,119,success
train,9999942_00000_d_0000068.jpg,1400,1050,89,success
train,9999942_00000_d_0000069.jpg,1400,1050,116,success
train,9999942_00000_d_0000070.jpg,1400,1050,36,success
train,9999942_00000_d_0000071.jpg,1400,1050,35,success
train,9999942_00000_d_0000072.jpg,1400,1050,48,success
train,9999942_00000_d_0000073.jpg,1400,1050,26,success
train,9999942_00000_d_0000074.jpg,1400,1050,33,success
train,9999942_00000_d_0000075.jpg,1400,1050,41,success
train,9999942_00000_d_0000076.jpg,1400,1050,38,success
train,9999942_00000_d_0000077.jpg,1400,1050,75,success
train,9999942_00000_d_0000078.jpg,1400,1050,58,success
train,9999942_00000_d_0000079.jpg,1400,1050,51,success
train,9999942_00000_d_0000080.jpg,1400,1050,53,success
train,9999942_00000_d_0000081.jpg,1400,1050,46,success
train,9999942_00000_d_0000082.jpg,1400,1050,33,success
train,9999942_00000_d_0000083.jpg,1400,1050,31,success
train,9999942_00000_d_0000084.jpg,1400,1050,27,success
train,9999942_00000_d_0000085.jpg,1400,1050,20,success
train,9999942_00000_d_0000086.jpg,1400,1050,26,success
train,9999942_00000_d_0000087.jpg,1400,1050,38,success
train,9999942_00000_d_0000088.jpg,1400,1050,41,success
train,9999942_00000_d_0000089.jpg,1400,1050,38,success
train,9999942_00000_d_0000090.jpg,1400,1050,44,success
train,9999942_00000_d_0000091.jpg,1400,1050,29,success
train,9999942_00000_d_0000092.jpg,1400,1050,20,success
train,9999942_00000_d_0000093.jpg,1400,1050,12,success
train,9999942_00000_d_0000094.jpg,1400,1050,20,success
train,9999942_00000_d_0000095.jpg,1400,1050,22,success
train,9999942_00000_d_0000096.jpg,1400,1050,30,success
train,9999942_00000_d_0000097.jpg,1400,1050,24,success
train,9999942_00000_d_0000098.jpg,1400,1050,16,success
train,9999942_00000_d_0000099.jpg,1400,1050,27,success
train,9999942_00000_d_0000100.jpg,1400,1050,18,success
train,9999942_00000_d_0000101.jpg,1400,1050,20,success
train,9999942_00000_d_0000102.jpg,1400,1050,16,success
train,9999942_00000_d_0000103.jpg,1400,1050,13,success
train,9999942_00000_d_0000104.jpg,1400,1050,29,success
train,9999942_00000_d_0000105.jpg,1400,1050,25,success
train,9999942_00000_d_0000106.jpg,1400,1050,22,success
train,9999942_00000_d_0000107.jpg,1400,1050,20,success
train,9999942_00000_d_0000108.jpg,1400,1050,26,success
train,9999942_00000_d_0000109.jpg,1400,1050,26,success
train,9999942_00000_d_0000110.jpg,1400,1050,43,success
train,9999942_00000_d_0000111.jpg,1400,1050,28,success
train,9999942_00000_d_0000112.jpg,1400,1050,28,success
train,9999942_00000_d_0000113.jpg,1400,1050,37,success
train,9999942_00000_d_0000114.jpg,1400,1050,26,success
train,9999942_00000_d_0000115.jpg,1400,1050,42,success
train,9999942_00000_d_0000116.jpg,1400,1050,63,success
train,9999942_00000_d_0000117.jpg,1400,1050,31,success
train,9999942_00000_d_0000118.jpg,1400,1050,29,success
train,9999942_00000_d_0000119.jpg,1400,1050,33,success
train,9999942_00000_d_0000120.jpg,1400,1050,44,success
train,9999942_00000_d_0000121.jpg,1400,1050,47,success
train,9999942_00000_d_0000122.jpg,1400,1050,34,success
train,9999942_00000_d_0000123.jpg,1400,1050,29,success
train,9999942_00000_d_0000124.jpg,1400,1050,32,success
train,9999942_00000_d_0000125.jpg,1400,1050,31,success
train,9999942_00000_d_0000126.jpg,1400,1050,32,success
train,9999942_00000_d_0000127.jpg,1400,1050,29,success
train,9999942_00000_d_0000128.jpg,1400,1050,25,success
train,9999942_00000_d_0000129.jpg,1400,1050,36,success
train,9999942_00000_d_0000130.jpg,1400,1050,19,success
train,9999942_00000_d_0000131.jpg,1400,1050,31,success
train,9999942_00000_d_0000132.jpg,1400,1050,25,success
train,9999942_00000_d_0000133.jpg,1400,1050,40,success
train,9999942_00000_d_0000134.jpg,1400,1050,56,success
train,9999942_00000_d_0000135.jpg,1400,1050,50,success
train,9999942_00000_d_0000136.jpg,1400,1050,73,success
train,9999942_00000_d_0000137.jpg,1400,1050,100,success
train,9999942_00000_d_0000138.jpg,1400,1050,113,success
train,9999942_00000_d_0000139.jpg,1400,1050,137,success
train,9999942_00000_d_0000140.jpg,1400,1050,166,success
train,9999942_00000_d_0000141.jpg,1400,1050,118,success
train,9999942_00000_d_0000142.jpg,1400,1050,102,success
train,9999942_00000_d_0000143.jpg,1400,1050,87,success
train,9999942_00000_d_0000144.jpg,1400,1050,78,success
train,9999942_00000_d_0000145.jpg,1400,1050,77,success
train,9999942_00000_d_0000146.jpg,1400,1050,69,success
train,9999942_00000_d_0000147.jpg,1400,1050,60,success
train,9999942_00000_d_0000148.jpg,1400,1050,62,success
train,9999942_00000_d_0000149.jpg,1400,1050,64,success
train,9999942_00000_d_0000150.jpg,1400,1050,34,success
train,9999942_00000_d_0000151.jpg,1400,1050,50,success
train,9999942_00000_d_0000152.jpg,1400,1050,56,success
train,9999942_00000_d_0000153.jpg,1400,1050,69,success
train,9999942_00000_d_0000154.jpg,1400,1050,61,success
train,9999942_00000_d_0000155.jpg,1400,1050,54,success
train,9999942_00000_d_0000156.jpg,1400,1050,41,success
train,9999942_00000_d_0000157.jpg,1400,1050,56,success
train,9999942_00000_d_0000158.jpg,1400,1050,36,success
train,9999942_00000_d_0000159.jpg,1400,1050,19,success
train,9999942_00000_d_0000160.jpg,1400,1050,24,success
train,9999942_00000_d_0000161.jpg,1400,1050,26,success
train,9999942_00000_d_0000162.jpg,1400,1050,40,success
train,9999942_00000_d_0000163.jpg,1400,1050,34,success
train,9999942_00000_d_0000164.jpg,1400,1050,18,success
train,9999942_00000_d_0000165.jpg,1400,1050,34,success
train,9999942_00000_d_0000166.jpg,1400,1050,39,success
train,9999942_00000_d_0000167.jpg,1400,1050,73,success
train,9999942_00000_d_0000168.jpg,1400,1050,73,success
train,9999942_00000_d_0000169.jpg,1400,1050,82,success
train,9999942_00000_d_0000170.jpg,1400,1050,56,success
train,9999942_00000_d_0000171.jpg,1400,1050,38,success
train,9999942_00000_d_0000172.jpg,1400,1050,26,success
train,9999942_00000_d_0000173.jpg,1400,1050,51,success
train,9999942_00000_d_0000174.jpg,1400,1050,76,success
train,9999942_00000_d_0000175.jpg,1400,1050,14,success
train,9999942_00000_d_0000176.jpg,1400,1050,83,success
train,9999942_00000_d_0000177.jpg,1400,1050,52,success
train,9999942_00000_d_0000178.jpg,1400,1050,34,success
train,9999942_00000_d_0000179.jpg,1400,1050,36,success
train,9999942_00000_d_0000180.jpg,1400,1050,16,success
train,9999942_00000_d_0000181.jpg,1400,1050,24,success
train,9999942_00000_d_0000182.jpg,1400,1050,50,success
train,9999942_00000_d_0000183.jpg,1400,1050,81,success
train,9999942_00000_d_0000184.jpg,1400,1050,85,success
train,9999942_00000_d_0000185.jpg,1400,1050,56,success
train,9999942_00000_d_0000186.jpg,1400,1050,69,success
train,9999942_00000_d_0000187.jpg,1400,1050,95,success
train,9999942_00000_d_0000188.jpg,1400,1050,38,success
train,9999942_00000_d_0000189.jpg,1400,1050,38,success
train,9999942_00000_d_0000190.jpg,1400,1050,36,success
train,9999942_00000_d_0000191.jpg,1400,1050,35,success
train,9999942_00000_d_0000192.jpg,1400,1050,47,success
train,9999942_00000_d_0000193.jpg,1400,1050,35,success
train,9999942_00000_d_0000194.jpg,1400,1050,35,success
train,9999942_00000_d_0000195.jpg,1400,1050,45,success
train,9999942_00000_d_0000196.jpg,1400,1050,46,success
train,9999942_00000_d_0000197.jpg,1400,1050,41,success
train,9999942_00000_d_0000198.jpg,1400,1050,35,success
train,9999942_00000_d_0000199.jpg,1400,1050,48,success
train,9999942_00000_d_0000200.jpg,1400,1050,50,success
train,9999942_00000_d_0000201.jpg,1400,1050,55,success
train,9999942_00000_d_0000202.jpg,1400,1050,41,success
train,9999942_00000_d_0000203.jpg,1400,1050,57,success
train,9999942_00000_d_0000204.jpg,1400,1050,65,success
train,9999942_00000_d_0000205.jpg,1400,1050,68,success
train,9999942_00000_d_0000206.jpg,1400,1050,39,success
train,9999942_00000_d_0000207.jpg,1400,1050,36,success
train,9999942_00000_d_0000208.jpg,1400,1050,31,success
train,9999942_00000_d_0000209.jpg,1400,1050,30,success
train,9999942_00000_d_0000210.jpg,1400,1050,31,success
train,9999942_00000_d_0000211.jpg,1400,1050,38,success
train,9999942_00000_d_0000212.jpg,1400,1050,56,success
train,9999942_00000_d_0000213.jpg,1400,1050,49,success
train,9999942_00000_d_0000214.jpg,1400,1050,41,success
train,9999942_00000_d_0000215.jpg,1400,1050,37,success
train,9999942_00000_d_0000216.jpg,1400,1050,39,success
train,9999942_00000_d_0000217.jpg,1400,1050,29,success
train,9999942_00000_d_0000218.jpg,1400,1050,29,success
train,9999942_00000_d_0000219.jpg,1400,1050,29,success
train,9999942_00000_d_0000220.jpg,1400,1050,35,success
train,9999942_00000_d_0000221.jpg,1400,1050,39,success
train,9999942_00000_d_0000222.jpg,1400,1050,45,success
train,9999942_00000_d_0000223.jpg,1400,1050,42,success
train,9999942_00000_d_0000224.jpg,1400,1050,34,success
train,9999942_00000_d_0000225.jpg,1400,1050,28,success
train,9999942_00000_d_0000226.jpg,1400,1050,33,success
train,9999942_00000_d_0000227.jpg,1400,1050,37,success
train,9999942_00000_d_0000228.jpg,1400,1050,33,success
train,9999942_00000_d_0000229.jpg,1400,1050,34,success
train,9999942_00000_d_0000230.jpg,1400,1050,36,success
train,9999942_00000_d_0000231.jpg,1400,1050,36,success
train,9999942_00000_d_0000232.jpg,1400,1050,19,success
train,9999942_00000_d_0000233.jpg,1400,1050,26,success
train,9999942_00000_d_0000234.jpg,1400,1050,28,success
train,9999942_00000_d_0000235.jpg,1400,1050,28,success
train,9999942_00000_d_0000236.jpg,1400,1050,33,success
train,9999942_00000_d_0000237.jpg,1400,1050,32,success
train,9999942_00000_d_0000238.jpg,1400,1050,39,success
train,9999942_00000_d_0000239.jpg,1400,1050,36,success
train,9999942_00000_d_0000240.jpg,1400,1050,45,success
train,9999942_00000_d_0000241.jpg,1400,1050,48,success
train,9999942_00000_d_0000242.jpg,1400,1050,30,success
train,9999942_00000_d_0000243.jpg,1400,1050,45,success
train,9999942_00000_d_0000244.jpg,1400,1050,28,success
train,9999942_00000_d_0000245.jpg,1400,1050,31,success
train,9999942_00000_d_0000246.jpg,1400,1050,30,success
train,9999942_00000_d_0000247.jpg,1400,1050,34,success
train,9999942_00000_d_0000248.jpg,1400,1050,35,success
train,9999942_00000_d_0000249.jpg,1400,1050,33,success
train,9999942_00000_d_0000250.jpg,1400,1050,29,success
train,9999942_00000_d_0000251.jpg,1400,1050,47,success
train,9999942_00000_d_0000252.jpg,1400,1050,55,success
train,9999942_00000_d_0000253.jpg,1400,1050,49,success
train,9999942_00000_d_0000254.jpg,1400,1050,55,success
train,9999942_00000_d_0000255.jpg,1400,1050,40,success
train,9999942_00000_d_0000256.jpg,1400,1050,34,success
train,9999942_00000_d_0000257.jpg,1400,1050,30,success
train,9999942_00000_d_0000258.jpg,1400,1050,16,success
train,9999942_00000_d_0000259.jpg,1400,1050,12,success
train,9999942_00000_d_0000260.jpg,1400,1050,13,success
train,9999942_00000_d_0000261.jpg,1400,1050,13,success
train,9999942_00000_d_0000262.jpg,1400,1050,15,success
train,9999942_00000_d_0000263.jpg,1400,1050,22,success
train,9999942_00000_d_0000264.jpg,1400,1050,29,success
train,9999942_00000_d_0000265.jpg,1400,1050,27,success
train,9999942_00000_d_0000266.jpg,1400,1050,21,success
train,9999942_00000_d_0000267.jpg,1400,1050,12,success
train,9999942_00000_d_0000268.jpg,1400,1050,19,success
train,9999942_00000_d_0000269.jpg,1400,1050,16,success
train,9999942_00000_d_0000270.jpg,1400,1050,11,success
train,9999943_00000_d_0000001.jpg,1400,1050,22,success
train,9999943_00000_d_0000002.jpg,1400,1050,39,success
train,9999943_00000_d_0000003.jpg,1400,1050,73,success
train,9999943_00000_d_0000004.jpg,1400,1050,21,success
train,9999943_00000_d_0000005.jpg,1400,1050,21,success
train,9999943_00000_d_0000006.jpg,1400,1050,44,success
train,9999943_00000_d_0000007.jpg,1400,1050,21,success
train,9999943_00000_d_0000008.jpg,1400,1050,33,success
train,9999943_00000_d_0000009.jpg,1400,1050,82,success
train,9999943_00000_d_0000010.jpg,1400,1050,89,success
train,9999943_00000_d_0000011.jpg,1400,1050,53,success
train,9999943_00000_d_0000012.jpg,1400,1050,54,success
train,9999943_00000_d_0000013.jpg,1400,1050,88,success
train,9999943_00000_d_0000014.jpg,1400,1050,44,success
train,9999943_00000_d_0000015.jpg,1400,1050,37,success
train,9999943_00000_d_0000016.jpg,1400,1050,51,success
train,9999943_00000_d_0000017.jpg,1400,1050,53,success
train,9999943_00000_d_0000018.jpg,1400,1050,81,success
train,9999943_00000_d_0000019.jpg,1400,1050,94,success
train,9999943_00000_d_0000020.jpg,1400,1050,81,success
train,9999943_00000_d_0000021.jpg,1400,1050,63,success
train,9999943_00000_d_0000022.jpg,1400,1050,51,success
train,9999943_00000_d_0000023.jpg,1400,1050,52,success
train,9999943_00000_d_0000024.jpg,1400,1050,50,success
train,9999943_00000_d_0000025.jpg,1400,1050,61,success
train,9999943_00000_d_0000026.jpg,1400,1050,52,success
train,9999943_00000_d_0000027.jpg,1400,1050,78,success
train,9999943_00000_d_0000028.jpg,1400,1050,91,success
train,9999943_00000_d_0000029.jpg,1400,1050,57,success
train,9999943_00000_d_0000030.jpg,1400,1050,65,success
train,9999943_00000_d_0000031.jpg,1400,1050,62,success
train,9999943_00000_d_0000032.jpg,1400,1050,54,success
train,9999943_00000_d_0000033.jpg,1400,1050,45,success
train,9999943_00000_d_0000034.jpg,1400,1050,40,success
train,9999943_00000_d_0000035.jpg,1400,1050,26,success
train,9999943_00000_d_0000036.jpg,1400,1050,31,success
train,9999943_00000_d_0000037.jpg,1400,1050,41,success
train,9999943_00000_d_0000038.jpg,1400,1050,43,success
train,9999943_00000_d_0000039.jpg,1400,1050,43,success
train,9999943_00000_d_0000040.jpg,1400,1050,42,success
train,9999943_00000_d_0000041.jpg,1400,1050,27,success
train,9999943_00000_d_0000042.jpg,1400,1050,30,success
train,9999943_00000_d_0000043.jpg,1400,1050,77,success
train,9999943_00000_d_0000044.jpg,1400,1050,70,success
train,9999943_00000_d_0000045.jpg,1400,1050,53,success
train,9999943_00000_d_0000046.jpg,1400,1050,205,success
train,9999943_00000_d_0000047.jpg,1400,1050,197,success
train,9999943_00000_d_0000048.jpg,1400,1050,266,success
train,9999943_00000_d_0000049.jpg,1400,1050,351,success
train,9999943_00000_d_0000050.jpg,1400,1050,161,success
train,9999943_00000_d_0000051.jpg,1400,1050,88,success
train,9999943_00000_d_0000052.jpg,1400,1050,55,success
train,9999943_00000_d_0000053.jpg,1400,1050,78,success
train,9999943_00000_d_0000054.jpg,1400,1050,70,success
train,9999943_00000_d_0000055.jpg,1400,1050,54,success
train,9999943_00000_d_0000056.jpg,1400,1050,58,success
train,9999943_00000_d_0000057.jpg,1400,1050,49,success
train,9999943_00000_d_0000058.jpg,1400,1050,91,success
train,9999943_00000_d_0000059.jpg,1400,1050,65,success
train,9999943_00000_d_0000060.jpg,1400,1050,32,success
train,9999943_00000_d_0000061.jpg,1400,1050,22,success
train,9999943_00000_d_0000062.jpg,1400,1050,36,success
train,9999943_00000_d_0000063.jpg,1400,1050,55,success
train,9999943_00000_d_0000064.jpg,1400,1050,36,success
train,9999943_00000_d_0000065.jpg,1400,1050,26,success
train,9999943_00000_d_0000066.jpg,1400,1050,19,success
train,9999943_00000_d_0000067.jpg,1400,1050,70,success
train,9999943_00000_d_0000068.jpg,1400,1050,62,success
train,9999943_00000_d_0000069.jpg,1400,1050,82,success
train,9999943_00000_d_0000070.jpg,1400,1050,65,success
train,9999943_00000_d_0000071.jpg,1400,1050,66,success
train,9999943_00000_d_0000072.jpg,1400,1050,67,success
train,9999943_00000_d_0000073.jpg,1400,1050,59,success
train,9999943_00000_d_0000074.jpg,1400,1050,70,success
train,9999943_00000_d_0000075.jpg,1400,1050,73,success
train,9999943_00000_d_0000076.jpg,1400,1050,54,success
train,9999943_00000_d_0000077.jpg,1400,1050,34,success
train,9999943_00000_d_0000078.jpg,1400,1050,35,success
train,9999943_00000_d_0000079.jpg,1400,1050,42,success
train,9999943_00000_d_0000080.jpg,1400,1050,28,success
train,9999943_00000_d_0000081.jpg,1400,1050,34,success
train,9999943_00000_d_0000082.jpg,1400,1050,21,success
train,9999943_00000_d_0000083.jpg,1400,1050,26,success
train,9999943_00000_d_0000084.jpg,1400,1050,28,success
train,9999943_00000_d_0000085.jpg,1400,1050,28,success
train,9999943_00000_d_0000086.jpg,1400,1050,35,success
train,9999943_00000_d_0000087.jpg,1400,1050,35,success
train,9999943_00000_d_0000088.jpg,1400,1050,29,success
train,9999943_00000_d_0000089.jpg,1400,1050,28,success
train,9999943_00000_d_0000090.jpg,1400,1050,24,success
train,9999943_00000_d_0000091.jpg,1400,1050,28,success
train,9999943_00000_d_0000092.jpg,1400,1050,21,success
train,9999945_00000_d_0000001.jpg,1400,1050,20,success
train,9999945_00000_d_0000002.jpg,1400,1050,92,success
train,9999945_00000_d_0000003.jpg,1400,1050,74,success
train,9999945_00000_d_0000004.jpg,1400,1050,178,success
train,9999945_00000_d_0000005.jpg,1400,1050,48,success
train,9999945_00000_d_0000006.jpg,1400,1050,25,success
train,9999945_00000_d_0000007.jpg,1400,1050,22,success
train,9999945_00000_d_0000008.jpg,1400,1050,19,success
train,9999945_00000_d_0000009.jpg,1400,1050,12,success
train,9999945_00000_d_0000010.jpg,1400,1050,50,success
train,9999945_00000_d_0000011.jpg,1400,1050,28,success
train,9999945_00000_d_0000012.jpg,1400,1050,28,success
train,9999945_00000_d_0000013.jpg,1400,1050,123,success
train,9999945_00000_d_0000014.jpg,1400,1050,16,success
train,9999945_00000_d_0000015.jpg,1400,1050,8,success
train,9999945_00000_d_0000016.jpg,1400,1050,33,success
train,9999945_00000_d_0000017.jpg,1400,1050,17,success
train,9999945_00000_d_0000018.jpg,1400,1050,12,success
train,9999945_00000_d_0000019.jpg,1400,1050,14,success
train,9999945_00000_d_0000020.jpg,1400,1050,29,success
train,9999945_00000_d_0000021.jpg,1400,1050,16,success
train,9999945_00000_d_0000022.jpg,1400,1050,36,success
train,9999945_00000_d_0000023.jpg,1400,1050,78,success
train,9999945_00000_d_0000024.jpg,1400,1050,43,success
train,9999945_00000_d_0000025.jpg,1400,1050,13,success
train,9999945_00000_d_0000026.jpg,1400,1050,24,success
train,9999945_00000_d_0000027.jpg,1400,1050,4,success
train,9999945_00000_d_0000028.jpg,1400,1050,35,success
train,9999945_00000_d_0000029.jpg,1400,1050,7,success
train,9999945_00000_d_0000030.jpg,1400,1050,26,success
train,9999945_00000_d_0000031.jpg,1400,1050,14,success
train,9999945_00000_d_0000032.jpg,1400,1050,19,success
train,9999945_00000_d_0000033.jpg,1400,1050,49,success
train,9999945_00000_d_0000034.jpg,1400,1050,41,success
train,9999945_00000_d_0000035.jpg,1400,1050,30,success
train,9999945_00000_d_0000036.jpg,1400,1050,78,success
train,9999945_00000_d_0000037.jpg,1400,1050,66,success
train,9999945_00000_d_0000038.jpg,1400,1050,78,success
train,9999945_00000_d_0000039.jpg,1400,1050,48,success
train,9999945_00000_d_0000040.jpg,1400,1050,35,success
train,9999945_00000_d_0000041.jpg,1400,1050,104,success
train,9999945_00000_d_0000042.jpg,1400,1050,54,success
train,9999945_00000_d_0000043.jpg,1400,1050,51,success
train,9999945_00000_d_0000044.jpg,1400,1050,55,success
train,9999945_00000_d_0000045.jpg,1400,1050,67,success
train,9999945_00000_d_0000046.jpg,1400,1050,19,success
train,9999945_00000_d_0000047.jpg,1400,1050,8,success
train,9999945_00000_d_0000048.jpg,1400,1050,61,success
train,9999945_00000_d_0000049.jpg,1400,1050,22,success
train,9999945_00000_d_0000050.jpg,1400,1050,57,success
train,9999945_00000_d_0000051.jpg,1400,1050,38,success
train,9999945_00000_d_0000052.jpg,1400,1050,45,success
train,9999945_00000_d_0000053.jpg,1400,1050,44,success
train,9999945_00000_d_0000054.jpg,1400,1050,36,success
train,9999945_00000_d_0000055.jpg,1400,1050,23,success
train,9999945_00000_d_0000056.jpg,1400,1050,44,success
train,9999945_00000_d_0000057.jpg,1400,1050,49,success
train,9999945_00000_d_0000058.jpg,1400,1050,82,success
train,9999945_00000_d_0000059.jpg,1400,1050,63,success
train,9999945_00000_d_0000060.jpg,1400,1050,62,success
train,9999945_00000_d_0000061.jpg,1400,1050,85,success
train,9999945_00000_d_0000062.jpg,1400,1050,80,success
train,9999945_00000_d_0000063.jpg,1400,1050,34,success
train,9999945_00000_d_0000064.jpg,1400,1050,37,success
train,9999945_00000_d_0000065.jpg,1400,1050,92,success
train,9999945_00000_d_0000066.jpg,1400,1050,36,success
train,9999945_00000_d_0000067.jpg,1400,1050,67,success
train,9999945_00000_d_0000068.jpg,1400,1050,67,success
train,9999945_00000_d_0000069.jpg,1400,1050,57,success
train,9999945_00000_d_0000070.jpg,1400,1050,52,success
train,9999945_00000_d_0000071.jpg,1400,1050,11,success
train,9999945_00000_d_0000072.jpg,1400,1050,32,success
train,9999945_00000_d_0000073.jpg,1400,1050,36,success
train,9999945_00000_d_0000074.jpg,1400,1050,85,success
train,9999945_00000_d_0000075.jpg,1400,1050,74,success
train,9999945_00000_d_0000076.jpg,1400,1050,48,success
train,9999945_00000_d_0000077.jpg,1400,1050,87,success
train,9999945_00000_d_0000078.jpg,1400,1050,47,success
train,9999945_00000_d_0000079.jpg,1400,1050,43,success
train,9999945_00000_d_0000080.jpg,1400,1050,32,success
train,9999945_00000_d_0000081.jpg,1400,1050,52,success
train,9999945_00000_d_0000082.jpg,1400,1050,60,success
train,9999945_00000_d_0000083.jpg,1400,1050,72,success
train,9999945_00000_d_0000084.jpg,1400,1050,43,success
train,9999945_00000_d_0000085.jpg,1400,1050,28,success
train,9999945_00000_d_0000086.jpg,1400,1050,24,success
train,9999945_00000_d_0000087.jpg,1400,1050,32,success
train,9999945_00000_d_0000088.jpg,1400,1050,30,success
train,9999945_00000_d_0000089.jpg,1400,1050,11,success
train,9999945_00000_d_0000090.jpg,1400,1050,60,success
train,9999945_00000_d_0000091.jpg,1400,1050,51,success
train,9999945_00000_d_0000092.jpg,1400,1050,68,success
train,9999945_00000_d_0000093.jpg,1400,1050,77,success
train,9999945_00000_d_0000094.jpg,1400,1050,83,success
train,9999945_00000_d_0000095.jpg,1400,1050,13,success
train,9999945_00000_d_0000096.jpg,1400,1050,61,success
train,9999945_00000_d_0000097.jpg,1400,1050,92,success
train,9999945_00000_d_0000098.jpg,1400,1050,1,success
train,9999945_00000_d_0000099.jpg,1400,1050,40,success
train,9999945_00000_d_0000100.jpg,1400,1050,46,success
train,9999945_00000_d_0000101.jpg,1400,1050,52,success
train,9999945_00000_d_0000102.jpg,1400,1050,32,success
train,9999945_00000_d_0000103.jpg,1400,1050,79,success
train,9999945_00000_d_0000104.jpg,1400,1050,142,success
train,9999945_00000_d_0000105.jpg,1400,1050,151,success
train,9999945_00000_d_0000106.jpg,1400,1050,127,success
train,9999945_00000_d_0000107.jpg,1400,1050,26,success
train,9999945_00000_d_0000108.jpg,1400,1050,15,success
train,9999945_00000_d_0000109.jpg,1400,1050,111,success
train,9999945_00000_d_0000110.jpg,1400,1050,97,success
train,9999945_00000_d_0000111.jpg,1400,1050,70,success
train,9999945_00000_d_0000112.jpg,1400,1050,86,success
train,9999945_00000_d_0000113.jpg,1400,1050,84,success
train,9999945_00000_d_0000114.jpg,1400,1050,94,success
train,9999945_00000_d_0000115.jpg,1400,1050,50,success
train,9999945_00000_d_0000116.jpg,1400,1050,171,success
train,9999945_00000_d_0000117.jpg,1400,1050,63,success
train,9999945_00000_d_0000118.jpg,1400,1050,154,success
train,9999945_00000_d_0000119.jpg,1400,1050,255,success
train,9999945_00000_d_0000120.jpg,1400,1050,176,success
train,9999945_00000_d_0000121.jpg,1400,1050,158,success
train,9999945_00000_d_0000122.jpg,1400,1050,165,success
train,9999945_00000_d_0000123.jpg,1400,1050,148,success
train,9999945_00000_d_0000124.jpg,1400,1050,166,success
train,9999945_00000_d_0000125.jpg,1400,1050,80,success
train,9999945_00000_d_0000126.jpg,1400,1050,82,success
train,9999945_00000_d_0000127.jpg,1400,1050,91,success
train,9999945_00000_d_0000128.jpg,1400,1050,69,success
train,9999945_00000_d_0000129.jpg,1400,1050,75,success
train,9999945_00000_d_0000130.jpg,1400,1050,64,success
train,9999945_00000_d_0000131.jpg,1400,1050,59,success
train,9999945_00000_d_0000132.jpg,1400,1050,213,success
train,9999945_00000_d_0000133.jpg,1400,1050,170,success
train,9999945_00000_d_0000134.jpg,1400,1050,31,success
train,9999945_00000_d_0000135.jpg,1400,1050,104,success
train,9999945_00000_d_0000136.jpg,1400,1050,236,success
train,9999945_00000_d_0000137.jpg,1400,1050,74,success
train,9999945_00000_d_0000138.jpg,1400,1050,15,success
train,9999945_00000_d_0000139.jpg,1400,1050,54,success
train,9999945_00000_d_0000140.jpg,1400,1050,39,success
train,9999945_00000_d_0000141.jpg,1400,1050,50,success
train,9999945_00000_d_0000142.jpg,1400,1050,79,success
train,9999945_00000_d_0000143.jpg,1400,1050,32,success
train,9999945_00000_d_0000144.jpg,1400,1050,17,success
train,9999945_00000_d_0000145.jpg,1400,1050,19,success
train,9999945_00000_d_0000146.jpg,1400,1050,48,success
train,9999945_00000_d_0000147.jpg,1400,1050,44,success
train,9999945_00000_d_0000148.jpg,1400,1050,37,success
train,9999945_00000_d_0000149.jpg,1400,1050,50,success
train,9999945_00000_d_0000150.jpg,1400,1050,91,success
train,9999945_00000_d_0000151.jpg,1400,1050,21,success
train,9999945_00000_d_0000152.jpg,1400,1050,28,success
train,9999945_00000_d_0000153.jpg,1400,1050,24,success
train,9999945_00000_d_0000154.jpg,1400,1050,16,success
train,9999945_00000_d_0000155.jpg,1400,1050,21,success
train,9999945_00000_d_0000156.jpg,1400,1050,24,success
train,9999945_00000_d_0000157.jpg,1400,1050,46,success
train,9999945_00000_d_0000158.jpg,1400,1050,35,success
train,9999945_00000_d_0000159.jpg,1400,1050,8,success
train,9999945_00000_d_0000160.jpg,1400,1050,31,success
train,9999945_00000_d_0000161.jpg,1400,1050,35,success
train,9999945_00000_d_0000162.jpg,1400,1050,23,success
train,9999945_00000_d_0000163.jpg,1400,1050,9,success
train,9999945_00000_d_0000164.jpg,1400,1050,59,success
train,9999945_00000_d_0000165.jpg,1400,1050,12,success
train,9999945_00000_d_0000166.jpg,1400,1050,18,success
train,9999945_00000_d_0000167.jpg,1400,1050,17,success
train,9999945_00000_d_0000168.jpg,1400,1050,16,success
train,9999945_00000_d_0000169.jpg,1400,1050,9,success
train,9999945_00000_d_0000170.jpg,1400,1050,51,success
train,9999945_00000_d_0000171.jpg,1400,1050,48,success
train,9999945_00000_d_0000172.jpg,1400,1050,39,success
train,9999945_00000_d_0000173.jpg,1400,1050,24,success
train,9999945_00000_d_0000174.jpg,1400,1050,52,success
train,9999945_00000_d_0000175.jpg,1400,1050,16,success
train,9999945_00000_d_0000176.jpg,1400,1050,24,success
train,9999945_00000_d_0000177.jpg,1400,1050,11,success
train,9999945_00000_d_0000178.jpg,1400,1050,73,success
train,9999945_00000_d_0000179.jpg,1400,1050,42,success
train,9999948_00000_d_0000001.jpg,1400,1050,23,success
train,9999948_00000_d_0000002.jpg,1400,1050,67,success
train,9999948_00000_d_0000003.jpg,1400,1050,28,success
train,9999948_00000_d_0000004.jpg,1400,1050,31,success
train,9999948_00000_d_0000005.jpg,1400,1050,61,success
train,9999948_00000_d_0000006.jpg,1400,1050,25,success
train,9999948_00000_d_0000007.jpg,1400,1050,82,success
train,9999948_00000_d_0000008.jpg,1400,1050,60,success
train,9999948_00000_d_0000009.jpg,1400,1050,84,success
train,9999948_00000_d_0000010.jpg,1400,1050,49,success
train,9999948_00000_d_0000011.jpg,1400,1050,37,success
train,9999948_00000_d_0000012.jpg,1400,1050,75,success
train,9999948_00000_d_0000013.jpg,1400,1050,54,success
train,9999948_00000_d_0000014.jpg,1400,1050,25,success
train,9999948_00000_d_0000015.jpg,1400,1050,17,success
train,9999948_00000_d_0000016.jpg,1400,1050,68,success
train,9999948_00000_d_0000017.jpg,1400,1050,33,success
train,9999948_00000_d_0000018.jpg,1400,1050,61,success
train,9999948_00000_d_0000019.jpg,1400,1050,98,success
train,9999948_00000_d_0000020.jpg,1400,1050,81,success
train,9999948_00000_d_0000021.jpg,1400,1050,47,success
train,9999948_00000_d_0000022.jpg,1400,1050,39,success
train,9999948_00000_d_0000023.jpg,1400,1050,6,success
train,9999948_00000_d_0000024.jpg,1400,1050,9,success
train,9999948_00000_d_0000025.jpg,1400,1050,10,success
train,9999948_00000_d_0000026.jpg,1400,1050,30,success
train,9999948_00000_d_0000027.jpg,1400,1050,27,success
train,9999948_00000_d_0000028.jpg,1400,1050,15,success
train,9999948_00000_d_0000029.jpg,1400,1050,32,success
train,9999948_00000_d_0000030.jpg,1400,1050,24,success
train,9999948_00000_d_0000031.jpg,1400,1050,18,success
train,9999948_00000_d_0000032.jpg,1400,1050,30,success
train,9999948_00000_d_0000033.jpg,1400,1050,38,success
train,9999948_00000_d_0000034.jpg,1400,1050,52,success
train,9999948_00000_d_0000035.jpg,1400,1050,10,success
train,9999948_00000_d_0000036.jpg,1400,1050,14,success
train,9999948_00000_d_0000037.jpg,1400,1050,12,success
train,9999948_00000_d_0000038.jpg,1400,1050,57,success
train,9999948_00000_d_0000039.jpg,1400,1050,22,success
train,9999948_00000_d_0000040.jpg,1400,1050,54,success
train,9999948_00000_d_0000041.jpg,1400,1050,57,success
train,9999950_00000_d_0000001.jpg,1400,1050,42,success
train,9999950_00000_d_0000002.jpg,1400,1050,37,success
train,9999950_00000_d_0000003.jpg,1400,1050,35,success
train,9999950_00000_d_0000004.jpg,1400,1050,39,success
train,9999950_00000_d_0000005.jpg,1400,1050,40,success
train,9999950_00000_d_0000006.jpg,1400,1050,62,success
train,9999950_00000_d_0000007.jpg,1400,1050,36,success
train,9999950_00000_d_0000008.jpg,1400,1050,35,success
train,9999950_00000_d_0000009.jpg,1400,1050,36,success
train,9999950_00000_d_0000010.jpg,1400,1050,69,success
train,9999950_00000_d_0000011.jpg,1400,1050,17,success
train,9999950_00000_d_0000012.jpg,1400,1050,71,success
train,9999950_00000_d_0000013.jpg,1400,1050,52,success
train,9999950_00000_d_0000014.jpg,1400,1050,68,success
train,9999950_00000_d_0000015.jpg,1400,1050,15,success
train,9999950_00000_d_0000016.jpg,1400,1050,12,success
train,9999950_00000_d_0000017.jpg,1400,1050,26,success
train,9999950_00000_d_0000018.jpg,1400,1050,34,success
train,9999950_00000_d_0000019.jpg,1400,1050,26,success
train,9999950_00000_d_0000020.jpg,1400,1050,61,success
train,9999950_00000_d_0000021.jpg,1400,1050,10,success
train,9999950_00000_d_0000022.jpg,1400,1050,13,success
train,9999950_00000_d_0000023.jpg,1400,1050,19,success
train,9999950_00000_d_0000024.jpg,1400,1050,11,success
train,9999950_00000_d_0000025.jpg,1400,1050,9,success
train,9999950_00000_d_0000026.jpg,1400,1050,20,success
train,9999950_00000_d_0000027.jpg,1400,1050,27,success
train,9999950_00000_d_0000028.jpg,1400,1050,12,success
train,9999950_00000_d_0000029.jpg,1400,1050,13,success
train,9999950_00000_d_0000030.jpg,1400,1050,24,success
train,9999950_00000_d_0000031.jpg,1400,1050,15,success
train,9999950_00000_d_0000032.jpg,1400,1050,22,success
train,9999950_00000_d_0000033.jpg,1400,1050,22,success
train,9999950_00000_d_0000034.jpg,1400,1050,18,success
train,9999950_00000_d_0000035.jpg,1400,1050,20,success
train,9999950_00000_d_0000036.jpg,1400,1050,19,success
train,9999950_00000_d_0000037.jpg,1400,1050,15,success
train,9999950_00000_d_0000038.jpg,1400,1050,24,success
train,9999950_00000_d_0000039.jpg,1400,1050,25,success
train,9999950_00000_d_0000040.jpg,1400,1050,18,success
train,9999950_00000_d_0000041.jpg,1400,1050,17,success
train,9999950_00000_d_0000042.jpg,1400,1050,22,success
train,9999950_00000_d_0000043.jpg,1400,1050,27,success
train,9999950_00000_d_0000044.jpg,1400,1050,19,success
train,9999950_00000_d_0000045.jpg,1400,1050,21,success
train,9999950_00000_d_0000046.jpg,1400,1050,22,success
train,9999950_00000_d_0000047.jpg,1400,1050,42,success
train,9999950_00000_d_0000048.jpg,1400,1050,48,success
train,9999950_00000_d_0000049.jpg,1400,1050,40,success
train,9999950_00000_d_0000050.jpg,1400,1050,42,success
train,9999950_00000_d_0000051.jpg,1400,1050,27,success
train,9999950_00000_d_0000052.jpg,1400,1050,21,success
train,9999950_00000_d_0000053.jpg,1400,1050,17,success
train,9999950_00000_d_0000054.jpg,1400,1050,22,success
train,9999950_00000_d_0000055.jpg,1400,1050,15,success
train,9999950_00000_d_0000056.jpg,1400,1050,26,success
train,9999950_00000_d_0000057.jpg,1400,1050,42,success
train,9999950_00000_d_0000058.jpg,1400,1050,6,success
train,9999950_00000_d_0000059.jpg,1400,1050,13,success
train,9999950_00000_d_0000060.jpg,1400,1050,15,success
train,9999950_00000_d_0000061.jpg,1400,1050,31,success
train,9999950_00000_d_0000062.jpg,1400,1050,40,success
train,9999950_00000_d_0000063.jpg,1400,1050,34,success
train,9999950_00000_d_0000064.jpg,1400,1050,16,success
train,9999950_00000_d_0000065.jpg,1400,1050,8,success
train,9999950_00000_d_0000066.jpg,1400,1050,29,success
train,9999950_00000_d_0000067.jpg,1400,1050,25,success
train,9999950_00000_d_0000068.jpg,1400,1050,12,success
train,9999950_00000_d_0000069.jpg,1400,1050,15,success
train,9999950_00000_d_0000070.jpg,1400,1050,14,success
train,9999950_00000_d_0000071.jpg,1400,1050,23,success
train,9999950_00000_d_0000072.jpg,1400,1050,33,success
train,9999950_00000_d_0000073.jpg,1400,1050,21,success
train,9999950_00000_d_0000074.jpg,1400,1050,32,success
train,9999950_00000_d_0000075.jpg,1400,1050,16,success
train,9999950_00000_d_0000076.jpg,1400,1050,10,success
train,9999950_00000_d_0000077.jpg,1400,1050,18,success
train,9999950_00000_d_0000078.jpg,1400,1050,8,success
train,9999950_00000_d_0000079.jpg,1400,1050,9,success
train,9999950_00000_d_0000081.jpg,1400,1050,10,success
train,9999950_00000_d_0000082.jpg,1400,1050,17,success
train,9999950_00000_d_0000083.jpg,1400,1050,14,success
train,9999950_00000_d_0000088.jpg,1400,1050,79,success
train,9999950_00000_d_0000089.jpg,1400,1050,39,success
train,9999950_00000_d_0000090.jpg,1400,1050,46,success
train,9999950_00000_d_10000080.jpg,1400,1050,9,success
train,9999950_00000_d_1007082.jpg,1916,1078,38,success
train,9999950_00000_d_1007083.jpg,1400,1050,62,success
train,9999950_00000_d_1007084.jpg,1400,1050,33,success
train,9999950_00000_d_1007223.jpg,1916,1078,43,success
train,9999951_00000_d_0000001.jpg,1400,788,28,success
train,9999951_00000_d_0000002.jpg,1400,788,30,success
train,9999951_00000_d_0000003.jpg,1400,788,25,success
train,9999951_00000_d_0000004.jpg,1400,788,30,success
train,9999951_00000_d_0000005.jpg,1400,788,30,success
train,9999951_00000_d_0000006.jpg,1400,788,30,success
train,9999951_00000_d_0000007.jpg,1400,788,46,success
train,9999951_00000_d_0000008.jpg,1400,788,43,success
train,9999951_00000_d_0000009.jpg,1400,788,69,success
train,9999951_00000_d_0000010.jpg,1400,788,40,success
train,9999951_00000_d_0000011.jpg,1400,788,36,success
train,9999951_00000_d_0000012.jpg,1400,788,31,success
train,9999951_00000_d_0000013.jpg,1400,788,20,success
train,9999951_00000_d_0000014.jpg,1400,788,30,success
train,9999951_00000_d_0000015.jpg,1400,788,13,success
train,9999951_00000_d_0000016.jpg,1400,788,54,success
train,9999951_00000_d_0000017.jpg,1400,788,52,success
train,9999951_00000_d_0000018.jpg,1400,788,68,success
train,9999951_00000_d_0000019.jpg,1400,788,68,success
train,9999951_00000_d_0000020.jpg,1400,788,57,success
train,9999951_00000_d_0000021.jpg,1400,788,77,success
train,9999951_00000_d_0000022.jpg,1400,788,97,success
train,9999951_00000_d_0000023.jpg,1400,788,96,success
train,9999951_00000_d_0000024.jpg,1400,788,90,success
train,9999951_00000_d_0000025.jpg,1400,788,61,success
train,9999951_00000_d_0000026.jpg,1400,788,63,success
train,9999951_00000_d_0000027.jpg,1400,788,32,success
train,9999951_00000_d_0000028.jpg,1400,788,37,success
train,9999951_00000_d_0000029.jpg,1400,788,39,success
train,9999951_00000_d_0000030.jpg,1400,788,67,success
train,9999951_00000_d_0000031.jpg,1400,788,88,success
train,9999951_00000_d_0000032.jpg,1400,788,75,success
train,9999951_00000_d_0000033.jpg,1400,788,71,success
train,9999951_00000_d_0000034.jpg,1400,788,41,success
train,9999951_00000_d_0000035.jpg,1400,788,30,success
train,9999951_00000_d_0000036.jpg,1400,788,56,success
train,9999951_00000_d_0000037.jpg,1400,788,39,success
train,9999951_00000_d_0000038.jpg,1400,788,38,success
train,9999951_00000_d_0000039.jpg,1400,788,33,success
train,9999951_00000_d_0000040.jpg,1400,788,41,success
train,9999951_00000_d_0000041.jpg,1400,788,33,success
train,9999951_00000_d_0000042.jpg,1400,788,30,success
train,9999951_00000_d_0000043.jpg,1400,788,35,success
train,9999951_00000_d_0000044.jpg,1400,788,17,success
train,9999951_00000_d_0000045.jpg,1400,788,21,success
train,9999951_00000_d_0000046.jpg,1400,788,29,success
train,9999951_00000_d_0000047.jpg,1400,788,44,success
train,9999951_00000_d_0000048.jpg,1400,788,20,success
train,9999951_00000_d_0000049.jpg,1400,788,22,success
train,9999951_00000_d_0000050.jpg,1400,788,17,success
train,9999951_00000_d_0000051.jpg,1400,788,41,success
train,9999951_00000_d_0000052.jpg,1400,788,41,success
train,9999951_00000_d_0000053.jpg,1400,788,42,success
train,9999951_00000_d_0000054.jpg,1400,788,46,success
train,9999951_00000_d_0000055.jpg,1400,788,46,success
train,9999951_00000_d_0000056.jpg,1400,788,52,success
train,9999951_00000_d_0000057.jpg,1400,788,50,success
train,9999951_00000_d_0000058.jpg,1400,788,40,success
train,9999951_00000_d_0000059.jpg,1400,788,81,success
train,9999951_00000_d_0000060.jpg,1400,788,53,success
train,9999951_00000_d_0000061.jpg,1400,788,45,success
train,9999951_00000_d_0000062.jpg,1400,788,42,success
train,9999951_00000_d_0000063.jpg,1400,788,40,success
train,9999951_00000_d_0000064.jpg,1400,788,12,success
train,9999951_00000_d_0000065.jpg,1400,788,31,success
train,9999951_00000_d_0000066.jpg,1400,788,54,success
train,9999951_00000_d_0000067.jpg,1400,788,64,success
train,9999951_00000_d_0000068.jpg,1400,788,45,success
train,9999951_00000_d_0000069.jpg,1400,788,63,success
train,9999951_00000_d_0000070.jpg,1400,788,42,success
train,9999951_00000_d_0000071.jpg,1400,788,56,success
train,9999951_00000_d_0000072.jpg,1400,788,36,success
train,9999951_00000_d_0000073.jpg,1400,788,20,success
train,9999951_00000_d_0000074.jpg,1400,788,50,success
train,9999951_00000_d_0000075.jpg,1400,788,36,success
train,9999951_00000_d_0000076.jpg,1400,788,43,success
train,9999951_00000_d_0000077.jpg,1400,788,44,success
train,9999951_00000_d_0000078.jpg,1400,788,57,success
train,9999951_00000_d_0000079.jpg,1400,788,40,success
train,9999951_00000_d_0000080.jpg,1400,788,76,success
train,9999951_00000_d_0000081.jpg,1400,788,37,success
train,9999951_00000_d_0000082.jpg,1400,788,13,success
train,9999951_00000_d_0000083.jpg,1400,788,69,success
train,9999951_00000_d_0000084.jpg,1400,788,39,success
train,9999951_00000_d_0000085.jpg,1400,788,40,success
train,9999951_00000_d_0000086.jpg,1400,788,31,success
train,9999951_00000_d_0000087.jpg,1400,788,50,success
train,9999951_00000_d_0000088.jpg,1400,788,30,success
train,9999951_00000_d_0000089.jpg,1400,788,39,success
train,9999951_00000_d_0000090.jpg,1400,788,26,success
train,9999951_00000_d_0000091.jpg,1400,788,26,success
train,9999951_00000_d_0000092.jpg,1400,788,70,success
train,9999951_00000_d_0000093.jpg,1400,788,26,success
train,9999951_00000_d_0000094.jpg,1400,788,20,success
train,9999951_00000_d_0000095.jpg,1400,788,15,success
train,9999951_00000_d_0000096.jpg,1400,788,88,success
train,9999951_00000_d_0000097.jpg,1400,788,5,success
train,9999951_00000_d_0000098.jpg,1400,788,12,success
train,9999951_00000_d_0000099.jpg,1400,788,49,success
train,9999951_00000_d_0000100.jpg,1400,788,51,success
train,9999951_00000_d_0000101.jpg,1400,788,73,success
train,9999951_00000_d_0000102.jpg,1400,788,39,success
train,9999951_00000_d_0000103.jpg,1400,788,34,success
train,9999951_00000_d_0000104.jpg,1400,788,43,success
train,9999951_00000_d_0000105.jpg,1400,788,8,success
train,9999951_00000_d_0000106.jpg,1400,788,34,success
train,9999951_00000_d_0000107.jpg,1400,788,165,success
train,9999951_00000_d_0000108.jpg,1400,788,85,success
train,9999951_00000_d_0000109.jpg,1400,788,93,success
train,9999951_00000_d_0000110.jpg,1400,788,111,success
train,9999951_00000_d_0000111.jpg,1400,788,55,success
train,9999951_00000_d_0000112.jpg,1400,788,39,success
train,9999951_00000_d_0000113.jpg,1400,788,40,success
train,9999951_00000_d_0000114.jpg,1400,788,68,success
train,9999951_00000_d_0000115.jpg,1400,788,54,success
train,9999951_00000_d_0000116.jpg,1400,788,50,success
train,9999951_00000_d_0000117.jpg,1400,788,57,success
train,9999951_00000_d_0000118.jpg,1400,788,61,success
train,9999951_00000_d_0000119.jpg,1400,788,54,success
train,9999951_00000_d_0000120.jpg,1400,788,33,success
train,9999951_00000_d_0000121.jpg,1400,788,42,success
train,9999951_00000_d_0000122.jpg,1400,788,60,success
train,9999951_00000_d_0000123.jpg,1400,788,49,success
train,9999951_00000_d_0000124.jpg,1400,788,14,success
train,9999951_00000_d_0000125.jpg,1400,788,49,success
train,9999951_00000_d_0000126.jpg,1400,788,32,success
train,9999951_00000_d_0000127.jpg,1400,788,56,success
train,9999951_00000_d_0000128.jpg,1400,788,25,success
train,9999951_00000_d_0000129.jpg,1400,788,21,success
train,9999951_00000_d_0000130.jpg,1400,788,18,success
train,9999951_00000_d_0000131.jpg,1400,788,12,success
train,9999951_00000_d_0000132.jpg,1400,788,15,success
train,9999951_00000_d_0000133.jpg,1400,788,6,success
train,9999951_00000_d_0000134.jpg,1400,788,4,success
train,9999951_00000_d_0000135.jpg,1400,788,12,success
train,9999951_00000_d_0000136.jpg,1400,788,3,success
train,9999951_00000_d_0000137.jpg,1400,788,11,success
train,9999951_00000_d_0000138.jpg,1400,788,11,success
train,9999951_00000_d_0000139.jpg,1400,788,9,success
train,9999951_00000_d_0000140.jpg,1400,788,16,success
train,9999951_00000_d_0000141.jpg,1400,788,16,success
train,9999951_00000_d_0000142.jpg,1400,788,8,success
train,9999951_00000_d_0000143.jpg,1400,788,17,success
train,9999951_00000_d_0000144.jpg,1400,788,38,success
train,9999951_00000_d_0000145.jpg,1400,788,56,success
train,9999951_00000_d_0000146.jpg,1400,788,72,success
train,9999951_00000_d_0000147.jpg,1400,788,74,success
train,9999951_00000_d_0000148.jpg,1400,788,71,success
train,9999951_00000_d_0000149.jpg,1400,788,51,success
train,9999951_00000_d_0000150.jpg,1400,788,39,success
train,9999951_00000_d_0000151.jpg,1400,788,22,success
train,9999951_00000_d_0000152.jpg,1400,788,16,success
train,9999951_00000_d_0000153.jpg,1400,788,6,success
train,9999951_00000_d_0000154.jpg,1400,788,35,success
train,9999951_00000_d_0000155.jpg,1400,788,27,success
train,9999951_00000_d_0000156.jpg,1400,788,59,success
train,9999951_00000_d_0000157.jpg,1400,788,89,success
train,9999951_00000_d_0000158.jpg,1400,788,38,success
train,9999951_00000_d_0000159.jpg,1400,788,11,success
train,9999951_00000_d_0000160.jpg,1400,788,7,success
train,9999951_00000_d_0000161.jpg,1400,788,12,success
train,9999951_00000_d_0000162.jpg,1400,788,13,success
train,9999951_00000_d_0000163.jpg,1400,788,59,success
train,9999951_00000_d_0000164.jpg,1400,788,39,success
train,9999951_00000_d_0000165.jpg,1400,788,24,success
train,9999951_00000_d_0000166.jpg,1400,788,29,success
train,9999951_00000_d_0000167.jpg,1400,788,17,success
train,9999951_00000_d_0000168.jpg,1400,788,2,success
train,9999951_00000_d_0000169.jpg,1400,788,40,success
train,9999951_00000_d_0000170.jpg,1400,788,65,success
train,9999951_00000_d_0000171.jpg,1400,788,185,success
train,9999951_00000_d_0000172.jpg,1400,788,166,success
train,9999951_00000_d_0000173.jpg,1400,788,58,success
train,9999951_00000_d_0000174.jpg,1400,788,75,success
train,9999951_00000_d_0000175.jpg,1400,788,42,success
train,9999951_00000_d_0000176.jpg,1400,788,26,success
train,9999951_00000_d_0000177.jpg,1400,788,53,success
train,9999951_00000_d_0000178.jpg,1400,788,36,success
train,9999951_00000_d_0000179.jpg,1400,788,29,success
train,9999951_00000_d_0000180.jpg,1400,788,27,success
train,9999951_00000_d_0000181.jpg,1400,788,24,success
train,9999951_00000_d_0000182.jpg,1400,788,30,success
train,9999951_00000_d_0000183.jpg,1400,788,122,success
train,9999951_00000_d_0000184.jpg,1400,788,167,success
train,9999951_00000_d_0000185.jpg,1400,788,104,success
train,9999951_00000_d_0000186.jpg,1400,788,55,success
train,9999951_00000_d_0000187.jpg,1400,788,47,success
train,9999951_00000_d_0000188.jpg,1400,788,38,success
train,9999951_00000_d_0000189.jpg,1400,788,22,success
train,9999951_00000_d_0000190.jpg,1400,788,82,success
train,9999951_00000_d_0000191.jpg,1400,788,58,success
train,9999951_00000_d_0000192.jpg,1400,788,31,success
train,9999951_00000_d_0000193.jpg,1400,788,29,success
train,9999951_00000_d_0000194.jpg,1400,788,44,success
train,9999951_00000_d_0000195.jpg,1400,788,48,success
train,9999951_00000_d_0000196.jpg,1400,788,8,success
train,9999951_00000_d_0000197.jpg,1400,788,13,success
train,9999951_00000_d_0000198.jpg,1400,788,12,success
train,9999951_00000_d_0000199.jpg,1400,788,10,success
train,9999951_00000_d_0000200.jpg,1400,788,50,success
train,9999951_00000_d_0000201.jpg,1400,788,99,success
train,9999951_00000_d_0000202.jpg,1400,788,73,success
train,9999951_00000_d_0000203.jpg,1400,788,61,success
train,9999951_00000_d_0000204.jpg,1400,788,57,success
train,9999951_00000_d_0000205.jpg,1400,788,45,success
train,9999951_00000_d_0000206.jpg,1400,788,46,success
train,9999951_00000_d_0000207.jpg,1400,788,29,success
train,9999951_00000_d_0000208.jpg,1400,788,106,success
train,9999951_00000_d_0000209.jpg,1400,788,61,success
train,9999951_00000_d_0000210.jpg,1400,788,179,success
train,9999951_00000_d_0000211.jpg,1400,788,73,success
train,9999951_00000_d_0000212.jpg,1400,788,94,success
train,9999951_00000_d_0000213.jpg,1400,788,12,success
train,9999951_00000_d_0000214.jpg,1400,788,31,success
train,9999951_00000_d_0000215.jpg,1400,788,24,success
train,9999951_00000_d_0000216.jpg,1400,788,18,success
train,9999951_00000_d_0000217.jpg,1400,788,41,success
train,9999951_00000_d_0000218.jpg,1400,788,41,success
train,9999951_00000_d_0000219.jpg,1400,788,16,success
train,9999951_00000_d_0000220.jpg,1400,788,40,success
train,9999951_00000_d_0000221.jpg,1400,788,37,success
train,9999951_00000_d_0000222.jpg,1400,788,48,success
train,9999951_00000_d_0000223.jpg,1400,788,22,success
train,9999951_00000_d_0000224.jpg,1400,788,69,success
train,9999951_00000_d_0000225.jpg,1400,788,63,success
train,9999951_00000_d_0000226.jpg,1400,788,88,success
train,9999951_00000_d_0000227.jpg,1400,788,82,success
train,9999951_00000_d_0000228.jpg,1400,788,10,success
train,9999951_00000_d_0000229.jpg,1400,788,55,success
train,9999951_00000_d_0000230.jpg,1400,788,10,success
train,9999951_00000_d_0000231.jpg,1400,788,12,success
train,9999951_00000_d_0000232.jpg,1400,788,34,success
train,9999951_00000_d_0000233.jpg,1400,788,112,success
train,9999951_00000_d_0000234.jpg,1400,788,13,success
train,9999951_00000_d_0000235.jpg,1400,788,38,success
train,9999951_00000_d_0000236.jpg,1400,788,52,success
train,9999951_00000_d_0000237.jpg,1400,788,10,success
train,9999951_00000_d_0000238.jpg,1400,788,71,success
train,9999951_00000_d_0000239.jpg,1400,788,75,success
train,9999951_00000_d_0000240.jpg,1400,788,84,success
train,9999951_00000_d_0000241.jpg,1400,788,16,success
train,9999951_00000_d_0000242.jpg,1400,788,27,success
train,9999951_00000_d_0000243.jpg,1400,788,41,success
train,9999951_00000_d_0000244.jpg,1400,788,55,success
train,9999951_00000_d_0000245.jpg,1400,788,10,success
train,9999951_00000_d_0000246.jpg,1400,788,9,success
train,9999951_00000_d_0000247.jpg,1400,788,21,success
train,9999951_00000_d_0000248.jpg,1400,788,46,success
train,9999951_00000_d_0000249.jpg,1400,788,32,success
train,9999951_00000_d_0000250.jpg,1400,788,33,success
train,9999951_00000_d_0000251.jpg,1400,788,37,success
train,9999951_00000_d_0000252.jpg,1400,788,29,success
train,9999951_00000_d_0000253.jpg,1400,788,29,success
train,9999951_00000_d_0000254.jpg,1400,788,27,success
train,9999951_00000_d_0000255.jpg,1400,788,28,success
train,9999951_00000_d_0000256.jpg,1400,788,50,success
train,9999951_00000_d_0000257.jpg,1400,788,43,success
train,9999951_00000_d_0000258.jpg,1400,788,25,success
train,9999951_00000_d_0000259.jpg,1400,788,30,success
train,9999951_00000_d_0000260.jpg,1400,788,15,success
train,9999951_00000_d_0000261.jpg,1400,788,17,success
train,9999951_00000_d_0000262.jpg,1400,788,8,success
train,9999951_00000_d_0000263.jpg,1400,788,12,success
train,9999951_00000_d_0000264.jpg,1400,788,6,success
train,9999951_00000_d_0000265.jpg,1400,788,11,success
train,9999951_00000_d_0000266.jpg,1400,788,8,success
train,9999951_00000_d_0000267.jpg,1400,788,19,success
train,9999951_00000_d_0000268.jpg,1400,788,33,success
train,9999951_00000_d_0000269.jpg,1400,788,54,success
train,9999951_00000_d_0000270.jpg,1400,788,56,success
train,9999951_00000_d_0000271.jpg,1400,788,66,success
train,9999951_00000_d_0000272.jpg,1400,788,74,success
train,9999951_00000_d_0000273.jpg,1400,788,74,success
train,9999951_00000_d_0000274.jpg,1400,788,47,success
train,9999951_00000_d_0000275.jpg,1400,788,50,success
train,9999951_00000_d_0000276.jpg,1400,788,49,success
train,9999951_00000_d_0000277.jpg,1400,788,44,success
train,9999951_00000_d_0000278.jpg,1400,788,60,success
train,9999951_00000_d_0000279.jpg,1400,788,60,success
train,9999951_00000_d_0000280.jpg,1400,788,49,success
train,9999951_00000_d_0000281.jpg,1400,788,54,success
train,9999951_00000_d_0000282.jpg,1400,788,69,success
train,9999951_00000_d_0000283.jpg,1400,788,72,success
train,9999951_00000_d_0000284.jpg,1400,788,75,success
train,9999951_00000_d_0000285.jpg,1400,788,58,success
train,9999951_00000_d_0000286.jpg,1400,788,70,success
train,9999951_00000_d_0000287.jpg,1400,788,68,success
train,9999951_00000_d_0000288.jpg,1400,788,91,success
train,9999951_00000_d_0000289.jpg,1400,788,69,success
train,9999951_00000_d_0000290.jpg,1400,788,73,success
train,9999951_00000_d_0000291.jpg,1400,788,60,success
train,9999951_00000_d_0000292.jpg,1400,788,46,success
train,9999951_00000_d_0000293.jpg,1400,788,28,success
train,9999951_00000_d_0000294.jpg,1400,788,38,success
train,9999951_00000_d_0000295.jpg,1400,788,23,success
train,9999951_00000_d_0000296.jpg,1400,788,36,success
train,9999951_00000_d_0000297.jpg,1400,788,51,success
train,9999951_00000_d_0000298.jpg,1400,788,92,success
train,9999951_00000_d_0000299.jpg,1400,788,37,success
train,9999951_00000_d_0000300.jpg,1400,788,33,success
train,9999951_00000_d_0000301.jpg,1400,788,97,success
train,9999951_00000_d_0000302.jpg,1400,788,40,success
train,9999951_00000_d_0000303.jpg,1400,788,64,success
train,9999951_00000_d_0000304.jpg,1400,788,88,success
train,9999951_00000_d_0000305.jpg,1400,788,23,success
train,9999951_00000_d_0000306.jpg,1400,788,30,success
train,9999951_00000_d_0000307.jpg,1400,788,11,success
train,9999951_00000_d_0000308.jpg,1400,788,21,success
train,9999951_00000_d_0000309.jpg,1400,788,28,success
train,9999951_00000_d_0000310.jpg,1400,788,25,success
train,9999951_00000_d_0000311.jpg,1400,788,39,success
train,9999951_00000_d_0000312.jpg,1400,788,40,success
train,9999951_00000_d_0000313.jpg,1400,788,40,success
train,9999951_00000_d_0000314.jpg,1400,788,44,success
train,9999951_00000_d_0000315.jpg,1400,788,44,success
train,9999951_00000_d_0000316.jpg,1400,788,43,success
train,9999951_00000_d_0000317.jpg,1400,788,45,success
train,9999951_00000_d_0000318.jpg,1400,788,44,success
train,9999951_00000_d_0000319.jpg,1400,788,42,success
train,9999951_00000_d_0000320.jpg,1400,788,24,success
train,9999951_00000_d_0000321.jpg,1400,788,30,success
train,9999951_00000_d_0000322.jpg,1400,788,29,success
train,9999951_00000_d_0000323.jpg,1400,788,41,success
train,9999951_00000_d_0000324.jpg,1400,788,28,success
train,9999951_00000_d_0000325.jpg,1400,788,24,success
train,9999951_00000_d_0000326.jpg,1400,788,36,success
train,9999951_00000_d_0000327.jpg,1400,788,41,success
train,9999951_00000_d_0000328.jpg,1400,788,31,success
train,9999951_00000_d_0000329.jpg,1400,788,19,success
train,9999951_00000_d_0000330.jpg,1400,788,31,success
train,9999951_00000_d_0000331.jpg,1400,788,26,success
train,9999951_00000_d_0000332.jpg,1400,788,8,success
train,9999951_00000_d_0000333.jpg,1400,788,24,success
train,9999951_00000_d_0000334.jpg,1400,788,26,success
train,9999953_00000_d_0000001.jpg,1400,788,19,success
train,9999953_00000_d_0000002.jpg,1400,788,23,success
train,9999953_00000_d_0000003.jpg,1400,788,4,success
train,9999953_00000_d_0000004.jpg,1400,788,11,success
train,9999953_00000_d_0000005.jpg,1400,788,13,success
train,9999953_00000_d_0000006.jpg,1400,788,15,success
train,9999953_00000_d_0000007.jpg,1400,788,21,success
train,9999953_00000_d_0000008.jpg,1400,788,20,success
train,9999953_00000_d_0000009.jpg,1400,788,14,success
train,9999953_00000_d_0000010.jpg,1400,788,75,success
train,9999953_00000_d_0000011.jpg,1400,788,9,success
train,9999953_00000_d_0000012.jpg,1400,788,13,success
train,9999953_00000_d_0000013.jpg,1400,788,23,success
train,9999953_00000_d_0000014.jpg,1400,788,17,success
train,9999953_00000_d_0000015.jpg,1400,788,23,success
train,9999953_00000_d_0000016.jpg,1400,788,7,success
train,9999953_00000_d_0000017.jpg,1400,788,14,success
train,9999953_00000_d_0000018.jpg,1400,788,11,success
train,9999953_00000_d_0000019.jpg,1400,788,4,success
train,9999953_00000_d_0000020.jpg,1400,788,12,success
train,9999953_00000_d_0000021.jpg,1400,788,13,success
train,9999953_00000_d_0000022.jpg,1400,788,8,success
train,9999953_00000_d_0000023.jpg,1400,788,7,success
train,9999953_00000_d_0000024.jpg,1400,788,8,success
train,9999953_00000_d_0000025.jpg,1400,788,25,success
train,9999953_00000_d_0000026.jpg,1400,788,15,success
train,9999953_00000_d_0000027.jpg,1400,788,15,success
train,9999953_00000_d_0000028.jpg,1400,788,18,success
train,9999953_00000_d_0000029.jpg,1400,788,35,success
train,9999953_00000_d_0000030.jpg,1400,788,37,success
train,9999953_00000_d_0000031.jpg,1400,788,25,success
train,9999953_00000_d_0000032.jpg,1400,788,20,success
train,9999953_00000_d_0000033.jpg,1400,788,34,success
train,9999953_00000_d_0000034.jpg,1400,788,40,success
train,9999953_00000_d_0000035.jpg,1400,788,39,success
train,9999953_00000_d_0000036.jpg,1400,788,16,success
train,9999953_00000_d_0000037.jpg,1400,788,14,success
train,9999953_00000_d_0000038.jpg,1400,788,14,success
train,9999953_00000_d_0000039.jpg,1400,788,12,success
train,9999953_00000_d_0000040.jpg,1400,788,13,success
train,9999953_00000_d_0000041.jpg,1400,788,8,success
train,9999953_00000_d_0000042.jpg,1400,788,22,success
train,9999953_00000_d_0000043.jpg,1400,788,19,success
train,9999953_00000_d_0000044.jpg,1400,788,11,success
train,9999953_00000_d_0000045.jpg,1400,788,10,success
train,9999953_00000_d_0000046.jpg,1400,788,8,success
train,9999953_00000_d_0000047.jpg,1400,788,27,success
train,9999953_00000_d_0000048.jpg,1400,788,19,success
train,9999953_00000_d_0000049.jpg,1400,788,7,success
train,9999953_00000_d_0000050.jpg,1400,788,21,success
train,9999953_00000_d_0000051.jpg,1400,788,12,success
train,9999953_00000_d_0000052.jpg,1400,788,7,success
train,9999953_00000_d_0000053.jpg,1400,788,4,success
train,9999953_00000_d_0000054.jpg,1400,788,25,success
train,9999953_00000_d_0000055.jpg,1400,788,11,success
train,9999953_00000_d_0000056.jpg,1400,788,17,success
train,9999953_00000_d_0000057.jpg,1400,788,8,success
train,9999953_00000_d_0000058.jpg,1400,788,11,success
train,9999953_00000_d_0000059.jpg,1400,788,12,success
train,9999953_00000_d_0000060.jpg,1400,788,9,success
train,9999953_00000_d_0000061.jpg,1400,788,6,success
train,9999953_00000_d_0000062.jpg,1400,788,27,success
train,9999953_00000_d_0000063.jpg,1400,788,12,success
train,9999953_00000_d_0000064.jpg,1400,788,12,success
train,9999953_00000_d_0000065.jpg,1400,788,8,success
train,9999953_00000_d_0000066.jpg,1400,788,6,success
train,9999953_00000_d_0000067.jpg,1400,788,9,success
train,9999953_00000_d_0000068.jpg,1400,788,8,success
train,9999953_00000_d_0000069.jpg,1400,788,4,success
train,9999953_00000_d_0000070.jpg,1400,788,11,success
train,9999953_00000_d_0000071.jpg,1400,788,7,success
train,9999953_00000_d_0000072.jpg,1400,788,18,success
train,9999953_00000_d_0000073.jpg,1400,788,18,success
train,9999953_00000_d_0000074.jpg,1400,788,6,success
train,9999953_00000_d_0000075.jpg,1400,788,24,success
train,9999953_00000_d_0000076.jpg,1400,788,34,success
train,9999953_00000_d_0000077.jpg,1400,788,23,success
train,9999953_00000_d_0000078.jpg,1400,788,23,success
train,9999953_00000_d_0000079.jpg,1400,788,19,success
train,9999953_00000_d_0000080.jpg,1400,788,24,success
train,9999953_00000_d_0000081.jpg,1400,788,20,success
train,9999953_00000_d_0000082.jpg,1400,788,10,success
train,9999953_00000_d_0000083.jpg,1400,788,16,success
train,9999953_00000_d_0000084.jpg,1400,788,5,success
train,9999953_00000_d_0000085.jpg,1400,788,28,success
train,9999953_00000_d_0000086.jpg,1400,788,5,success
train,9999953_00000_d_0000087.jpg,1400,788,9,success
train,9999953_00000_d_0000088.jpg,1400,788,8,success
train,9999953_00000_d_0000089.jpg,1400,788,8,success
train,9999953_00000_d_0000090.jpg,1400,788,5,success
train,9999953_00000_d_0000091.jpg,1400,788,6,success
train,9999953_00000_d_0000092.jpg,1400,788,8,success
train,9999953_00000_d_0000093.jpg,1400,788,25,success
train,9999953_00000_d_0000094.jpg,1400,788,2,success
train,9999953_00000_d_0000095.jpg,1400,788,12,success
train,9999953_00000_d_0000096.jpg,1400,788,12,success
train,9999953_00000_d_0000097.jpg,1400,788,8,success
train,9999953_00000_d_0000098.jpg,1400,788,11,success
train,9999953_00000_d_0000099.jpg,1400,788,13,success
train,9999953_00000_d_0000100.jpg,1400,788,4,success
train,9999953_00000_d_0000101.jpg,1400,788,7,success
train,9999953_00000_d_0000102.jpg,1400,788,18,success
train,9999953_00000_d_0000103.jpg,1400,788,18,success
train,9999953_00000_d_0000104.jpg,1400,788,17,success
train,9999953_00000_d_0000105.jpg,1400,788,17,success
train,9999953_00000_d_0000106.jpg,1400,788,11,success
train,9999953_00000_d_0000107.jpg,1400,788,20,success
train,9999953_00000_d_0000108.jpg,1400,788,13,success
train,9999953_00000_d_0000109.jpg,1400,788,25,success
train,9999953_00000_d_0000110.jpg,1400,788,22,success
train,9999953_00000_d_0000111.jpg,1400,788,8,success
train,9999953_00000_d_0000112.jpg,1400,788,32,success
train,9999953_00000_d_0000113.jpg,1400,788,22,success
train,9999953_00000_d_0000114.jpg,1400,788,13,success
train,9999953_00000_d_0000115.jpg,1400,788,14,success
train,9999953_00000_d_0000116.jpg,1400,788,13,success
train,9999953_00000_d_0000117.jpg,1400,788,8,success
train,9999953_00000_d_0000118.jpg,1400,788,29,success
train,9999953_00000_d_0000119.jpg,1400,788,5,success
train,9999953_00000_d_0000120.jpg,1400,788,22,success
train,9999953_00000_d_0000121.jpg,1400,788,35,success
train,9999953_00000_d_0000122.jpg,1400,788,14,success
train,9999953_00000_d_0000123.jpg,1400,788,28,success
train,9999953_00000_d_0000124.jpg,1400,788,18,success
train,9999953_00000_d_0000125.jpg,1400,788,42,success
train,9999953_00000_d_0000126.jpg,1400,788,33,success
train,9999953_00000_d_0000127.jpg,1400,788,32,success
train,9999953_00000_d_0000128.jpg,1400,788,9,success
train,9999953_00000_d_0000129.jpg,1400,788,23,success
train,9999953_00000_d_0000130.jpg,1400,788,26,success
train,9999953_00000_d_0000131.jpg,1400,788,34,success
train,9999953_00000_d_0000132.jpg,1400,788,45,success
train,9999953_00000_d_0000133.jpg,1400,788,23,success
train,9999953_00000_d_0000134.jpg,1400,788,29,success
train,9999953_00000_d_0000135.jpg,1400,788,21,success
train,9999953_00000_d_0000136.jpg,1400,788,19,success
train,9999953_00000_d_0000137.jpg,1400,788,12,success
train,9999953_00000_d_0000138.jpg,1400,788,11,success
train,9999953_00000_d_0000139.jpg,1400,788,10,success
train,9999953_00000_d_0000140.jpg,1400,788,11,success
train,9999953_00000_d_0000141.jpg,1400,788,14,success
train,9999953_00000_d_0000142.jpg,1400,788,9,success
train,9999953_00000_d_0000143.jpg,1400,788,9,success
train,9999953_00000_d_0000144.jpg,1400,788,6,success
train,9999953_00000_d_0000145.jpg,1400,788,13,success
train,9999953_00000_d_0000146.jpg,1400,788,52,success
train,9999953_00000_d_0000147.jpg,1400,788,32,success
train,9999953_00000_d_0000148.jpg,1400,788,29,success
train,9999953_00000_d_0000149.jpg,1400,788,23,success
train,9999953_00000_d_0000150.jpg,1400,788,18,success
train,9999953_00000_d_0000151.jpg,1400,788,13,success
train,9999953_00000_d_0000152.jpg,1400,788,8,success
train,9999953_00000_d_0000153.jpg,1400,788,23,success
train,9999953_00000_d_0000154.jpg,1400,788,14,success
train,9999953_00000_d_0000155.jpg,1400,788,31,success
train,9999953_00000_d_0000156.jpg,1400,788,5,success
train,9999953_00000_d_0000157.jpg,1400,788,12,success
train,9999953_00000_d_0000158.jpg,1400,788,21,success
train,9999953_00000_d_0000159.jpg,1400,788,7,success
train,9999953_00000_d_0000160.jpg,1400,788,5,success
train,9999953_00000_d_0000161.jpg,1400,788,15,success
train,9999953_00000_d_0000162.jpg,1400,788,22,success
train,9999953_00000_d_0000163.jpg,1400,788,16,success
train,9999953_00000_d_0000164.jpg,1400,788,7,success
train,9999953_00000_d_0000165.jpg,1400,788,4,success
train,9999953_00000_d_0000166.jpg,1400,788,19,success
train,9999953_00000_d_0000167.jpg,1400,788,13,success
train,9999953_00000_d_0000168.jpg,1400,788,8,success
train,9999953_00000_d_0000169.jpg,1400,788,5,success
train,9999953_00000_d_0000170.jpg,1400,788,3,success
train,9999953_00000_d_0000171.jpg,1400,788,7,success
train,9999953_00000_d_0000172.jpg,1400,788,6,success
train,9999953_00000_d_0000173.jpg,1400,788,6,success
train,9999953_00000_d_0000174.jpg,1400,788,5,success
train,9999953_00000_d_0000175.jpg,1400,788,4,success
train,9999953_00000_d_0000176.jpg,1400,788,5,success
train,9999953_00000_d_0000177.jpg,1400,788,4,success
train,9999953_00000_d_0000178.jpg,1400,788,5,success
train,9999953_00000_d_0000179.jpg,1400,788,5,success
train,9999953_00000_d_0000180.jpg,1400,788,4,success
train,9999953_00000_d_0000181.jpg,1400,788,14,success
train,9999953_00000_d_0000182.jpg,1400,788,3,success
train,9999953_00000_d_0000183.jpg,1400,788,23,success
train,9999953_00000_d_0000184.jpg,1400,788,3,success
train,9999953_00000_d_0000185.jpg,1400,788,2,success
train,9999953_00000_d_0000186.jpg,1400,788,10,success
train,9999953_00000_d_0000187.jpg,1400,788,5,success
train,9999953_00000_d_0000188.jpg,1400,788,5,success
train,9999953_00000_d_0000189.jpg,1400,788,6,success
train,9999953_00000_d_0000190.jpg,1400,788,7,success
train,9999953_00000_d_0000191.jpg,1400,788,17,success
train,9999953_00000_d_0000192.jpg,1400,788,5,success
train,9999953_00000_d_0000193.jpg,1400,788,6,success
train,9999953_00000_d_0000194.jpg,1400,788,21,success
train,9999953_00000_d_0000195.jpg,1400,788,9,success
train,9999953_00000_d_0000196.jpg,1400,788,80,success
train,9999953_00000_d_0000197.jpg,1400,788,23,success
train,9999953_00000_d_0000198.jpg,1400,788,8,success
train,9999953_00000_d_0000199.jpg,1400,788,11,success
train,9999953_00000_d_0000200.jpg,1400,788,4,success
train,9999953_00000_d_0000201.jpg,1400,788,6,success
train,9999953_00000_d_0000202.jpg,1400,788,4,success
train,9999953_00000_d_0000203.jpg,1400,788,1,success
train,9999953_00000_d_0000204.jpg,1400,788,8,success
train,9999953_00000_d_0000205.jpg,1400,788,7,success
train,9999953_00000_d_0000206.jpg,1400,788,6,success
train,9999953_00000_d_0000207.jpg,1400,788,3,success
train,9999953_00000_d_0000208.jpg,1400,788,12,success
train,9999953_00000_d_0000209.jpg,1400,788,11,success
train,9999953_00000_d_0000210.jpg,1400,788,14,success
train,9999953_00000_d_0000211.jpg,1400,788,6,success
train,9999953_00000_d_0000212.jpg,1400,788,7,success
train,9999953_00000_d_0000213.jpg,1400,788,8,success
train,9999953_00000_d_0000214.jpg,1400,788,11,success
train,9999953_00000_d_0000215.jpg,1400,788,9,success
train,9999953_00000_d_0000216.jpg,1400,788,4,success
train,9999953_00000_d_0000217.jpg,1400,788,11,success
train,9999953_00000_d_0000218.jpg,1400,788,38,success
train,9999953_00000_d_0000219.jpg,1400,788,6,success
train,9999953_00000_d_0000220.jpg,1400,788,8,success
train,9999953_00000_d_0000221.jpg,1400,788,12,success
train,9999953_00000_d_0000222.jpg,1400,788,11,success
train,9999953_00000_d_0000223.jpg,1400,788,14,success
train,9999953_00000_d_0000224.jpg,1400,788,10,success
train,9999953_00000_d_0000225.jpg,1400,788,8,success
train,9999953_00000_d_0000226.jpg,1400,788,20,success
train,9999953_00000_d_0000227.jpg,1400,788,9,success
train,9999953_00000_d_0000228.jpg,1400,788,14,success
train,9999953_00000_d_0000229.jpg,1400,788,8,success
train,9999953_00000_d_0000230.jpg,1400,788,9,success
train,9999953_00000_d_0000231.jpg,1400,788,16,success
train,9999953_00000_d_0000232.jpg,1400,788,11,success
train,9999953_00000_d_0000233.jpg,1400,788,8,success
train,9999955_00000_d_0000001.jpg,1400,788,39,success
train,9999955_00000_d_0000002.jpg,1400,788,17,success
train,9999955_00000_d_0000003.jpg,1400,788,21,success
train,9999955_00000_d_0000004.jpg,1400,788,15,success
train,9999955_00000_d_0000005.jpg,1400,788,21,success
train,9999955_00000_d_0000006.jpg,1400,788,26,success
train,9999955_00000_d_0000007.jpg,1400,788,32,success
train,9999955_00000_d_0000008.jpg,1400,788,38,success
train,9999955_00000_d_0000009.jpg,1400,788,16,success
train,9999955_00000_d_0000010.jpg,1400,788,31,success
train,9999955_00000_d_0000011.jpg,1400,788,20,success
train,9999955_00000_d_0000012.jpg,1400,788,24,success
train,9999955_00000_d_0000013.jpg,1400,788,9,success
train,9999955_00000_d_0000014.jpg,1400,788,20,success
train,9999955_00000_d_0000015.jpg,1400,788,19,success
train,9999955_00000_d_0000016.jpg,1400,788,21,success
train,9999955_00000_d_0000017.jpg,1400,788,39,success
train,9999955_00000_d_0000018.jpg,1400,788,94,success
train,9999955_00000_d_0000019.jpg,1400,788,83,success
train,9999955_00000_d_0000020.jpg,1400,788,91,success
train,9999955_00000_d_0000021.jpg,1400,788,123,success
train,9999955_00000_d_0000022.jpg,1400,788,48,success
train,9999955_00000_d_0000023.jpg,1400,788,43,success
train,9999955_00000_d_0000024.jpg,1400,788,37,success
train,9999955_00000_d_0000025.jpg,1400,788,72,success
train,9999955_00000_d_0000026.jpg,1400,788,67,success
train,9999955_00000_d_0000027.jpg,1400,788,55,success
train,9999955_00000_d_0000028.jpg,1400,788,62,success
train,9999955_00000_d_0000029.jpg,1400,788,48,success
train,9999955_00000_d_0000030.jpg,1400,788,46,success
train,9999955_00000_d_0000031.jpg,1400,788,60,success
train,9999955_00000_d_0000032.jpg,1400,788,66,success
train,9999955_00000_d_0000033.jpg,1400,788,59,success
train,9999955_00000_d_0000034.jpg,1400,788,39,success
train,9999955_00000_d_0000035.jpg,1400,788,32,success
train,9999955_00000_d_0000036.jpg,1400,788,29,success
train,9999955_00000_d_0000037.jpg,1400,788,34,success
train,9999955_00000_d_0000038.jpg,1400,788,64,success
train,9999955_00000_d_0000039.jpg,1400,788,19,success
train,9999955_00000_d_0000040.jpg,1400,788,43,success
train,9999955_00000_d_0000041.jpg,1400,788,78,success
train,9999955_00000_d_0000042.jpg,1400,788,24,success
train,9999955_00000_d_0000043.jpg,1400,788,18,success
train,9999955_00000_d_0000044.jpg,1400,788,35,success
train,9999955_00000_d_0000045.jpg,1400,788,36,success
train,9999955_00000_d_0000046.jpg,1400,788,52,success
train,9999955_00000_d_0000047.jpg,1400,788,56,success
train,9999955_00000_d_0000048.jpg,1400,788,29,success
train,9999955_00000_d_0000049.jpg,1400,788,55,success
train,9999955_00000_d_0000050.jpg,1400,788,51,success
train,9999955_00000_d_0000051.jpg,1400,788,37,success
train,9999955_00000_d_0000052.jpg,1400,788,40,success
train,9999955_00000_d_0000053.jpg,1400,788,33,success
train,9999955_00000_d_0000054.jpg,1400,788,43,success
train,9999955_00000_d_0000055.jpg,1400,788,69,success
train,9999955_00000_d_0000056.jpg,1400,788,68,success
train,9999955_00000_d_0000057.jpg,1400,788,68,success
train,9999955_00000_d_0000058.jpg,1400,788,23,success
train,9999955_00000_d_0000059.jpg,1400,788,23,success
train,9999955_00000_d_0000060.jpg,1400,788,21,success
train,9999955_00000_d_0000061.jpg,1400,788,24,success
train,9999955_00000_d_0000062.jpg,1400,788,19,success
train,9999955_00000_d_0000063.jpg,1400,788,10,success
train,9999955_00000_d_0000064.jpg,1400,788,12,success
train,9999955_00000_d_0000065.jpg,1400,788,14,success
train,9999955_00000_d_0000066.jpg,1400,788,37,success
train,9999955_00000_d_0000067.jpg,1400,788,36,success
train,9999955_00000_d_0000068.jpg,1400,788,36,success
train,9999955_00000_d_0000069.jpg,1400,788,48,success
train,9999955_00000_d_0000070.jpg,1400,788,50,success
train,9999955_00000_d_0000071.jpg,1400,788,38,success
train,9999955_00000_d_0000072.jpg,1400,788,21,success
train,9999955_00000_d_0000073.jpg,1400,788,28,success
train,9999955_00000_d_0000074.jpg,1400,788,26,success
train,9999955_00000_d_0000075.jpg,1400,788,49,success
train,9999955_00000_d_0000076.jpg,1400,788,26,success
train,9999955_00000_d_0000077.jpg,1400,788,6,success
train,9999955_00000_d_0000078.jpg,1400,788,24,success
train,9999955_00000_d_0000079.jpg,1400,788,47,success
train,9999955_00000_d_0000080.jpg,1400,788,16,success
train,9999955_00000_d_0000081.jpg,1400,788,47,success
train,9999955_00000_d_0000082.jpg,1400,788,25,success
train,9999955_00000_d_0000083.jpg,1400,788,20,success
train,9999955_00000_d_0000084.jpg,1400,788,56,success
train,9999955_00000_d_0000085.jpg,1400,788,56,success
train,9999955_00000_d_0000086.jpg,1400,788,23,success
train,9999955_00000_d_0000087.jpg,1400,788,31,success
train,9999955_00000_d_0000088.jpg,1400,788,35,success
train,9999955_00000_d_0000089.jpg,1400,788,13,success
train,9999955_00000_d_0000090.jpg,1400,788,28,success
train,9999955_00000_d_0000091.jpg,1400,788,26,success
train,9999955_00000_d_0000092.jpg,1400,788,32,success
train,9999955_00000_d_0000093.jpg,1400,788,23,success
train,9999955_00000_d_0000094.jpg,1400,788,40,success
train,9999955_00000_d_0000095.jpg,1400,788,25,success
train,9999955_00000_d_0000096.jpg,1400,788,12,success
train,9999955_00000_d_0000097.jpg,1400,788,18,success
train,9999955_00000_d_0000098.jpg,1400,788,31,success
train,9999955_00000_d_0000099.jpg,1400,788,20,success
train,9999955_00000_d_0000100.jpg,1400,788,20,success
train,9999955_00000_d_0000101.jpg,1400,788,37,success
train,9999955_00000_d_0000102.jpg,1400,788,44,success
train,9999955_00000_d_0000103.jpg,1400,788,14,success
train,9999955_00000_d_0000104.jpg,1400,788,26,success
train,9999955_00000_d_0000105.jpg,1400,788,18,success
train,9999955_00000_d_0000106.jpg,1400,788,32,success
train,9999955_00000_d_0000107.jpg,1400,788,34,success
train,9999955_00000_d_0000108.jpg,1400,788,33,success
train,9999955_00000_d_0000109.jpg,1400,788,26,success
train,9999955_00000_d_0000110.jpg,1400,788,24,success
train,9999955_00000_d_0000111.jpg,1400,788,22,success
train,9999955_00000_d_0000112.jpg,1400,788,20,success
train,9999955_00000_d_0000113.jpg,1400,788,10,success
train,9999955_00000_d_0000114.jpg,1400,788,22,success
train,9999955_00000_d_0000115.jpg,1400,788,38,success
train,9999955_00000_d_0000116.jpg,1400,788,14,success
train,9999955_00000_d_0000117.jpg,1400,788,26,success
train,9999955_00000_d_0000118.jpg,1400,788,20,success
train,9999955_00000_d_0000119.jpg,1400,788,15,success
train,9999955_00000_d_0000120.jpg,1400,788,12,success
train,9999955_00000_d_0000121.jpg,1400,788,31,success
train,9999955_00000_d_0000122.jpg,1400,788,27,success
train,9999955_00000_d_0000123.jpg,1400,788,45,success
train,9999955_00000_d_0000124.jpg,1400,788,30,success
train,9999955_00000_d_0000125.jpg,1400,788,12,success
train,9999955_00000_d_0000126.jpg,1400,788,15,success
train,9999955_00000_d_0000127.jpg,1400,788,17,success
train,9999955_00000_d_0000128.jpg,1400,788,26,success
train,9999955_00000_d_0000129.jpg,1400,788,46,success
train,9999955_00000_d_0000130.jpg,1400,788,21,success
train,9999955_00000_d_0000131.jpg,1400,788,24,success
train,9999955_00000_d_0000132.jpg,1400,788,7,success
train,9999955_00000_d_0000133.jpg,1400,788,13,success
train,9999955_00000_d_0000134.jpg,1400,788,16,success
train,9999955_00000_d_0000135.jpg,1400,788,23,success
train,9999955_00000_d_0000136.jpg,1400,788,21,success
train,9999955_00000_d_0000137.jpg,1400,788,30,success
train,9999955_00000_d_0000138.jpg,1400,788,21,success
train,9999955_00000_d_0000139.jpg,1400,788,21,success
train,9999955_00000_d_0000140.jpg,1400,788,6,success
train,9999955_00000_d_0000141.jpg,1400,788,10,success
train,9999955_00000_d_0000142.jpg,1400,788,33,success
train,9999955_00000_d_0000143.jpg,1400,788,47,success
train,9999955_00000_d_0000144.jpg,1400,788,20,success
train,9999955_00000_d_0000145.jpg,1400,788,36,success
train,9999955_00000_d_0000146.jpg,1400,788,53,success
train,9999955_00000_d_0000147.jpg,1400,788,19,success
train,9999955_00000_d_0000148.jpg,1400,788,21,success
train,9999955_00000_d_0000149.jpg,1400,788,34,success
train,9999955_00000_d_0000150.jpg,1400,788,53,success
train,9999955_00000_d_0000151.jpg,1400,788,63,success
train,9999955_00000_d_0000152.jpg,1400,788,72,success
train,9999955_00000_d_0000153.jpg,1400,788,11,success
train,9999955_00000_d_0000154.jpg,1400,788,47,success
train,9999955_00000_d_0000155.jpg,1400,788,39,success
train,9999955_00000_d_0000156.jpg,1400,788,77,success
train,9999955_00000_d_0000157.jpg,1400,788,28,success
train,9999955_00000_d_0000158.jpg,1400,788,35,success
train,9999955_00000_d_0000159.jpg,1400,788,4,success
train,9999955_00000_d_0000160.jpg,1400,788,15,success
train,9999955_00000_d_0000161.jpg,1400,788,24,success
train,9999955_00000_d_0000162.jpg,1400,788,13,success
train,9999955_00000_d_0000163.jpg,1400,788,5,success
train,9999955_00000_d_0000164.jpg,1400,788,9,success
train,9999955_00000_d_0000165.jpg,1400,788,40,success
train,9999955_00000_d_0000166.jpg,1400,788,7,success
train,9999955_00000_d_0000167.jpg,1400,788,91,success
train,9999955_00000_d_0000168.jpg,1400,788,27,success
train,9999955_00000_d_0000169.jpg,1400,788,21,success
train,9999955_00000_d_0000170.jpg,1400,788,8,success
train,9999955_00000_d_0000171.jpg,1400,788,43,success
train,9999955_00000_d_0000172.jpg,1400,788,39,success
train,9999955_00000_d_0000173.jpg,1400,788,20,success
train,9999955_00000_d_0000174.jpg,1400,788,24,success
train,9999955_00000_d_0000175.jpg,1400,788,16,success
train,9999955_00000_d_0000176.jpg,1400,788,29,success
train,9999955_00000_d_0000177.jpg,1400,788,25,success
train,9999955_00000_d_0000178.jpg,1400,788,42,success
train,9999955_00000_d_0000179.jpg,1400,788,33,success
train,9999955_00000_d_0000180.jpg,1400,788,34,success
train,9999955_00000_d_0000181.jpg,1400,788,37,success
train,9999955_00000_d_0000182.jpg,1400,788,45,success
train,9999955_00000_d_0000183.jpg,1400,788,38,success
train,9999955_00000_d_0000184.jpg,1400,788,23,success
train,9999955_00000_d_0000185.jpg,1400,788,28,success
train,9999955_00000_d_0000186.jpg,1400,788,24,success
train,9999955_00000_d_0000187.jpg,1400,788,10,success
train,9999955_00000_d_0000188.jpg,1400,788,34,success
train,9999955_00000_d_0000189.jpg,1400,788,83,success
train,9999955_00000_d_0000190.jpg,1400,788,43,success
train,9999955_00000_d_0000191.jpg,1400,788,62,success
train,9999955_00000_d_0000192.jpg,1400,788,44,success
train,9999955_00000_d_0000193.jpg,1400,788,42,success
train,9999955_00000_d_0000194.jpg,1400,788,42,success
train,9999955_00000_d_0000195.jpg,1400,788,23,success
train,9999955_00000_d_0000196.jpg,1400,788,27,success
train,9999955_00000_d_0000197.jpg,1400,788,58,success
train,9999955_00000_d_0000198.jpg,1400,788,54,success
train,9999955_00000_d_0000199.jpg,1400,788,110,success
train,9999955_00000_d_0000200.jpg,1400,788,39,success
train,9999955_00000_d_0000201.jpg,1400,788,84,success
train,9999955_00000_d_0000202.jpg,1400,788,53,success
train,9999955_00000_d_0000203.jpg,1400,788,103,success
train,9999955_00000_d_0000204.jpg,1400,788,65,success
train,9999955_00000_d_0000205.jpg,1400,788,53,success
train,9999955_00000_d_0000206.jpg,1400,788,41,success
train,9999955_00000_d_0000207.jpg,1400,788,24,success
train,9999955_00000_d_0000208.jpg,1400,788,61,success
train,9999955_00000_d_0000209.jpg,1400,788,51,success
train,9999955_00000_d_0000210.jpg,1400,788,61,success
train,9999955_00000_d_0000211.jpg,1400,788,123,success
train,9999955_00000_d_0000212.jpg,1400,788,145,success
train,9999955_00000_d_0000213.jpg,1400,788,106,success
train,9999955_00000_d_0000214.jpg,1400,788,67,success
train,9999955_00000_d_0000215.jpg,1400,788,57,success
train,9999955_00000_d_0000216.jpg,1400,788,33,success
train,9999955_00000_d_0000217.jpg,1400,788,58,success
train,9999955_00000_d_0000218.jpg,1400,788,70,success
train,9999955_00000_d_0000219.jpg,1400,788,57,success
train,9999955_00000_d_0000220.jpg,1400,788,60,success
train,9999955_00000_d_0000221.jpg,1400,788,7,success
train,9999955_00000_d_0000222.jpg,1400,788,82,success
train,9999955_00000_d_0000223.jpg,1400,788,204,success
train,9999955_00000_d_0000224.jpg,1400,788,274,success
train,9999955_00000_d_0000225.jpg,1400,788,69,success
train,9999955_00000_d_0000226.jpg,1400,788,166,success
train,9999955_00000_d_0000227.jpg,1400,788,131,success
train,9999955_00000_d_0000228.jpg,1400,788,55,success
train,9999955_00000_d_0000229.jpg,1400,788,144,success
train,9999955_00000_d_0000230.jpg,1400,788,93,success
train,9999955_00000_d_0000231.jpg,1400,788,78,success
train,9999955_00000_d_0000232.jpg,1400,788,66,success
train,9999955_00000_d_0000233.jpg,1400,788,55,success
train,9999955_00000_d_0000234.jpg,1400,788,54,success
train,9999955_00000_d_0000235.jpg,1400,788,205,success
train,9999955_00000_d_0000236.jpg,1400,788,158,success
train,9999955_00000_d_0000237.jpg,1400,788,85,success
train,9999955_00000_d_0000238.jpg,1400,788,79,success
train,9999955_00000_d_0000239.jpg,1400,788,32,success
train,9999955_00000_d_0000240.jpg,1400,788,28,success
train,9999955_00000_d_0000241.jpg,1400,788,49,success
train,9999955_00000_d_0000242.jpg,1400,788,73,success
train,9999955_00000_d_0000243.jpg,1400,788,57,success
train,9999955_00000_d_0000244.jpg,1400,788,46,success
train,9999955_00000_d_0000245.jpg,1400,788,108,success
train,9999955_00000_d_0000246.jpg,1400,788,129,success
train,9999955_00000_d_0000247.jpg,1400,788,43,success
train,9999955_00000_d_0000248.jpg,1400,788,46,success
train,9999955_00000_d_0000249.jpg,1400,788,86,success
train,9999955_00000_d_0000250.jpg,1400,788,123,success
train,9999955_00000_d_0000251.jpg,1400,788,77,success
train,9999955_00000_d_0000252.jpg,1400,788,66,success
train,9999955_00000_d_0000253.jpg,1400,788,49,success
train,9999955_00000_d_0000254.jpg,1400,788,60,success
train,9999955_00000_d_0000255.jpg,1400,788,59,success
train,9999955_00000_d_0000256.jpg,1400,788,12,success
train,9999955_00000_d_0000257.jpg,1400,788,75,success
train,9999955_00000_d_0000258.jpg,1400,788,68,success
train,9999955_00000_d_0000259.jpg,1400,788,44,success
train,9999955_00000_d_0000260.jpg,1400,788,21,success
train,9999955_00000_d_0000261.jpg,1400,788,19,success
train,9999955_00000_d_0000262.jpg,1400,788,19,success
train,9999955_00000_d_0000263.jpg,1400,788,21,success
train,9999955_00000_d_0000264.jpg,1400,788,12,success
train,9999955_00000_d_0000265.jpg,1400,788,13,success
train,9999955_00000_d_0000266.jpg,1400,788,9,success
train,9999955_00000_d_0000267.jpg,1400,788,11,success
train,9999955_00000_d_0000268.jpg,1400,788,44,success
train,9999955_00000_d_0000269.jpg,1400,788,57,success
train,9999955_00000_d_0000270.jpg,1400,788,49,success
train,9999955_00000_d_0000271.jpg,1400,788,76,success
train,9999955_00000_d_0000272.jpg,1400,788,34,success
train,9999955_00000_d_0000273.jpg,1400,788,72,success
train,9999955_00000_d_0000274.jpg,1400,788,64,success
train,9999955_00000_d_0000275.jpg,1400,788,62,success
train,9999955_00000_d_0000276.jpg,1400,788,21,success
train,9999955_00000_d_0000277.jpg,1400,788,19,success
train,9999955_00000_d_0000278.jpg,1400,788,23,success
train,9999955_00000_d_0000279.jpg,1400,788,33,success
train,9999955_00000_d_0000280.jpg,1400,788,31,success
train,9999955_00000_d_0000281.jpg,1400,788,48,success
train,9999955_00000_d_0000282.jpg,1400,788,71,success
train,9999955_00000_d_0000283.jpg,1400,788,16,success
train,9999955_00000_d_0000284.jpg,1400,788,138,success
train,9999955_00000_d_0000285.jpg,1400,788,178,success
train,9999955_00000_d_0000286.jpg,1400,788,128,success
train,9999955_00000_d_0000287.jpg,1400,788,38,success
train,9999955_00000_d_0000288.jpg,1400,788,32,success
train,9999955_00000_d_0000289.jpg,1400,788,74,success
train,9999955_00000_d_0000290.jpg,1400,788,99,success
train,9999955_00000_d_0000291.jpg,1400,788,33,success
train,9999955_00000_d_0000292.jpg,1400,788,40,success
train,9999955_00000_d_0000293.jpg,1400,788,6,success
train,9999955_00000_d_0000294.jpg,1400,788,14,success
train,9999955_00000_d_0000295.jpg,1400,788,18,success
train,9999955_00000_d_0000296.jpg,1400,788,12,success
train,9999955_00000_d_0000297.jpg,1400,788,19,success
train,9999955_00000_d_0000298.jpg,1400,788,7,success
train,9999955_00000_d_0000299.jpg,1400,788,53,success
train,9999955_00000_d_0000300.jpg,1400,788,55,success
train,9999955_00000_d_0000301.jpg,1400,788,24,success
train,9999955_00000_d_0000302.jpg,1400,788,4,success
train,9999955_00000_d_0000303.jpg,1400,788,33,success
train,9999955_00000_d_0000304.jpg,1400,788,46,success
train,9999955_00000_d_0000305.jpg,1400,788,41,success
train,9999955_00000_d_0000306.jpg,1400,788,34,success
train,9999955_00000_d_0000307.jpg,1400,788,101,success
train,9999955_00000_d_0000308.jpg,1400,788,85,success
train,9999955_00000_d_0000309.jpg,1400,788,93,success
train,9999955_00000_d_0000310.jpg,1400,788,63,success
train,9999955_00000_d_0000311.jpg,1400,788,27,success
train,9999955_00000_d_0000312.jpg,1400,788,161,success
train,9999955_00000_d_0000313.jpg,1400,788,219,success
train,9999955_00000_d_0000314.jpg,1400,788,179,success
train,9999955_00000_d_0000315.jpg,1400,788,143,success
train,9999955_00000_d_0000316.jpg,1400,788,71,success
train,9999955_00000_d_0000317.jpg,1400,788,86,success
train,9999955_00000_d_0000318.jpg,1400,788,123,success
train,9999955_00000_d_0000319.jpg,1400,788,142,success
train,9999955_00000_d_0000320.jpg,1400,788,96,success
train,9999955_00000_d_0000321.jpg,1400,788,54,success
train,9999955_00000_d_0000322.jpg,1400,788,162,success
train,9999955_00000_d_0000323.jpg,1400,788,135,success
train,9999955_00000_d_0000324.jpg,1400,788,65,success
train,9999955_00000_d_0000325.jpg,1400,788,86,success
train,9999955_00000_d_0000326.jpg,1400,788,58,success
train,9999955_00000_d_0000327.jpg,1400,788,66,success
train,9999955_00000_d_0000328.jpg,1400,788,56,success
train,9999955_00000_d_0000329.jpg,1400,788,38,success
train,9999955_00000_d_0000330.jpg,1400,788,75,success
train,9999955_00000_d_0000331.jpg,1400,788,93,success
train,9999955_00000_d_0000332.jpg,1400,788,83,success
train,9999955_00000_d_0000333.jpg,1400,788,90,success
train,9999955_00000_d_0000334.jpg,1400,788,39,success
train,9999955_00000_d_0000335.jpg,1400,788,45,success
train,9999955_00000_d_0000336.jpg,1400,788,36,success
train,9999955_00000_d_0000337.jpg,1400,788,61,success
train,9999955_00000_d_0000338.jpg,1400,788,47,success
train,9999955_00000_d_0000339.jpg,1400,788,47,success
train,9999955_00000_d_0000340.jpg,1400,788,83,success
train,9999955_00000_d_0000341.jpg,1400,788,42,success
train,9999955_00000_d_0000342.jpg,1400,788,36,success
train,9999955_00000_d_0000343.jpg,1400,788,28,success
train,9999955_00000_d_0000344.jpg,1400,788,50,success
train,9999955_00000_d_0000345.jpg,1400,788,87,success
train,9999955_00000_d_0000346.jpg,1400,788,104,success
train,9999955_00000_d_0000347.jpg,1400,788,82,success
train,9999955_00000_d_0000348.jpg,1400,788,91,success
train,9999955_00000_d_0000349.jpg,1400,788,94,success
train,9999955_00000_d_0000350.jpg,1400,788,78,success
train,9999955_00000_d_0000351.jpg,1400,788,139,success
train,9999955_00000_d_0000352.jpg,1400,788,122,success
train,9999955_00000_d_0000353.jpg,1400,788,120,success
train,9999955_00000_d_0000354.jpg,1400,788,111,success
train,9999955_00000_d_0000355.jpg,1400,788,47,success
train,9999955_00000_d_0000356.jpg,1400,788,57,success
train,9999955_00000_d_0000357.jpg,1400,788,38,success
train,9999955_00000_d_0000358.jpg,1400,788,30,success
train,9999955_00000_d_0000359.jpg,1400,788,23,success
train,9999955_00000_d_0000360.jpg,1400,788,38,success
train,9999955_00000_d_0000361.jpg,1400,788,39,success
train,9999955_00000_d_0000362.jpg,1400,788,66,success
train,9999955_00000_d_0000363.jpg,1400,788,82,success
train,9999955_00000_d_0000364.jpg,1400,788,35,success
train,9999955_00000_d_0000365.jpg,1400,788,21,success
train,9999955_00000_d_0000366.jpg,1400,788,44,success
train,9999955_00000_d_0000367.jpg,1400,788,91,success
train,9999955_00000_d_0000368.jpg,1400,788,62,success
train,9999955_00000_d_0000369.jpg,1400,788,49,success
train,9999955_00000_d_0000370.jpg,1400,788,29,success
train,9999955_00000_d_0000371.jpg,1400,788,39,success
train,9999955_00000_d_0000372.jpg,1400,788,59,success
train,9999955_00000_d_0000373.jpg,1400,788,64,success
train,9999955_00000_d_0000374.jpg,1400,788,42,success
train,9999955_00000_d_0000375.jpg,1400,788,83,success
train,9999955_00000_d_0000376.jpg,1400,788,49,success
train,9999955_00000_d_0000377.jpg,1400,788,33,success
train,9999955_00000_d_0000378.jpg,1400,788,19,success
train,9999955_00000_d_0000379.jpg,1400,788,24,success
train,9999955_00000_d_0000380.jpg,1400,788,40,success
train,9999955_00000_d_0000381.jpg,1400,788,152,success
train,9999955_00000_d_0000382.jpg,1400,788,112,success
train,9999955_00000_d_0000383.jpg,1400,788,56,success
train,9999955_00000_d_0000384.jpg,1400,788,40,success
train,9999955_00000_d_0000385.jpg,1400,788,46,success
train,9999955_00000_d_0000386.jpg,1400,788,57,success
train,9999955_00000_d_0000387.jpg,1400,788,59,success
train,9999955_00000_d_0000388.jpg,1400,788,117,success
train,9999955_00000_d_0000389.jpg,1400,788,53,success
train,9999955_00000_d_0000390.jpg,1400,788,14,success
train,9999955_00000_d_0000391.jpg,1400,788,55,success
train,9999955_00000_d_0000392.jpg,1400,788,63,success
train,9999955_00000_d_0000393.jpg,1400,788,120,success
train,9999955_00000_d_0000394.jpg,1400,788,124,success
train,9999955_00000_d_0000395.jpg,1400,788,88,success
train,9999955_00000_d_0000396.jpg,1400,788,68,success
train,9999955_00000_d_0000397.jpg,1400,788,59,success
train,9999955_00000_d_0000398.jpg,1400,788,109,success
train,9999955_00000_d_0000399.jpg,1400,788,72,success
train,9999955_00000_d_0000400.jpg,1400,788,53,success
train,9999955_00000_d_0000401.jpg,1400,788,54,success
train,9999955_00000_d_0000402.jpg,1400,788,32,success
train,9999955_00000_d_0000403.jpg,1400,788,30,success
train,9999955_00000_d_0000404.jpg,1400,788,35,success
train,9999955_00000_d_0000405.jpg,1400,788,16,success
train,9999955_00000_d_0000406.jpg,1400,788,24,success
train,9999955_00000_d_0000407.jpg,1400,788,44,success
train,9999955_00000_d_0000408.jpg,1400,788,87,success
train,9999955_00000_d_0000409.jpg,1400,788,30,success
train,9999955_00000_d_0000410.jpg,1400,788,24,success
train,9999955_00000_d_0000411.jpg,1400,788,18,success
train,9999955_00000_d_0000412.jpg,1400,788,61,success
train,9999955_00000_d_0000413.jpg,1400,788,158,success
train,9999955_00000_d_0000414.jpg,1400,788,194,success
train,9999955_00000_d_0000415.jpg,1400,788,168,success
train,9999955_00000_d_0000416.jpg,1400,788,19,success
train,9999955_00000_d_0000417.jpg,1400,788,15,success
train,9999955_00000_d_0000418.jpg,1400,788,39,success
train,9999955_00000_d_0000419.jpg,1400,788,73,success
train,9999955_00000_d_0000420.jpg,1400,788,101,success
train,9999955_00000_d_0000421.jpg,1400,788,52,success
train,9999955_00000_d_0000422.jpg,1400,788,121,success
train,9999955_00000_d_0000423.jpg,1400,788,122,success
train,9999955_00000_d_0000424.jpg,1400,788,123,success
train,9999955_00000_d_0000425.jpg,1400,788,41,success
train,9999955_00000_d_0000426.jpg,1400,788,51,success
train,9999955_00000_d_0000427.jpg,1400,788,57,success
train,9999955_00000_d_0000428.jpg,1400,788,54,success
train,9999955_00000_d_0000429.jpg,1400,788,60,success
train,9999955_00000_d_0000430.jpg,1400,788,69,success
train,9999955_00000_d_0000431.jpg,1400,788,73,success
train,9999955_00000_d_0000432.jpg,1400,788,49,success
train,9999955_00000_d_0000433.jpg,1400,788,47,success
train,9999955_00000_d_0000434.jpg,1400,788,63,success
train,9999956_00000_d_0000001.jpg,1400,788,9,success
train,9999956_00000_d_0000002.jpg,1400,788,19,success
train,9999956_00000_d_0000003.jpg,1400,788,16,success
train,9999956_00000_d_0000004.jpg,1400,788,17,success
train,9999956_00000_d_0000005.jpg,1400,788,13,success
train,9999956_00000_d_0000006.jpg,1400,788,7,success
train,9999956_00000_d_0000007.jpg,1400,788,8,success
train,9999956_00000_d_0000008.jpg,1400,788,11,success
train,9999956_00000_d_0000009.jpg,1400,788,23,success
train,9999956_00000_d_0000010.jpg,1400,788,23,success
train,9999956_00000_d_0000011.jpg,1400,788,47,success
train,9999956_00000_d_0000012.jpg,1400,788,23,success
train,9999956_00000_d_0000013.jpg,1400,788,20,success
train,9999956_00000_d_0000014.jpg,1400,788,26,success
train,9999956_00000_d_0000015.jpg,1400,788,56,success
train,9999956_00000_d_0000016.jpg,1400,788,15,success
train,9999956_00000_d_0000017.jpg,1400,788,23,success
train,9999956_00000_d_0000018.jpg,1400,788,19,success
train,9999956_00000_d_0000019.jpg,1400,788,42,success
train,9999956_00000_d_0000020.jpg,1400,788,23,success
train,9999956_00000_d_0000021.jpg,1400,788,29,success
train,9999956_00000_d_0000022.jpg,1400,788,61,success
train,9999956_00000_d_0000023.jpg,1400,788,8,success
train,9999956_00000_d_0000024.jpg,1400,788,99,success
train,9999956_00000_d_0000025.jpg,1400,788,70,success
train,9999956_00000_d_0000026.jpg,1400,788,12,success
train,9999956_00000_d_0000027.jpg,1400,788,50,success
train,9999956_00000_d_0000028.jpg,1400,788,69,success
train,9999956_00000_d_0000029.jpg,1400,788,25,success
train,9999956_00000_d_0000030.jpg,1400,788,18,success
train,9999956_00000_d_0000031.jpg,1400,788,10,success
train,9999956_00000_d_0000032.jpg,1400,788,5,success
train,9999956_00000_d_0000033.jpg,1400,788,19,success
train,9999956_00000_d_0000034.jpg,1400,788,19,success
train,9999956_00000_d_0000035.jpg,1400,788,35,success
train,9999956_00000_d_0000036.jpg,1400,788,32,success
train,9999956_00000_d_0000037.jpg,1400,788,14,success
train,9999956_00000_d_0000038.jpg,1400,788,20,success
train,9999956_00000_d_0000039.jpg,1400,788,14,success
train,9999956_00000_d_0000040.jpg,1400,788,45,success
train,9999956_00000_d_0000041.jpg,1400,788,64,success
train,9999956_00000_d_0000042.jpg,1400,788,71,success
train,9999956_00000_d_0000043.jpg,1400,788,34,success
train,9999956_00000_d_0000044.jpg,1400,788,19,success
train,9999956_00000_d_0000045.jpg,1400,788,24,success
train,9999956_00000_d_0000046.jpg,1400,788,11,success
train,9999956_00000_d_0000047.jpg,1400,788,30,success
train,9999956_00000_d_0000048.jpg,1400,788,19,success
train,9999956_00000_d_0000049.jpg,1400,788,17,success
train,9999956_00000_d_0000050.jpg,1400,788,10,success
train,9999956_00000_d_0000051.jpg,1400,788,77,success
train,9999956_00000_d_0000052.jpg,1400,788,53,success
train,9999956_00000_d_0000053.jpg,1400,788,9,success
train,9999956_00000_d_0000054.jpg,1400,788,8,success
train,9999956_00000_d_0000055.jpg,1400,788,10,success
train,9999956_00000_d_0000056.jpg,1400,788,28,success
train,9999956_00000_d_0000057.jpg,1400,788,9,success
train,9999956_00000_d_0000058.jpg,1400,788,11,success
train,9999956_00000_d_0000059.jpg,1400,788,13,success
train,9999956_00000_d_0000060.jpg,1400,788,12,success
train,9999956_00000_d_0000061.jpg,1400,788,11,success
train,9999956_00000_d_0000062.jpg,1400,788,18,success
train,9999956_00000_d_0000063.jpg,1400,788,20,success
train,9999956_00000_d_0000064.jpg,1400,788,8,success
train,9999956_00000_d_0000065.jpg,1400,788,5,success
train,9999956_00000_d_0000066.jpg,1400,788,5,success
train,9999956_00000_d_0000067.jpg,1400,788,6,success
train,9999956_00000_d_0000068.jpg,1400,788,16,success
train,9999956_00000_d_0000069.jpg,1400,788,31,success
train,9999956_00000_d_0000070.jpg,1400,788,23,success
train,9999956_00000_d_0000071.jpg,1400,788,25,success
train,9999956_00000_d_0000072.jpg,1400,788,63,success
train,9999956_00000_d_0000073.jpg,1400,788,67,success
train,9999956_00000_d_0000074.jpg,1400,788,65,success
train,9999956_00000_d_0000075.jpg,1400,788,59,success
train,9999956_00000_d_0000076.jpg,1400,788,54,success
train,9999956_00000_d_0000077.jpg,1400,788,42,success
train,9999956_00000_d_0000078.jpg,1400,788,40,success
train,9999956_00000_d_0000079.jpg,1400,788,40,success
train,9999956_00000_d_0000080.jpg,1400,788,38,success
train,9999956_00000_d_0000081.jpg,1400,788,49,success
train,9999956_00000_d_0000082.jpg,1400,788,95,success
train,9999956_00000_d_0000083.jpg,1400,788,60,success
train,9999956_00000_d_0000084.jpg,1400,788,25,success
train,9999956_00000_d_0000085.jpg,1400,788,35,success
train,9999956_00000_d_0000086.jpg,1400,788,9,success
train,9999956_00000_d_0000087.jpg,1400,788,12,success
train,9999956_00000_d_0000088.jpg,1400,788,15,success
train,9999956_00000_d_0000089.jpg,1400,788,32,success
train,9999956_00000_d_0000090.jpg,1400,788,33,success
train,9999956_00000_d_0000091.jpg,1400,788,46,success
train,9999956_00000_d_0000092.jpg,1400,788,54,success
train,9999956_00000_d_0000093.jpg,1400,788,17,success
train,9999956_00000_d_0000094.jpg,1400,788,14,success
train,9999956_00000_d_0000095.jpg,1400,788,17,success
train,9999956_00000_d_0000096.jpg,1400,788,37,success
train,9999956_00000_d_0000097.jpg,1400,788,41,success
train,9999956_00000_d_0000098.jpg,1400,788,32,success
train,9999956_00000_d_0000099.jpg,1400,788,56,success
train,9999956_00000_d_0000100.jpg,1400,788,26,success
train,9999956_00000_d_0000101.jpg,1400,788,48,success
train,9999956_00000_d_0000102.jpg,1400,788,10,success
train,9999956_00000_d_0000103.jpg,1400,788,6,success
train,9999956_00000_d_0000104.jpg,1400,788,18,success
train,9999956_00000_d_0000105.jpg,1400,788,39,success
train,9999956_00000_d_0000106.jpg,1400,788,19,success
train,9999956_00000_d_0000107.jpg,1400,788,32,success
train,9999956_00000_d_0000108.jpg,1400,788,23,success
train,9999956_00000_d_0000109.jpg,1400,788,39,success
train,9999956_00000_d_0000110.jpg,1400,788,17,success
train,9999956_00000_d_0000111.jpg,1400,788,45,success
train,9999956_00000_d_0000112.jpg,1400,788,20,success
train,9999956_00000_d_0000113.jpg,1400,788,31,success
train,9999956_00000_d_0000114.jpg,1400,788,17,success
train,9999956_00000_d_0000115.jpg,1400,788,8,success
train,9999956_00000_d_0000116.jpg,1400,788,15,success
train,9999956_00000_d_0000117.jpg,1400,788,20,success
train,9999956_00000_d_0000118.jpg,1400,788,22,success
train,9999960_00000_d_0000001.jpg,1400,1050,63,success
train,9999960_00000_d_0000002.jpg,1400,1050,57,success
train,9999960_00000_d_0000003.jpg,1400,1050,16,success
train,9999960_00000_d_0000004.jpg,1400,1050,18,success
train,9999960_00000_d_0000005.jpg,1400,1050,17,success
train,9999960_00000_d_0000006.jpg,1400,1050,36,success
train,9999960_00000_d_0000007.jpg,1400,1050,42,success
train,9999960_00000_d_0000008.jpg,1400,1050,60,success
train,9999960_00000_d_0000009.jpg,1400,1050,21,success
train,9999960_00000_d_0000010.jpg,1400,1050,60,success
train,9999960_00000_d_0000011.jpg,1400,1050,38,success
train,9999960_00000_d_0000012.jpg,1400,1050,36,success
train,9999960_00000_d_0000013.jpg,1400,1050,30,success
train,9999960_00000_d_0000014.jpg,1400,1050,33,success
train,9999960_00000_d_0000015.jpg,1400,1050,10,success
train,9999960_00000_d_0000016.jpg,1400,1050,53,success
train,9999960_00000_d_0000017.jpg,1400,1050,53,success
train,9999960_00000_d_0000018.jpg,1400,1050,45,success
train,9999960_00000_d_0000019.jpg,1400,1050,38,success
train,9999960_00000_d_0000020.jpg,1400,1050,31,success
train,9999960_00000_d_0000021.jpg,1400,1050,15,success
train,9999960_00000_d_0000022.jpg,1400,1050,38,success
train,9999960_00000_d_0000023.jpg,1400,1050,35,success
train,9999960_00000_d_0000024.jpg,1400,1050,27,success
train,9999960_00000_d_0000025.jpg,1400,1050,20,success
train,9999960_00000_d_0000026.jpg,1400,1050,33,success
train,9999960_00000_d_0000027.jpg,1400,1050,30,success
train,9999960_00000_d_0000028.jpg,1400,1050,30,success
train,9999960_00000_d_0000029.jpg,1400,1050,25,success
train,9999960_00000_d_0000030.jpg,1400,1050,21,success
train,9999960_00000_d_0000031.jpg,1400,1050,6,success
train,9999960_00000_d_0000032.jpg,1400,1050,26,success
train,9999960_00000_d_0000033.jpg,1400,1050,45,success
train,9999960_00000_d_0000034.jpg,1400,1050,50,success
train,9999960_00000_d_0000035.jpg,1400,1050,47,success
train,9999960_00000_d_0000036.jpg,1400,1050,38,success
train,9999960_00000_d_0000037.jpg,1400,1050,23,success
train,9999960_00000_d_0000038.jpg,1400,1050,27,success
train,9999960_00000_d_0000039.jpg,1400,1050,18,success
train,9999960_00000_d_0000040.jpg,1400,1050,13,success
train,9999960_00000_d_0000041.jpg,1400,1050,34,success
train,9999960_00000_d_0000042.jpg,1400,1050,47,success
train,9999960_00000_d_0000043.jpg,1400,1050,35,success
train,9999960_00000_d_0000044.jpg,1400,1050,31,success
train,9999960_00000_d_0000045.jpg,1400,1050,25,success
train,9999960_00000_d_0000046.jpg,1400,1050,23,success
train,9999960_00000_d_0000047.jpg,1400,1050,11,success
train,9999960_00000_d_0000048.jpg,1400,1050,48,success
train,9999960_00000_d_0000049.jpg,1400,1050,26,success
train,9999960_00000_d_0000050.jpg,1400,1050,11,success
train,9999960_00000_d_0000051.jpg,1400,1050,41,success
train,9999960_00000_d_0000052.jpg,1400,1050,35,success
train,9999960_00000_d_0000053.jpg,1400,1050,24,success
train,9999960_00000_d_0000054.jpg,1400,1050,33,success
train,9999960_00000_d_0000055.jpg,1400,1050,22,success
train,9999960_00000_d_0000056.jpg,1400,1050,22,success
train,9999960_00000_d_0000057.jpg,1400,1050,17,success
train,9999960_00000_d_0000058.jpg,1400,1050,16,success
train,9999960_00000_d_0000059.jpg,1400,1050,47,success
train,9999960_00000_d_0000060.jpg,1400,1050,32,success
train,9999960_00000_d_0000061.jpg,1400,1050,16,success
train,9999960_00000_d_0000062.jpg,1400,1050,13,success
train,9999960_00000_d_0000063.jpg,1400,1050,18,success
train,9999960_00000_d_0000064.jpg,1400,1050,18,success
train,9999960_00000_d_0000065.jpg,1400,1050,19,success
train,9999960_00000_d_0000066.jpg,1400,1050,21,success
train,9999960_00000_d_0000067.jpg,1400,1050,17,success
train,9999960_00000_d_0000068.jpg,1400,1050,16,success
train,9999960_00000_d_0000069.jpg,1400,1050,16,success
train,9999960_00000_d_0000070.jpg,1400,1050,16,success
train,9999960_00000_d_0000071.jpg,1400,1050,8,success
train,9999960_00000_d_0000072.jpg,1400,1050,20,success
train,9999960_00000_d_0000073.jpg,1400,1050,24,success
train,9999960_00000_d_0000074.jpg,1400,1050,15,success
train,9999960_00000_d_0000075.jpg,1400,1050,17,success
train,9999960_00000_d_0000076.jpg,1400,1050,31,success
train,9999960_00000_d_0000077.jpg,1400,1050,29,success
train,9999960_00000_d_0000078.jpg,1400,1050,7,success
train,9999960_00000_d_0000079.jpg,1400,1050,27,success
train,9999960_00000_d_0000080.jpg,1400,1050,4,success
train,9999960_00000_d_0000081.jpg,1400,1050,17,success
train,9999960_00000_d_0000082.jpg,1400,1050,14,success
train,9999960_00000_d_0000083.jpg,1400,1050,13,success
train,9999960_00000_d_0000084.jpg,1400,1050,16,success
train,9999960_00000_d_0000085.jpg,1400,1050,23,success
train,9999960_00000_d_0000086.jpg,1400,1050,24,success
train,9999960_00000_d_0000087.jpg,1400,1050,26,success
train,9999960_00000_d_0000088.jpg,1400,1050,25,success
train,9999960_00000_d_0000089.jpg,1400,1050,29,success
train,9999960_00000_d_0000090.jpg,1400,1050,13,success
train,9999960_00000_d_0000091.jpg,1400,1050,27,success
train,9999960_00000_d_0000092.jpg,1400,1050,79,success
train,9999960_00000_d_0000093.jpg,1400,1050,50,success
train,9999960_00000_d_0000094.jpg,1400,1050,32,success
train,9999960_00000_d_0000095.jpg,1400,1050,76,success
train,9999960_00000_d_0000096.jpg,1400,1050,44,success
train,9999960_00000_d_0000097.jpg,1400,1050,6,success
train,9999960_00000_d_0000098.jpg,1400,1050,43,success
train,9999960_00000_d_0000099.jpg,1400,1050,7,success
train,9999960_00000_d_0000100.jpg,1400,1050,37,success
train,9999960_00000_d_0000101.jpg,1400,1050,12,success
train,9999960_00000_d_0000102.jpg,1400,1050,27,success
train,9999960_00000_d_0000103.jpg,1400,1050,33,success
train,9999960_00000_d_0000104.jpg,1400,1050,15,success
train,9999960_00000_d_0000105.jpg,1400,1050,29,success
train,9999960_00000_d_0000106.jpg,1400,1050,30,success
train,9999960_00000_d_0000107.jpg,1400,1050,18,success
train,9999960_00000_d_0000108.jpg,1400,1050,23,success
train,9999960_00000_d_0000109.jpg,1400,1050,17,success
train,9999960_00000_d_0000110.jpg,1400,1050,51,success
train,9999960_00000_d_0000111.jpg,1400,1050,7,success
train,9999960_00000_d_0000112.jpg,1400,1050,18,success
train,9999960_00000_d_0000113.jpg,1400,1050,22,success
train,9999960_00000_d_0000114.jpg,1400,1050,24,success
train,9999960_00000_d_0000115.jpg,1400,1050,27,success
train,9999960_00000_d_0000116.jpg,1400,1050,34,success
train,9999960_00000_d_0000117.jpg,1400,1050,47,success
train,9999960_00000_d_0000118.jpg,1400,1050,45,success
train,9999960_00000_d_0000119.jpg,1400,1050,39,success
train,9999960_00000_d_0000120.jpg,1400,1050,25,success
train,9999960_00000_d_0000121.jpg,1400,1050,42,success
train,9999960_00000_d_0000122.jpg,1400,1050,43,success
train,9999960_00000_d_0000123.jpg,1400,1050,41,success
train,9999960_00000_d_0000124.jpg,1400,1050,34,success
train,9999960_00000_d_0000125.jpg,1400,1050,16,success
train,9999960_00000_d_0000126.jpg,1400,1050,32,success
train,9999960_00000_d_0000127.jpg,1400,1050,34,success
train,9999960_00000_d_0000128.jpg,1400,1050,48,success
train,9999960_00000_d_0000129.jpg,1400,1050,51,success
train,9999960_00000_d_0000130.jpg,1400,1050,11,success
train,9999960_00000_d_0000131.jpg,1400,1050,18,success
train,9999960_00000_d_0000132.jpg,1400,1050,12,success
train,9999960_00000_d_0000133.jpg,1400,1050,11,success
train,9999960_00000_d_0000134.jpg,1400,1050,22,success
train,9999960_00000_d_0000135.jpg,1400,1050,22,success
train,9999960_00000_d_0000136.jpg,1400,1050,15,success
train,9999960_00000_d_0000137.jpg,1400,1050,56,success
train,9999960_00000_d_0000138.jpg,1400,1050,37,success
train,9999960_00000_d_0000139.jpg,1400,1050,15,success
train,9999960_00000_d_0000140.jpg,1400,1050,17,success
train,9999960_00000_d_0000141.jpg,1400,1050,67,success
train,9999960_00000_d_0000142.jpg,1400,1050,8,success
train,9999960_00000_d_0000143.jpg,1400,1050,20,success
train,9999960_00000_d_0000144.jpg,1400,1050,45,success
train,9999960_00000_d_0000145.jpg,1400,1050,31,success
train,9999960_00000_d_0000146.jpg,1400,1050,49,success
train,9999960_00000_d_0000147.jpg,1400,1050,21,success
train,9999960_00000_d_0000148.jpg,1400,1050,48,success
train,9999960_00000_d_0000149.jpg,1400,1050,18,success
train,9999960_00000_d_0000150.jpg,1400,1050,55,success
train,9999960_00000_d_0000151.jpg,1400,1050,73,success
train,9999960_00000_d_0000152.jpg,1400,1050,22,success
train,9999960_00000_d_0000153.jpg,1400,1050,19,success
train,9999960_00000_d_0000154.jpg,1400,1050,46,success
train,9999960_00000_d_0000155.jpg,1400,1050,32,success
train,9999960_00000_d_0000156.jpg,1400,1050,27,success
train,9999960_00000_d_0000157.jpg,1400,1050,17,success
train,9999960_00000_d_0000158.jpg,1400,1050,18,success
train,9999960_00000_d_0000159.jpg,1400,1050,13,success
train,9999960_00000_d_0000160.jpg,1400,1050,12,success
train,9999960_00000_d_0000161.jpg,1400,1050,41,success
train,9999960_00000_d_0000162.jpg,1400,1050,34,success
train,9999960_00000_d_0000163.jpg,1400,1050,12,success
train,9999960_00000_d_0000164.jpg,1400,1050,9,success
train,9999960_00000_d_0000165.jpg,1400,1050,78,success
train,9999960_00000_d_0000166.jpg,1400,1050,93,success
train,9999960_00000_d_0000167.jpg,1400,1050,90,success
train,9999960_00000_d_0000168.jpg,1400,1050,17,success
train,9999960_00000_d_0000169.jpg,1400,1050,15,success
train,9999960_00000_d_0000170.jpg,1400,1050,65,success
train,9999960_00000_d_0000171.jpg,1400,1050,47,success
train,9999960_00000_d_0000172.jpg,1400,1050,65,success
train,9999960_00000_d_0000173.jpg,1400,1050,67,success
train,9999960_00000_d_0000174.jpg,1400,1050,23,success
train,9999960_00000_d_0000175.jpg,1400,1050,42,success
train,9999960_00000_d_0000176.jpg,1400,1050,22,success
train,9999960_00000_d_0000177.jpg,1400,1050,46,success
train,9999960_00000_d_0000178.jpg,1400,1050,25,success
train,9999960_00000_d_0000179.jpg,1400,1050,17,success
train,9999960_00000_d_0000180.jpg,1400,1050,21,success
train,9999960_00000_d_0000181.jpg,1400,1050,20,success
train,9999960_00000_d_0000182.jpg,1400,1050,19,success
train,9999960_00000_d_0000183.jpg,1400,1050,22,success
train,9999960_00000_d_0000184.jpg,1400,1050,44,success
train,9999960_00000_d_0000185.jpg,1400,1050,25,success
train,9999962_00000_d_0000001.jpg,1400,1050,20,success
train,9999962_00000_d_0000002.jpg,1400,1050,43,success
train,9999962_00000_d_0000003.jpg,1400,1050,29,success
train,9999962_00000_d_0000004.jpg,1400,1050,23,success
train,9999962_00000_d_0000005.jpg,1400,1050,14,success
train,9999962_00000_d_0000006.jpg,1400,1050,22,success
train,9999962_00000_d_0000007.jpg,1400,1050,18,success
train,9999962_00000_d_0000008.jpg,1400,1050,26,success
train,9999962_00000_d_0000009.jpg,1400,1050,28,success
train,9999962_00000_d_0000010.jpg,1400,1050,18,success
train,9999962_00000_d_0000011.jpg,1400,1050,47,success
train,9999962_00000_d_0000012.jpg,1400,1050,42,success
train,9999962_00000_d_0000013.jpg,1400,1050,51,success
train,9999962_00000_d_0000014.jpg,1400,1050,66,success
train,9999962_00000_d_0000015.jpg,1400,1050,88,success
train,9999962_00000_d_0000016.jpg,1400,1050,79,success
train,9999962_00000_d_0000017.jpg,1400,1050,35,success
train,9999962_00000_d_0000018.jpg,1400,1050,33,success
train,9999962_00000_d_0000019.jpg,1400,1050,28,success
train,9999962_00000_d_0000020.jpg,1400,1050,24,success
train,9999962_00000_d_0000021.jpg,1400,1050,39,success
train,9999962_00000_d_0000022.jpg,1400,1050,31,success
train,9999962_00000_d_0000023.jpg,1400,1050,53,success
train,9999962_00000_d_0000024.jpg,1400,1050,61,success
train,9999962_00000_d_0000025.jpg,1400,1050,57,success
train,9999962_00000_d_0000026.jpg,1400,1050,51,success
train,9999962_00000_d_0000027.jpg,1400,1050,22,success
train,9999962_00000_d_0000028.jpg,1400,1050,31,success
train,9999962_00000_d_0000029.jpg,1400,1050,48,success
train,9999962_00000_d_0000030.jpg,1400,1050,19,success
train,9999962_00000_d_0000031.jpg,1400,1050,31,success
train,9999962_00000_d_0000032.jpg,1400,1050,36,success
train,9999962_00000_d_0000033.jpg,1400,1050,23,success
train,9999962_00000_d_0000034.jpg,1400,1050,20,success
train,9999962_00000_d_0000035.jpg,1400,1050,41,success
train,9999962_00000_d_0000036.jpg,1400,1050,40,success
train,9999962_00000_d_0000037.jpg,1400,1050,68,success
train,9999962_00000_d_0000038.jpg,1400,1050,55,success
train,9999962_00000_d_0000039.jpg,1400,1050,68,success
train,9999962_00000_d_0000040.jpg,1400,1050,35,success
train,9999962_00000_d_0000041.jpg,1400,1050,29,success
train,9999962_00000_d_0000042.jpg,1400,1050,15,success
train,9999962_00000_d_0000043.jpg,1400,1050,27,success
train,9999962_00000_d_0000044.jpg,1400,1050,22,success
train,9999962_00000_d_0000045.jpg,1400,1050,18,success
train,9999962_00000_d_0000046.jpg,1400,1050,28,success
train,9999962_00000_d_0000047.jpg,1400,1050,30,success
train,9999962_00000_d_0000048.jpg,1400,1050,20,success
train,9999962_00000_d_0000049.jpg,1400,1050,14,success
train,9999962_00000_d_0000050.jpg,1400,1050,19,success
train,9999962_00000_d_0000051.jpg,1400,1050,44,success
train,9999962_00000_d_0000052.jpg,1400,1050,27,success
train,9999962_00000_d_0000053.jpg,1400,1050,28,success
train,9999962_00000_d_0000054.jpg,1400,1050,28,success
train,9999962_00000_d_0000055.jpg,1400,1050,34,success
train,9999962_00000_d_0000056.jpg,1400,1050,26,success
train,9999962_00000_d_0000057.jpg,1400,1050,43,success
train,9999962_00000_d_0000058.jpg,1400,1050,37,success
train,9999962_00000_d_0000059.jpg,1400,1050,46,success
train,9999962_00000_d_0000060.jpg,1400,1050,49,success
train,9999962_00000_d_0000061.jpg,1400,1050,74,success
train,9999962_00000_d_0000062.jpg,1400,1050,35,success
train,9999962_00000_d_0000063.jpg,1400,1050,32,success
train,9999962_00000_d_0000064.jpg,1400,1050,44,success
train,9999962_00000_d_0000065.jpg,1400,1050,71,success
train,9999962_00000_d_0000066.jpg,1400,1050,56,success
train,9999962_00000_d_0000067.jpg,1400,1050,79,success
train,9999962_00000_d_0000068.jpg,1400,1050,33,success
train,9999962_00000_d_0000069.jpg,1400,1050,44,success
train,9999962_00000_d_0000070.jpg,1400,1050,35,success
train,9999962_00000_d_0000071.jpg,1400,1050,43,success
train,9999962_00000_d_0000072.jpg,1400,1050,38,success
train,9999962_00000_d_0000073.jpg,1400,1050,24,success
train,9999962_00000_d_0000074.jpg,1400,1050,36,success
train,9999962_00000_d_0000075.jpg,1400,1050,10,success
train,9999962_00000_d_0000076.jpg,1400,1050,46,success
train,9999962_00000_d_0000077.jpg,1400,1050,129,success
train,9999962_00000_d_0000078.jpg,1400,1050,32,success
train,9999962_00000_d_0000079.jpg,1400,1050,41,success
train,9999962_00000_d_0000080.jpg,1400,1050,77,success
train,9999962_00000_d_0000081.jpg,1400,1050,73,success
train,9999962_00000_d_0000082.jpg,1400,1050,51,success
train,9999962_00000_d_0000083.jpg,1400,1050,26,success
train,9999962_00000_d_0000084.jpg,1400,1050,33,success
train,9999962_00000_d_0000085.jpg,1400,1050,30,success
train,9999962_00000_d_0000086.jpg,1400,1050,85,success
train,9999962_00000_d_0000087.jpg,1400,1050,25,success
train,9999962_00000_d_0000088.jpg,1400,1050,47,success
train,9999962_00000_d_0000089.jpg,1400,1050,52,success
train,9999962_00000_d_0000090.jpg,1400,1050,38,success
train,9999962_00000_d_0000091.jpg,1400,1050,58,success
train,9999962_00000_d_0000092.jpg,1400,1050,78,success
train,9999962_00000_d_0000093.jpg,1400,1050,92,success
train,9999962_00000_d_0000094.jpg,1400,1050,85,success
train,9999962_00000_d_0000095.jpg,1400,1050,21,success
train,9999962_00000_d_0000096.jpg,1400,1050,27,success
train,9999962_00000_d_0000097.jpg,1400,1050,44,success
train,9999962_00000_d_0000098.jpg,1400,1050,46,success
train,9999962_00000_d_0000099.jpg,1400,1050,41,success
train,9999962_00000_d_0000100.jpg,1400,1050,36,success
train,9999962_00000_d_0000101.jpg,1400,1050,37,success
train,9999962_00000_d_0000102.jpg,1400,1050,60,success
train,9999962_00000_d_0000103.jpg,1400,1050,72,success
train,9999962_00000_d_0000104.jpg,1400,1050,76,success
train,9999962_00000_d_0000105.jpg,1400,1050,28,success
train,9999962_00000_d_0000106.jpg,1400,1050,51,success
train,9999962_00000_d_0000107.jpg,1400,1050,78,success
train,9999962_00000_d_0000108.jpg,1400,1050,77,success
train,9999962_00000_d_0000109.jpg,1400,1050,90,success
train,9999962_00000_d_0000110.jpg,1400,1050,39,success
train,9999962_00000_d_0000111.jpg,1400,1050,45,success
train,9999962_00000_d_0000112.jpg,1400,1050,44,success
train,9999962_00000_d_0000113.jpg,1400,1050,53,success
train,9999962_00000_d_0000114.jpg,1400,1050,43,success
train,9999962_00000_d_0000115.jpg,1400,1050,40,success
train,9999962_00000_d_0000116.jpg,1400,1050,43,success
train,9999962_00000_d_0000117.jpg,1400,1050,38,success
train,9999962_00000_d_0000118.jpg,1400,1050,57,success
train,9999962_00000_d_0000119.jpg,1400,1050,59,success
train,9999962_00000_d_0000120.jpg,1400,1050,43,success
train,9999962_00000_d_0000121.jpg,1400,1050,66,success
train,9999962_00000_d_0000122.jpg,1400,1050,44,success
train,9999962_00000_d_0000123.jpg,1400,1050,48,success
train,9999962_00000_d_0000124.jpg,1400,1050,31,success
train,9999962_00000_d_0000125.jpg,1400,1050,22,success
train,9999962_00000_d_0000126.jpg,1400,1050,28,success
train,9999962_00000_d_0000127.jpg,1400,1050,33,success
train,9999962_00000_d_0000128.jpg,1400,1050,18,success
train,9999962_00000_d_0000129.jpg,1400,1050,27,success
train,9999962_00000_d_0000130.jpg,1400,1050,30,success
train,9999962_00000_d_0000131.jpg,1400,1050,28,success
train,9999962_00000_d_0000132.jpg,1400,1050,29,success
train,9999962_00000_d_0000133.jpg,1400,1050,34,success
train,9999962_00000_d_0000134.jpg,1400,1050,40,success
train,9999962_00000_d_0000135.jpg,1400,1050,17,success
train,9999962_00000_d_0000136.jpg,1400,1050,57,success
train,9999962_00000_d_0000137.jpg,1400,1050,48,success
train,9999962_00000_d_0000138.jpg,1400,1050,27,success
train,9999962_00000_d_0000139.jpg,1400,1050,15,success
train,9999962_00000_d_0000140.jpg,1400,1050,11,success
train,9999962_00000_d_0000141.jpg,1400,1050,25,success
train,9999962_00000_d_0000142.jpg,1400,1050,37,success
train,9999962_00000_d_0000143.jpg,1400,1050,100,success
train,9999962_00000_d_0000144.jpg,1400,1050,20,success
train,9999962_00000_d_0000145.jpg,1400,1050,24,success
train,9999962_00000_d_0000146.jpg,1400,1050,15,success
train,9999962_00000_d_0000147.jpg,1400,1050,29,success
train,9999962_00000_d_0000148.jpg,1400,1050,7,success
train,9999962_00000_d_0000149.jpg,1400,1050,14,success
train,9999962_00000_d_0000150.jpg,1400,1050,28,success
train,9999962_00000_d_0000151.jpg,1400,1050,13,success
train,9999962_00000_d_0000152.jpg,1400,1050,18,success
train,9999962_00000_d_0000153.jpg,1400,1050,41,success
train,9999962_00000_d_0000154.jpg,1400,1050,30,success
train,9999962_00000_d_0000155.jpg,1400,1050,21,success
train,9999962_00000_d_0000156.jpg,1400,1050,46,success
train,9999962_00000_d_0000157.jpg,1400,1050,63,success
train,9999962_00000_d_0000158.jpg,1400,1050,42,success
train,9999962_00000_d_0000159.jpg,1400,1050,54,success
train,9999962_00000_d_0000160.jpg,1400,1050,35,success
train,9999962_00000_d_0000161.jpg,1400,1050,25,success
train,9999962_00000_d_0000162.jpg,1400,1050,28,success
train,9999962_00000_d_0000163.jpg,1400,1050,27,success
train,9999962_00000_d_0000164.jpg,1400,1050,29,success
train,9999962_00000_d_0000165.jpg,1400,1050,12,success
train,9999962_00000_d_0000166.jpg,1400,1050,25,success
train,9999964_00000_d_0000001.jpg,1400,1050,52,success
train,9999964_00000_d_0000002.jpg,1400,1050,13,success
train,9999964_00000_d_0000003.jpg,1400,1050,57,success
train,9999964_00000_d_0000004.jpg,1400,1050,21,success
train,9999964_00000_d_0000005.jpg,1400,1050,40,success
train,9999964_00000_d_0000006.jpg,1400,1050,69,success
train,9999964_00000_d_0000007.jpg,1400,1050,76,success
train,9999964_00000_d_0000008.jpg,1400,1050,71,success
train,9999964_00000_d_0000009.jpg,1400,1050,47,success
train,9999964_00000_d_0000010.jpg,1400,1050,45,success
train,9999964_00000_d_0000011.jpg,1400,1050,23,success
train,9999964_00000_d_0000012.jpg,1400,1050,15,success
train,9999964_00000_d_0000013.jpg,1400,1050,86,success
train,9999964_00000_d_0000014.jpg,1400,1050,39,success
train,9999964_00000_d_0000015.jpg,1400,1050,36,success
train,9999964_00000_d_0000016.jpg,1400,1050,80,success
train,9999964_00000_d_0000017.jpg,1400,1050,72,success
train,9999964_00000_d_0000018.jpg,1400,1050,76,success
train,9999964_00000_d_0000019.jpg,1400,1050,57,success
train,9999964_00000_d_0000020.jpg,1400,1050,57,success
train,9999964_00000_d_0000021.jpg,1400,1050,91,success
train,9999964_00000_d_0000022.jpg,1400,1050,57,success
train,9999964_00000_d_0000023.jpg,1400,1050,76,success
train,9999964_00000_d_0000024.jpg,1400,1050,103,success
train,9999964_00000_d_0000025.jpg,1400,1050,65,success
train,9999964_00000_d_0000026.jpg,1400,1050,101,success
train,9999964_00000_d_0000027.jpg,1400,1050,69,success
train,9999964_00000_d_0000028.jpg,1400,1050,69,success
train,9999964_00000_d_0000029.jpg,1400,1050,63,success
train,9999964_00000_d_0000030.jpg,1400,1050,45,success
train,9999964_00000_d_0000031.jpg,1400,1050,22,success
train,9999964_00000_d_0000032.jpg,1400,1050,81,success
train,9999964_00000_d_0000033.jpg,1400,1050,48,success
train,9999964_00000_d_0000034.jpg,1400,1050,31,success
train,9999964_00000_d_0000035.jpg,1400,1050,112,success
train,9999964_00000_d_0000036.jpg,1400,1050,61,success
train,9999964_00000_d_0000037.jpg,1400,1050,24,success
train,9999964_00000_d_0000038.jpg,1400,1050,67,success
train,9999964_00000_d_0000039.jpg,1400,1050,79,success
train,9999964_00000_d_0000040.jpg,1400,1050,103,success
train,9999964_00000_d_0000041.jpg,1400,1050,86,success
train,9999964_00000_d_0000042.jpg,1400,1050,28,success
train,9999964_00000_d_0000043.jpg,1400,1050,66,success
train,9999964_00000_d_0000044.jpg,1400,1050,76,success
train,9999964_00000_d_0000045.jpg,1400,1050,45,success
train,9999964_00000_d_0000046.jpg,1400,1050,30,success
train,9999964_00000_d_0000047.jpg,1400,1050,60,success
train,9999964_00000_d_0000048.jpg,1400,1050,60,success
train,9999964_00000_d_0000049.jpg,1400,1050,99,success
train,9999964_00000_d_0000050.jpg,1400,1050,98,success
train,9999964_00000_d_0000051.jpg,1400,1050,38,success
train,9999964_00000_d_0000052.jpg,1400,1050,68,success
train,9999964_00000_d_0000053.jpg,1400,1050,64,success
train,9999964_00000_d_0000054.jpg,1400,1050,72,success
train,9999964_00000_d_0000055.jpg,1400,1050,84,success
train,9999964_00000_d_0000056.jpg,1400,1050,32,success
train,9999964_00000_d_0000057.jpg,1400,1050,62,success
train,9999964_00000_d_0000058.jpg,1400,1050,131,success
train,9999964_00000_d_0000059.jpg,1400,1050,114,success
train,9999964_00000_d_0000060.jpg,1400,1050,43,success
train,9999964_00000_d_0000061.jpg,1400,1050,22,success
train,9999964_00000_d_0000062.jpg,1400,1050,64,success
train,9999964_00000_d_0000063.jpg,1400,1050,78,success
train,9999964_00000_d_0000064.jpg,1400,1050,50,success
train,9999964_00000_d_0000065.jpg,1400,1050,71,success
train,9999964_00000_d_0000066.jpg,1400,1050,93,success
train,9999964_00000_d_0000067.jpg,1400,1050,103,success
train,9999964_00000_d_0000068.jpg,1400,1050,118,success
train,9999964_00000_d_0000069.jpg,1400,1050,55,success
train,9999964_00000_d_0000070.jpg,1400,1050,74,success
train,9999964_00000_d_0000071.jpg,1400,1050,56,success
train,9999964_00000_d_0000072.jpg,1400,1050,67,success
train,9999964_00000_d_0000073.jpg,1400,1050,87,success
train,9999964_00000_d_0000074.jpg,1400,1050,160,success
train,9999964_00000_d_0000075.jpg,1400,1050,129,success
train,9999964_00000_d_0000076.jpg,1400,1050,38,success
train,9999964_00000_d_0000077.jpg,1400,1050,24,success
train,9999964_00000_d_0000078.jpg,1400,1050,26,success
train,9999964_00000_d_0000079.jpg,1400,1050,28,success
train,9999964_00000_d_0000080.jpg,1400,1050,27,success
train,9999964_00000_d_0000081.jpg,1400,1050,66,success
train,9999964_00000_d_0000082.jpg,1400,1050,73,success
train,9999964_00000_d_0000083.jpg,1400,1050,15,success
train,9999964_00000_d_0000084.jpg,1400,1050,43,success
train,9999965_00000_d_0000001.jpg,1400,788,55,success
train,9999965_00000_d_0000002.jpg,1400,788,41,success
train,9999965_00000_d_0000003.jpg,1400,788,46,success
train,9999965_00000_d_0000004.jpg,1400,788,67,success
train,9999965_00000_d_0000005.jpg,1400,788,37,success
train,9999965_00000_d_0000006.jpg,1400,788,106,success
train,9999965_00000_d_0000007.jpg,1400,788,44,success
train,9999965_00000_d_0000008.jpg,1400,788,41,success
train,9999965_00000_d_0000009.jpg,1400,788,107,success
train,9999965_00000_d_0000010.jpg,1400,788,23,success
train,9999965_00000_d_0000011.jpg,1400,788,24,success
train,9999965_00000_d_0000012.jpg,1400,788,35,success
train,9999965_00000_d_0000013.jpg,1400,788,58,success
train,9999965_00000_d_0000014.jpg,1400,788,47,success
train,9999965_00000_d_0000015.jpg,1400,788,13,success
train,9999965_00000_d_0000016.jpg,1400,788,22,success
train,9999965_00000_d_0000017.jpg,1400,788,16,success
train,9999965_00000_d_0000018.jpg,1400,788,28,success
train,9999965_00000_d_0000019.jpg,1400,788,29,success
train,9999965_00000_d_0000020.jpg,1400,788,29,success
train,9999965_00000_d_0000021.jpg,1400,788,22,success
train,9999965_00000_d_0000022.jpg,1400,788,53,success
train,9999965_00000_d_0000023.jpg,1400,788,41,success
train,9999965_00000_d_0000024.jpg,1400,788,53,success
train,9999965_00000_d_0000025.jpg,1400,788,59,success
train,9999965_00000_d_0000026.jpg,1400,788,161,success
train,9999965_00000_d_0000027.jpg,1400,788,99,success
train,9999965_00000_d_0000028.jpg,1400,788,222,success
train,9999965_00000_d_0000029.jpg,1400,788,67,success
train,9999965_00000_d_0000030.jpg,1400,788,76,success
train,9999965_00000_d_0000031.jpg,1400,788,68,success
train,9999965_00000_d_0000032.jpg,1400,788,78,success
train,9999965_00000_d_0000033.jpg,1400,788,213,success
train,9999965_00000_d_0000034.jpg,1400,788,58,success
train,9999965_00000_d_0000035.jpg,1400,788,66,success
train,9999965_00000_d_0000036.jpg,1400,788,75,success
train,9999965_00000_d_0000037.jpg,1400,788,31,success
train,9999965_00000_d_0000038.jpg,1400,788,64,success
train,9999965_00000_d_0000039.jpg,1400,788,82,success
train,9999965_00000_d_0000040.jpg,1400,788,57,success
train,9999965_00000_d_0000041.jpg,1400,788,61,success
train,9999965_00000_d_0000042.jpg,1400,788,142,success
train,9999965_00000_d_0000043.jpg,1400,788,64,success
train,9999965_00000_d_0000044.jpg,1400,788,59,success
train,9999965_00000_d_0000045.jpg,1400,788,22,success
train,9999965_00000_d_0000046.jpg,1400,788,87,success
train,9999965_00000_d_0000047.jpg,1400,788,77,success
train,9999965_00000_d_0000048.jpg,1400,788,109,success
train,9999965_00000_d_0000049.jpg,1400,788,32,success
train,9999965_00000_d_0000050.jpg,1400,788,94,success
train,9999965_00000_d_0000051.jpg,1400,788,148,success
train,9999965_00000_d_0000052.jpg,1400,788,121,success
train,9999965_00000_d_0000053.jpg,1400,788,29,success
train,9999965_00000_d_0000054.jpg,1400,788,91,success
train,9999965_00000_d_0000055.jpg,1400,788,63,success
train,9999965_00000_d_0000056.jpg,1400,788,35,success
train,9999965_00000_d_0000057.jpg,1400,788,52,success
train,9999965_00000_d_0000058.jpg,1400,788,96,success
train,9999965_00000_d_0000059.jpg,1400,788,49,success
train,9999965_00000_d_0000060.jpg,1400,788,51,success
train,9999965_00000_d_0000061.jpg,1400,788,85,success
train,9999965_00000_d_0000062.jpg,1400,788,47,success
train,9999965_00000_d_0000063.jpg,1400,788,40,success
train,9999965_00000_d_0000064.jpg,1400,788,31,success
train,9999965_00000_d_0000065.jpg,1400,788,44,success
train,9999965_00000_d_0000066.jpg,1400,788,21,success
train,9999965_00000_d_0000067.jpg,1400,788,17,success
train,9999965_00000_d_0000068.jpg,1400,788,26,success
train,9999965_00000_d_0000069.jpg,1400,788,13,success
train,9999965_00000_d_0000070.jpg,1400,788,9,success
train,9999965_00000_d_0000071.jpg,1400,788,21,success
train,9999965_00000_d_0000072.jpg,1400,788,10,success
train,9999965_00000_d_0000073.jpg,1400,788,20,success
train,9999965_00000_d_0000074.jpg,1400,788,12,success
train,9999965_00000_d_0000075.jpg,1400,788,12,success
train,9999965_00000_d_0000076.jpg,1400,788,9,success
train,9999965_00000_d_0000077.jpg,1400,788,83,success
train,9999965_00000_d_0000078.jpg,1400,788,32,success
train,9999965_00000_d_0000079.jpg,1400,788,66,success
train,9999966_00000_d_0000001.jpg,1400,1050,39,success
train,9999966_00000_d_0000002.jpg,1400,1050,45,success
train,9999966_00000_d_0000003.jpg,1400,1050,42,success
train,9999966_00000_d_0000004.jpg,1400,1050,50,success
train,9999966_00000_d_0000005.jpg,1400,1050,62,success
train,9999966_00000_d_0000006.jpg,1400,1050,173,success
train,9999966_00000_d_0000007.jpg,1400,1050,82,success
train,9999966_00000_d_0000008.jpg,1400,1050,66,success
train,9999966_00000_d_0000009.jpg,1400,1050,42,success
train,9999966_00000_d_0000010.jpg,1400,1050,38,success
train,9999966_00000_d_0000011.jpg,1400,1050,57,success
train,9999966_00000_d_0000012.jpg,1400,1050,75,success
train,9999966_00000_d_0000013.jpg,1400,1050,21,success
train,9999966_00000_d_0000014.jpg,1400,1050,91,success
train,9999966_00000_d_0000015.jpg,1400,1050,42,success
train,9999966_00000_d_0000016.jpg,1400,1050,40,success
train,9999966_00000_d_0000017.jpg,1400,1050,47,success
train,9999966_00000_d_0000018.jpg,1400,1050,44,success
train,9999966_00000_d_0000019.jpg,1400,1050,41,success
train,9999966_00000_d_0000020.jpg,1400,1050,38,success
train,9999966_00000_d_0000021.jpg,1400,1050,17,success
train,9999966_00000_d_0000022.jpg,1400,1050,26,success
train,9999966_00000_d_0000023.jpg,1400,1050,30,success
train,9999966_00000_d_0000024.jpg,1400,1050,54,success
train,9999966_00000_d_0000025.jpg,1400,1050,23,success
train,9999966_00000_d_0000026.jpg,1400,1050,72,success
train,9999966_00000_d_0000027.jpg,1400,1050,76,success
train,9999966_00000_d_0000028.jpg,1400,1050,18,success
train,9999966_00000_d_0000029.jpg,1400,1050,181,success
train,9999966_00000_d_0000030.jpg,1400,1050,65,success
train,9999966_00000_d_0000031.jpg,1400,1050,94,success
train,9999966_00000_d_0000032.jpg,1400,1050,192,success
train,9999966_00000_d_0000033.jpg,1400,1050,94,success
train,9999966_00000_d_0000034.jpg,1400,1050,72,success
train,9999966_00000_d_0000035.jpg,1400,1050,59,success
train,9999966_00000_d_0000036.jpg,1400,1050,111,success
train,9999966_00000_d_0000037.jpg,1400,1050,81,success
train,9999966_00000_d_0000038.jpg,1400,1050,65,success
train,9999966_00000_d_0000039.jpg,1400,1050,37,success
train,9999966_00000_d_0000040.jpg,1400,1050,124,success
train,9999966_00000_d_0000041.jpg,1400,1050,97,success
train,9999966_00000_d_0000042.jpg,1400,1050,18,success
train,9999966_00000_d_0000043.jpg,1400,1050,86,success
train,9999966_00000_d_0000044.jpg,1400,1050,37,success
train,9999966_00000_d_0000045.jpg,1400,1050,27,success
train,9999966_00000_d_0000046.jpg,1400,1050,92,success
train,9999966_00000_d_0000047.jpg,1400,1050,44,success
train,9999966_00000_d_0000048.jpg,1400,1050,42,success
train,9999966_00000_d_0000049.jpg,1400,1050,109,success
train,9999966_00000_d_0000050.jpg,1400,1050,28,success
train,9999966_00000_d_0000051.jpg,1400,1050,75,success
train,9999966_00000_d_0000052.jpg,1400,1050,14,success
train,9999966_00000_d_0000053.jpg,1400,1050,44,success
train,9999966_00000_d_0000054.jpg,1400,1050,97,success
train,9999966_00000_d_0000055.jpg,1400,1050,85,success
train,9999966_00000_d_0000056.jpg,1400,1050,70,success
train,9999966_00000_d_0000057.jpg,1400,1050,122,success
train,9999966_00000_d_0000058.jpg,1400,1050,111,success
train,9999966_00000_d_0000059.jpg,1400,1050,75,success
train,9999966_00000_d_0000060.jpg,1400,1050,12,success
train,9999966_00000_d_0000061.jpg,1400,1050,40,success
train,9999966_00000_d_0000062.jpg,1400,1050,74,success
train,9999966_00000_d_0000063.jpg,1400,1050,135,success
train,9999966_00000_d_0000064.jpg,1400,1050,85,success
train,9999966_00000_d_0000065.jpg,1400,1050,24,success
train,9999966_00000_d_0000066.jpg,1400,1050,12,success
train,9999966_00000_d_0000067.jpg,1400,1050,26,success
train,9999966_00000_d_0000068.jpg,1400,1050,28,success
train,9999966_00000_d_0000069.jpg,1400,1050,13,success
train,9999966_00000_d_0000070.jpg,1400,1050,13,success
train,9999966_00000_d_0000071.jpg,1400,1050,20,success
train,9999966_00000_d_0000072.jpg,1400,1050,23,success
train,9999966_00000_d_0000073.jpg,1400,1050,32,success
train,9999966_00000_d_0000074.jpg,1400,1050,19,success
train,9999966_00000_d_0000075.jpg,1400,1050,29,success
train,9999966_00000_d_0000076.jpg,1400,1050,23,success
train,9999966_00000_d_0000077.jpg,1400,1050,24,success
train,9999966_00000_d_0000078.jpg,1400,1050,79,success
train,9999966_00000_d_0000079.jpg,1400,1050,56,success
train,9999966_00000_d_0000080.jpg,1400,1050,65,success
train,9999966_00000_d_0000081.jpg,1400,1050,38,success
train,9999966_00000_d_0000082.jpg,1400,1050,67,success
train,9999966_00000_d_0000083.jpg,1400,1050,33,success
train,9999966_00000_d_0000084.jpg,1400,1050,31,success
train,9999966_00000_d_0000085.jpg,1400,1050,16,success
train,9999966_00000_d_0000086.jpg,1400,1050,34,success
train,9999966_00000_d_0000087.jpg,1400,1050,31,success
train,9999966_00000_d_0000088.jpg,1400,1050,146,success
train,9999966_00000_d_0000089.jpg,1400,1050,170,success
train,9999966_00000_d_0000090.jpg,1400,1050,204,success
train,9999966_00000_d_0000091.jpg,1400,1050,129,success
train,9999966_00000_d_0000092.jpg,1400,1050,128,success
train,9999966_00000_d_0000093.jpg,1400,1050,80,success
train,9999966_00000_d_0000094.jpg,1400,1050,56,success
train,9999966_00000_d_0000095.jpg,1400,1050,95,success
train,9999966_00000_d_0000096.jpg,1400,1050,84,success
train,9999966_00000_d_0000097.jpg,1400,1050,44,success
train,9999966_00000_d_0000098.jpg,1400,1050,98,success
train,9999966_00000_d_0000099.jpg,1400,1050,27,success
train,9999966_00000_d_0000100.jpg,1400,1050,35,success
train,9999966_00000_d_0000101.jpg,1400,1050,20,success
train,9999966_00000_d_0000102.jpg,1400,1050,18,success
train,9999966_00000_d_0000103.jpg,1400,1050,62,success
train,9999966_00000_d_0000104.jpg,1400,1050,84,success
train,9999966_00000_d_0000105.jpg,1400,1050,104,success
train,9999966_00000_d_0000106.jpg,1400,1050,65,success
train,9999966_00000_d_0000107.jpg,1400,1050,102,success
train,9999966_00000_d_0000108.jpg,1400,1050,19,success
train,9999966_00000_d_0000109.jpg,1400,1050,27,success
train,9999966_00000_d_0000110.jpg,1400,1050,65,success
train,9999966_00000_d_0000111.jpg,1400,1050,67,success
train,9999966_00000_d_0000112.jpg,1400,1050,67,success
train,9999966_00000_d_0000113.jpg,1400,1050,33,success
train,9999966_00000_d_0000114.jpg,1400,1050,115,success
train,9999966_00000_d_0000115.jpg,1400,1050,33,success
train,9999966_00000_d_0000116.jpg,1400,1050,89,success
train,9999966_00000_d_0000117.jpg,1400,1050,15,success
train,9999966_00000_d_0000118.jpg,1400,1050,26,success
train,9999966_00000_d_0000119.jpg,1400,1050,21,success
train,9999966_00000_d_0000120.jpg,1400,1050,22,success
train,9999966_00000_d_0000121.jpg,1400,1050,42,success
train,9999966_00000_d_0000122.jpg,1400,1050,48,success
train,9999966_00000_d_0000123.jpg,1400,1050,35,success
train,9999966_00000_d_0000124.jpg,1400,1050,22,success
train,9999966_00000_d_0000125.jpg,1400,1050,20,success
train,9999966_00000_d_0000126.jpg,1400,1050,176,success
train,9999966_00000_d_0000127.jpg,1400,1050,120,success
train,9999966_00000_d_0000128.jpg,1400,1050,108,success
train,9999966_00000_d_0000129.jpg,1400,1050,132,success
train,9999966_00000_d_0000130.jpg,1400,1050,40,success
train,9999966_00000_d_0000131.jpg,1400,1050,143,success
train,9999966_00000_d_0000132.jpg,1400,1050,152,success
train,9999966_00000_d_0000133.jpg,1400,1050,95,success
train,9999966_00000_d_0000134.jpg,1400,1050,147,success
train,9999966_00000_d_0000135.jpg,1400,1050,50,success
train,9999966_00000_d_0000136.jpg,1400,1050,32,success
train,9999966_00000_d_0000137.jpg,1400,1050,38,success
train,9999966_00000_d_0000138.jpg,1400,1050,19,success
train,9999966_00000_d_0000139.jpg,1400,1050,17,success
train,9999966_00000_d_0000140.jpg,1400,1050,20,success
train,9999967_00000_d_0000001.jpg,1400,1050,45,success
train,9999967_00000_d_0000002.jpg,1400,1050,37,success
train,9999967_00000_d_0000003.jpg,1400,1050,24,success
train,9999967_00000_d_0000004.jpg,1400,1050,33,success
train,9999967_00000_d_0000005.jpg,1400,1050,26,success
train,9999967_00000_d_0000006.jpg,1400,1050,27,success
train,9999967_00000_d_0000007.jpg,1400,1050,40,success
train,9999967_00000_d_0000008.jpg,1400,1050,13,success
train,9999967_00000_d_0000009.jpg,1400,1050,21,success
train,9999967_00000_d_0000010.jpg,1400,1050,15,success
train,9999967_00000_d_0000011.jpg,1400,1050,20,success
train,9999967_00000_d_0000012.jpg,1400,1050,67,success
train,9999967_00000_d_0000013.jpg,1400,1050,20,success
train,9999967_00000_d_0000014.jpg,1400,1050,46,success
train,9999967_00000_d_0000015.jpg,1400,1050,21,success
train,9999967_00000_d_0000016.jpg,1400,1050,55,success
train,9999967_00000_d_0000017.jpg,1400,1050,81,success
train,9999967_00000_d_0000018.jpg,1400,1050,49,success
train,9999967_00000_d_0000019.jpg,1400,1050,37,success
train,9999967_00000_d_0000020.jpg,1400,1050,73,success
train,9999967_00000_d_0000021.jpg,1400,1050,124,success
train,9999967_00000_d_0000022.jpg,1400,1050,104,success
train,9999967_00000_d_0000023.jpg,1400,1050,38,success
train,9999967_00000_d_0000024.jpg,1400,1050,184,success
train,9999967_00000_d_0000025.jpg,1400,1050,69,success
train,9999967_00000_d_0000026.jpg,1400,1050,31,success
train,9999967_00000_d_0000027.jpg,1400,1050,25,success
train,9999967_00000_d_0000028.jpg,1400,1050,25,success
train,9999967_00000_d_0000029.jpg,1400,1050,98,success
train,9999967_00000_d_0000030.jpg,1400,1050,48,success
train,9999967_00000_d_0000031.jpg,1400,1050,56,success
train,9999967_00000_d_0000032.jpg,1400,1050,24,success
train,9999967_00000_d_0000033.jpg,1400,1050,49,success
train,9999967_00000_d_0000034.jpg,1400,1050,83,success
train,9999967_00000_d_0000035.jpg,1400,1050,59,success
train,9999967_00000_d_0000036.jpg,1400,1050,92,success
train,9999967_00000_d_0000037.jpg,1400,1050,26,success
train,9999967_00000_d_0000038.jpg,1400,1050,35,success
train,9999967_00000_d_0000039.jpg,1400,1050,59,success
train,9999967_00000_d_0000040.jpg,1400,1050,77,success
train,9999967_00000_d_0000041.jpg,1400,1050,37,success
train,9999967_00000_d_0000042.jpg,1400,1050,63,success
train,9999967_00000_d_0000043.jpg,1400,1050,34,success
train,9999967_00000_d_0000044.jpg,1400,1050,39,success
train,9999967_00000_d_0000045.jpg,1400,1050,76,success
train,9999967_00000_d_0000046.jpg,1400,1050,95,success
train,9999967_00000_d_0000047.jpg,1400,1050,58,success
train,9999967_00000_d_0000048.jpg,1400,1050,36,success
train,9999967_00000_d_0000049.jpg,1400,1050,52,success
train,9999967_00000_d_0000050.jpg,1400,1050,107,success
train,9999967_00000_d_0000051.jpg,1400,1050,94,success
train,9999967_00000_d_0000052.jpg,1400,1050,89,success
train,9999967_00000_d_0000053.jpg,1400,1050,81,success
train,9999967_00000_d_0000054.jpg,1400,1050,46,success
train,9999967_00000_d_0000055.jpg,1400,1050,62,success
train,9999967_00000_d_0000056.jpg,1400,1050,85,success
train,9999967_00000_d_0000057.jpg,1400,1050,39,success
train,9999967_00000_d_0000058.jpg,1400,1050,142,success
train,9999967_00000_d_0000059.jpg,1400,1050,88,success
train,9999967_00000_d_0000060.jpg,1400,1050,111,success
train,9999967_00000_d_0000061.jpg,1400,1050,76,success
train,9999967_00000_d_0000062.jpg,1400,1050,115,success
train,9999967_00000_d_0000063.jpg,1400,1050,118,success
train,9999967_00000_d_0000064.jpg,1400,1050,24,success
train,9999967_00000_d_0000065.jpg,1400,1050,24,success
train,9999967_00000_d_0000066.jpg,1400,1050,17,success
train,9999967_00000_d_0000067.jpg,1400,1050,46,success
train,9999969_00000_d_0000001.jpg,1400,1050,16,success
train,9999969_00000_d_0000002.jpg,1400,1050,66,success
train,9999969_00000_d_0000003.jpg,1400,1050,67,success
train,9999969_00000_d_0000004.jpg,1400,1050,42,success
train,9999969_00000_d_0000005.jpg,1400,1050,110,success
train,9999969_00000_d_0000006.jpg,1400,1050,55,success
train,9999969_00000_d_0000007.jpg,1400,1050,90,success
train,9999969_00000_d_0000008.jpg,1400,1050,85,success
train,9999969_00000_d_0000009.jpg,1400,1050,56,success
train,9999969_00000_d_0000010.jpg,1400,1050,63,success
train,9999969_00000_d_0000011.jpg,1400,1050,56,success
train,9999969_00000_d_0000012.jpg,1400,1050,94,success
train,9999969_00000_d_0000013.jpg,1400,1050,65,success
train,9999969_00000_d_0000014.jpg,1400,1050,30,success
train,9999969_00000_d_0000015.jpg,1400,1050,40,success
train,9999969_00000_d_0000016.jpg,1400,1050,79,success
train,9999969_00000_d_0000017.jpg,1400,1050,71,success
train,9999969_00000_d_0000018.jpg,1400,1050,60,success
train,9999969_00000_d_0000019.jpg,1400,1050,22,success
train,9999969_00000_d_0000020.jpg,1400,1050,45,success
train,9999969_00000_d_0000021.jpg,1400,1050,46,success
train,9999969_00000_d_0000022.jpg,1400,1050,70,success
train,9999969_00000_d_0000023.jpg,1400,1050,16,success
train,9999969_00000_d_0000024.jpg,1400,1050,36,success
train,9999969_00000_d_0000025.jpg,1400,1050,24,success
train,9999969_00000_d_0000026.jpg,1400,1050,19,success
train,9999969_00000_d_0000027.jpg,1400,1050,57,success
train,9999969_00000_d_0000028.jpg,1400,1050,45,success
train,9999969_00000_d_0000029.jpg,1400,1050,83,success
train,9999969_00000_d_0000030.jpg,1400,1050,118,success
train,9999969_00000_d_0000031.jpg,1400,1050,105,success
train,9999969_00000_d_0000032.jpg,1400,1050,100,success
train,9999969_00000_d_0000033.jpg,1400,1050,49,success
train,9999969_00000_d_0000034.jpg,1400,1050,75,success
train,9999969_00000_d_0000035.jpg,1400,1050,109,success
train,9999969_00000_d_0000036.jpg,1400,1050,51,success
train,9999969_00000_d_0000037.jpg,1400,1050,39,success
train,9999969_00000_d_0000038.jpg,1400,1050,85,success
train,9999969_00000_d_0000039.jpg,1400,1050,43,success
train,9999969_00000_d_0000040.jpg,1400,1050,44,success
train,9999969_00000_d_0000041.jpg,1400,1050,41,success
train,9999969_00000_d_0000042.jpg,1400,1050,59,success
train,9999969_00000_d_0000043.jpg,1400,1050,36,success
train,9999969_00000_d_0000044.jpg,1400,1050,5,success
train,9999969_00000_d_0000045.jpg,1400,1050,47,success
train,9999969_00000_d_0000046.jpg,1400,1050,82,success
train,9999969_00000_d_0000047.jpg,1400,1050,66,success
train,9999969_00000_d_0000048.jpg,1400,1050,48,success
train,9999969_00000_d_0000049.jpg,1400,1050,44,success
train,9999969_00000_d_0000050.jpg,1400,1050,55,success
train,9999969_00000_d_0000051.jpg,1400,1050,25,success
train,9999969_00000_d_0000052.jpg,1400,1050,50,success
train,9999969_00000_d_0000053.jpg,1400,1050,43,success
train,9999969_00000_d_0000054.jpg,1400,1050,55,success
train,9999969_00000_d_0000055.jpg,1400,1050,50,success
train,9999969_00000_d_0000056.jpg,1400,1050,73,success
train,9999969_00000_d_0000057.jpg,1400,1050,44,success
train,9999969_00000_d_0000058.jpg,1400,1050,61,success
train,9999969_00000_d_0000059.jpg,1400,1050,40,success
train,9999969_00000_d_0000060.jpg,1400,1050,38,success
train,9999969_00000_d_0000061.jpg,1400,1050,38,success
train,9999969_00000_d_0000062.jpg,1400,1050,44,success
train,9999969_00000_d_0000063.jpg,1400,1050,24,success
train,9999969_00000_d_0000064.jpg,1400,1050,27,success
train,9999969_00000_d_0000065.jpg,1400,1050,36,success
train,9999969_00000_d_0000066.jpg,1400,1050,47,success
train,9999969_00000_d_0000067.jpg,1400,1050,33,success
train,9999969_00000_d_0000068.jpg,1400,1050,62,success
train,9999969_00000_d_0000069.jpg,1400,1050,44,success
train,9999969_00000_d_0000070.jpg,1400,1050,114,success
train,9999970_00000_d_0000001.jpg,1400,1050,65,success
train,9999970_00000_d_0000002.jpg,1400,1050,103,success
train,9999970_00000_d_0000003.jpg,1400,1050,40,success
train,9999970_00000_d_0000004.jpg,1400,1050,52,success
train,9999970_00000_d_0000005.jpg,1400,1050,47,success
train,9999970_00000_d_0000006.jpg,1400,1050,59,success
train,9999970_00000_d_0000007.jpg,1400,1050,74,success
train,9999970_00000_d_0000008.jpg,1400,1050,94,success
train,9999970_00000_d_0000009.jpg,1400,1050,30,success
train,9999970_00000_d_0000010.jpg,1400,1050,22,success
train,9999970_00000_d_0000011.jpg,1400,1050,76,success
train,9999970_00000_d_0000012.jpg,1400,1050,90,success
train,9999970_00000_d_0000013.jpg,1400,1050,99,success
train,9999970_00000_d_0000014.jpg,1400,1050,126,success
train,9999970_00000_d_0000015.jpg,1398,1048,100,success
train,9999970_00000_d_0000016.jpg,1398,1048,96,success
train,9999970_00000_d_0000017.jpg,1398,1048,228,success
train,9999970_00000_d_0000018.jpg,1398,1048,32,success
train,9999970_00000_d_0000019.jpg,1398,1048,75,success
train,9999970_00000_d_0000020.jpg,1398,1048,165,success
train,9999970_00000_d_0000021.jpg,1398,1048,152,success
train,9999970_00000_d_0000022.jpg,1398,1048,117,success
train,9999970_00000_d_0000023.jpg,1398,1048,67,success
train,9999970_00000_d_0000024.jpg,1398,1048,94,success
train,9999970_00000_d_0000025.jpg,1398,1048,90,success
train,9999970_00000_d_0000026.jpg,1398,1048,100,success
train,9999970_00000_d_0000027.jpg,1398,1048,89,success
train,9999970_00000_d_0000028.jpg,1398,1048,39,success
train,9999970_00000_d_0000029.jpg,1398,1048,51,success
train,9999970_00000_d_0000030.jpg,1398,1048,49,success
train,9999970_00000_d_0000031.jpg,1398,1048,69,success
train,9999970_00000_d_0000032.jpg,1398,1048,41,success
train,9999970_00000_d_0000033.jpg,1398,1048,44,success
train,9999970_00000_d_0000034.jpg,1398,1048,57,success
train,9999970_00000_d_0000035.jpg,1398,1048,121,success
train,9999970_00000_d_0000036.jpg,1398,1048,57,success
train,9999970_00000_d_0000037.jpg,1398,1048,46,success
train,9999970_00000_d_0000038.jpg,1398,1048,70,success
train,9999970_00000_d_0000039.jpg,1398,1048,87,success
train,9999970_00000_d_0000040.jpg,1398,1048,55,success
train,9999970_00000_d_0000041.jpg,1398,1048,48,success
train,9999970_00000_d_0000042.jpg,1398,1048,45,success
train,9999970_00000_d_0000043.jpg,1398,1048,52,success
train,9999970_00000_d_0000044.jpg,1398,1048,65,success
train,9999970_00000_d_0000045.jpg,1400,1050,135,success
train,9999970_00000_d_0000046.jpg,1400,1050,99,success
train,9999970_00000_d_0000047.jpg,1400,1050,67,success
train,9999972_00000_d_0000001.jpg,1916,1078,10,success
train,9999972_00000_d_0000002.jpg,1916,1078,23,success
train,9999972_00000_d_0000003.jpg,1916,1078,31,success
train,9999972_00000_d_0000004.jpg,1916,1078,21,success
train,9999972_00000_d_0000005.jpg,1916,1078,10,success
train,9999972_00000_d_0000006.jpg,1916,1078,18,success
train,9999972_00000_d_0000007.jpg,1916,1078,11,success
train,9999972_00000_d_0000008.jpg,1916,1078,15,success
train,9999972_00000_d_0000009.jpg,1916,1078,6,success
train,9999972_00000_d_0000010.jpg,1916,1078,16,success
train,9999972_00000_d_0000011.jpg,1916,1078,19,success
train,9999972_00000_d_0000012.jpg,1916,1078,25,success
train,9999972_00000_d_0000013.jpg,1916,1078,30,success
train,9999972_00000_d_0000014.jpg,1916,1078,23,success
train,9999972_00000_d_0000015.jpg,1916,1078,18,success
train,9999972_00000_d_0000016.jpg,1916,1078,15,success
train,9999972_00000_d_0000017.jpg,1916,1078,24,success
train,9999972_00000_d_0000018.jpg,1916,1078,12,success
train,9999972_00000_d_0000019.jpg,1916,1078,19,success
train,9999972_00000_d_0000020.jpg,1916,1078,17,success
train,9999972_00000_d_0000021.jpg,1916,1078,34,success
train,9999972_00000_d_0000022.jpg,1916,1078,13,success
train,9999972_00000_d_0000023.jpg,1916,1078,30,success
train,9999972_00000_d_0000024.jpg,1916,1078,28,success
train,9999972_00000_d_0000025.jpg,1916,1078,18,success
train,9999972_00000_d_0000026.jpg,1916,1078,8,success
train,9999972_00000_d_0000027.jpg,1916,1078,26,success
train,9999972_00000_d_0000028.jpg,1916,1078,13,success
train,9999972_00000_d_0000029.jpg,1916,1078,21,success
train,9999972_00000_d_0000030.jpg,1916,1078,8,success
train,9999972_00000_d_0000031.jpg,1916,1078,32,success
train,9999972_00000_d_0000032.jpg,1916,1078,22,success
train,9999972_00000_d_0000033.jpg,1916,1078,43,success
train,9999972_00000_d_0000034.jpg,1916,1078,11,success
train,9999972_00000_d_0000035.jpg,1916,1078,14,success
train,9999972_00000_d_0000036.jpg,1916,1078,10,success
train,9999972_00000_d_0000037.jpg,1916,1078,25,success
train,9999972_00000_d_0000038.jpg,1916,1078,11,success
train,9999972_00000_d_0000039.jpg,1916,1078,9,success
train,9999972_00000_d_0000040.jpg,1916,1078,7,success
train,9999972_00000_d_0000041.jpg,1916,1078,24,success
train,9999972_00000_d_0000042.jpg,1916,1078,30,success
train,9999972_00000_d_0000043.jpg,1916,1078,24,success
train,9999972_00000_d_0000044.jpg,1916,1078,26,success
train,9999972_00000_d_0000045.jpg,1916,1078,22,success
train,9999972_00000_d_0000046.jpg,1916,1078,35,success
train,9999972_00000_d_0000047.jpg,1916,1078,7,success
train,9999972_00000_d_0000048.jpg,1916,1078,20,success
train,9999972_00000_d_0000049.jpg,1916,1078,9,success
train,9999972_00000_d_0000050.jpg,1916,1078,43,success
train,9999972_00000_d_0000051.jpg,1916,1078,49,success
train,9999972_00000_d_0000052.jpg,1916,1078,25,success
train,9999972_00000_d_0000053.jpg,1916,1078,10,success
train,9999972_00000_d_0000054.jpg,1916,1078,13,success
train,9999972_00000_d_0000055.jpg,1916,1078,21,success
train,9999972_00000_d_0000056.jpg,1916,1078,30,success
train,9999972_00000_d_0000057.jpg,1916,1078,44,success
train,9999972_00000_d_0000058.jpg,1916,1078,9,success
train,9999972_00000_d_0000059.jpg,1916,1078,11,success
train,9999972_00000_d_0000060.jpg,1916,1078,7,success
train,9999972_00000_d_0000061.jpg,1916,1078,33,success
train,9999972_00000_d_0000062.jpg,1916,1078,19,success
train,9999972_00000_d_0000063.jpg,1916,1078,19,success
train,9999972_00000_d_0000064.jpg,1916,1078,15,success
train,9999972_00000_d_0000065.jpg,1916,1078,21,success
train,9999972_00000_d_0000066.jpg,1916,1078,26,success
train,9999972_00000_d_0000067.jpg,1916,1078,38,success
train,9999972_00000_d_0000068.jpg,1916,1078,43,success
train,9999972_00000_d_0000069.jpg,1916,1078,13,success
train,9999972_00000_d_0000070.jpg,1916,1078,20,success
train,9999972_00000_d_0000071.jpg,1916,1078,21,success
train,9999972_00000_d_0000072.jpg,1916,1078,47,success
train,9999972_00000_d_0000073.jpg,1916,1078,21,success
train,9999972_00000_d_0000074.jpg,1916,1078,19,success
train,9999972_00000_d_0000075.jpg,1916,1078,17,success
train,9999972_00000_d_0000076.jpg,1916,1078,21,success
train,9999972_00000_d_0000077.jpg,1916,1078,16,success
train,9999972_00000_d_0000078.jpg,1916,1078,15,success
train,9999972_00000_d_0000079.jpg,1916,1078,37,success
train,9999972_00000_d_0000080.jpg,1916,1078,30,success
train,9999972_00000_d_0000081.jpg,1916,1078,28,success
train,9999972_00000_d_0000082.jpg,1916,1078,24,success
train,9999972_00000_d_0000083.jpg,1916,1078,20,success
train,9999972_00000_d_0000084.jpg,1916,1078,32,success
train,9999972_00000_d_0000085.jpg,1916,1078,35,success
train,9999972_00000_d_0000086.jpg,1916,1078,26,success
train,9999972_00000_d_0000087.jpg,1916,1078,33,success
train,9999972_00000_d_0000088.jpg,1916,1078,31,success
train,9999972_00000_d_0000089.jpg,1916,1078,37,success
train,9999972_00000_d_0000090.jpg,1916,1078,27,success
train,9999972_00000_d_0000091.jpg,1916,1078,26,success
train,9999972_00000_d_0000092.jpg,1916,1078,21,success
train,9999972_00000_d_0000093.jpg,1916,1078,15,success
train,9999972_00000_d_0000094.jpg,1916,1078,36,success
train,9999972_00000_d_0000095.jpg,1916,1078,9,success
train,9999972_00000_d_0000096.jpg,1916,1078,42,success
train,9999972_00000_d_0000097.jpg,1916,1078,5,success
train,9999972_00000_d_0000098.jpg,1916,1078,48,success
train,9999972_00000_d_0000099.jpg,1916,1078,46,success
train,9999972_00000_d_0000100.jpg,1916,1078,23,success
train,9999972_00000_d_0000101.jpg,1916,1078,19,success
train,9999972_00000_d_0000102.jpg,1916,1078,13,success
train,9999972_00000_d_0000103.jpg,1916,1078,17,success
train,9999972_00000_d_0000104.jpg,1916,1078,15,success
train,9999972_00000_d_0000105.jpg,1916,1078,23,success
train,9999972_00000_d_0000106.jpg,1916,1078,19,success
train,9999972_00000_d_0000107.jpg,1916,1078,30,success
train,9999972_00000_d_0000108.jpg,1916,1078,37,success
train,9999972_00000_d_0000109.jpg,1916,1078,53,success
train,9999972_00000_d_0000110.jpg,1916,1078,10,success
train,9999972_00000_d_0000111.jpg,1916,1078,19,success
train,9999972_00000_d_0000112.jpg,1916,1078,20,success
train,9999972_00000_d_0000113.jpg,1916,1078,24,success
train,9999972_00000_d_0000114.jpg,1916,1078,19,success
train,9999972_00000_d_0000115.jpg,1916,1078,32,success
train,9999972_00000_d_0000116.jpg,1916,1078,9,success
train,9999972_00000_d_0000117.jpg,1916,1078,9,success
train,9999972_00000_d_0000118.jpg,1916,1078,22,success
train,9999972_00000_d_0000119.jpg,1916,1078,23,success
train,9999972_00000_d_0000120.jpg,1916,1078,21,success
train,9999972_00000_d_0000121.jpg,1916,1078,9,success
train,9999972_00000_d_0000122.jpg,1916,1078,20,success
train,9999972_00000_d_0000123.jpg,1916,1078,24,success
train,9999972_00000_d_0000124.jpg,1916,1078,30,success
train,9999972_00000_d_0000125.jpg,1916,1078,24,success
train,9999972_00000_d_0000126.jpg,1916,1078,41,success
train,9999972_00000_d_0000127.jpg,1916,1078,42,success
train,9999972_00000_d_0000128.jpg,1916,1078,35,success
train,9999972_00000_d_0000129.jpg,1916,1078,36,success
train,9999972_00000_d_0000130.jpg,1916,1078,45,success
train,9999972_00000_d_0000131.jpg,1916,1078,25,success
train,9999972_00000_d_0000132.jpg,1916,1078,27,success
train,9999972_00000_d_0000133.jpg,1916,1078,28,success
train,9999972_00000_d_0000134.jpg,1916,1078,27,success
train,9999972_00000_d_0000135.jpg,1916,1078,48,success
train,9999972_00000_d_0000136.jpg,1916,1078,46,success
train,9999972_00000_d_0000137.jpg,1916,1078,59,success
train,9999972_00000_d_0000138.jpg,1916,1078,35,success
train,9999972_00000_d_0000139.jpg,1916,1078,42,success
train,9999972_00000_d_0000140.jpg,1916,1078,28,success
train,9999972_00000_d_0000141.jpg,1916,1078,66,success
train,9999972_00000_d_0000142.jpg,1916,1078,51,success
train,9999972_00000_d_0000143.jpg,1916,1078,11,success
train,9999972_00000_d_0000144.jpg,1916,1078,29,success
train,9999972_00000_d_0000145.jpg,1916,1078,33,success
train,9999972_00000_d_0000146.jpg,1916,1078,12,success
train,9999972_00000_d_0000147.jpg,1916,1078,13,success
train,9999972_00000_d_0000148.jpg,1916,1078,8,success
train,9999972_00000_d_0000149.jpg,1916,1078,4,success
train,9999972_00000_d_0000150.jpg,1916,1078,74,success
train,9999972_00000_d_0000151.jpg,1916,1078,18,success
train,9999972_00000_d_0000152.jpg,1916,1078,17,success
train,9999972_00000_d_0000153.jpg,1916,1078,5,success
train,9999972_00000_d_0000154.jpg,1916,1078,21,success
train,9999972_00000_d_0000155.jpg,1916,1078,19,success
train,9999972_00000_d_0000156.jpg,1916,1078,23,success
train,9999972_00000_d_0000157.jpg,1916,1078,12,success
train,9999972_00000_d_0000158.jpg,1916,1078,22,success
train,9999972_00000_d_0000159.jpg,1916,1078,8,success
train,9999972_00000_d_0000160.jpg,1916,1078,23,success
train,9999972_00000_d_0000161.jpg,1916,1078,16,success
train,9999972_00000_d_0000162.jpg,1916,1078,29,success
train,9999974_00000_d_0000001.jpg,1916,1078,29,success
train,9999974_00000_d_0000002.jpg,1916,1078,15,success
train,9999974_00000_d_0000003.jpg,1916,1078,40,success
train,9999974_00000_d_0000004.jpg,1916,1078,26,success
train,9999974_00000_d_0000005.jpg,1916,1078,17,success
train,9999974_00000_d_0000006.jpg,1916,1078,26,success
train,9999974_00000_d_0000007.jpg,1916,1078,65,success
train,9999974_00000_d_0000008.jpg,1916,1078,33,success
train,9999974_00000_d_0000009.jpg,1916,1078,26,success
train,9999974_00000_d_0000010.jpg,1916,1078,23,success
train,9999974_00000_d_0000011.jpg,1916,1078,26,success
train,9999974_00000_d_0000012.jpg,1916,1078,26,success
train,9999974_00000_d_0000013.jpg,1916,1078,19,success
train,9999974_00000_d_0000014.jpg,1916,1078,27,success
train,9999974_00000_d_0000015.jpg,1916,1078,42,success
train,9999974_00000_d_0000016.jpg,1916,1078,29,success
train,9999974_00000_d_0000017.jpg,1916,1078,56,success
train,9999974_00000_d_0000018.jpg,1916,1078,37,success
train,9999974_00000_d_0000019.jpg,1916,1078,22,success
train,9999974_00000_d_0000020.jpg,1916,1078,28,success
train,9999974_00000_d_0000021.jpg,1916,1078,14,success
train,9999974_00000_d_0000022.jpg,1916,1078,15,success
train,9999974_00000_d_0000023.jpg,1916,1078,14,success
train,9999974_00000_d_0000024.jpg,1916,1078,28,success
train,9999974_00000_d_0000025.jpg,1916,1078,32,success
train,9999974_00000_d_0000026.jpg,1916,1078,54,success
train,9999974_00000_d_0000027.jpg,1916,1078,55,success
train,9999974_00000_d_0000028.jpg,1916,1078,21,success
train,9999974_00000_d_0000029.jpg,1916,1078,74,success
train,9999974_00000_d_0000030.jpg,1916,1078,48,success
train,9999974_00000_d_0000031.jpg,1916,1078,13,success
train,9999974_00000_d_0000032.jpg,1916,1078,13,success
train,9999974_00000_d_0000033.jpg,1916,1078,38,success
train,9999974_00000_d_0000034.jpg,1916,1078,48,success
train,9999974_00000_d_0000035.jpg,1916,1078,37,success
train,9999974_00000_d_0000036.jpg,1916,1078,47,success
train,9999974_00000_d_0000037.jpg,1916,1078,25,success
train,9999974_00000_d_0000038.jpg,1916,1078,14,success
train,9999974_00000_d_0000039.jpg,1916,1078,27,success
train,9999974_00000_d_0000040.jpg,1916,1078,28,success
train,9999974_00000_d_0000041.jpg,1916,1078,27,success
train,9999974_00000_d_0000042.jpg,1916,1078,34,success
train,9999974_00000_d_0000043.jpg,1916,1078,30,success
train,9999974_00000_d_0000044.jpg,1916,1078,23,success
train,9999974_00000_d_0000045.jpg,1916,1078,22,success
train,9999974_00000_d_0000046.jpg,1916,1078,31,success
train,9999974_00000_d_0000047.jpg,1916,1078,38,success
train,9999974_00000_d_0000048.jpg,1916,1078,36,success
train,9999974_00000_d_0000049.jpg,1916,1078,14,success
train,9999974_00000_d_0000050.jpg,1916,1078,22,success
train,9999974_00000_d_0000051.jpg,1916,1078,19,success
train,9999974_00000_d_0000052.jpg,1916,1078,29,success
train,9999974_00000_d_0000053.jpg,1916,1078,34,success
train,9999974_00000_d_0000054.jpg,1916,1078,30,success
train,9999974_00000_d_0000055.jpg,1916,1078,13,success
train,9999974_00000_d_0000056.jpg,1916,1078,43,success
train,9999974_00000_d_0000057.jpg,1916,1078,36,success
train,9999975_00000_d_0000001.jpg,1400,1050,52,success
train,9999975_00000_d_0000002.jpg,1400,1050,65,success
train,9999975_00000_d_0000003.jpg,1400,1050,60,success
train,9999975_00000_d_0000004.jpg,1400,1050,111,success
train,9999975_00000_d_0000005.jpg,1400,1050,57,success
train,9999975_00000_d_0000006.jpg,1400,1050,65,success
train,9999975_00000_d_0000007.jpg,1400,1050,143,success
train,9999975_00000_d_0000008.jpg,1400,1050,68,success
train,9999975_00000_d_0000009.jpg,1400,1050,87,success
train,9999975_00000_d_0000010.jpg,1400,1050,103,success
train,9999975_00000_d_0000011.jpg,1400,1050,128,success
train,9999975_00000_d_0000012.jpg,1400,1050,108,success
train,9999975_00000_d_0000013.jpg,1400,1050,117,success
train,9999975_00000_d_0000014.jpg,1400,1050,100,success
train,9999975_00000_d_0000015.jpg,1400,1050,119,success
train,9999975_00000_d_0000016.jpg,1400,1050,86,success
train,9999975_00000_d_0000017.jpg,1400,1050,75,success
train,9999975_00000_d_0000018.jpg,1400,1050,76,success
train,9999975_00000_d_0000019.jpg,1400,1050,146,success
train,9999975_00000_d_0000020.jpg,1400,1050,168,success
train,9999975_00000_d_0000021.jpg,1400,1050,140,success
train,9999975_00000_d_0000022.jpg,1400,1050,126,success
train,9999975_00000_d_0000023.jpg,1400,1050,61,success
train,9999975_00000_d_0000024.jpg,1400,1050,53,success
train,9999975_00000_d_0000025.jpg,1400,1050,41,success
train,9999975_00000_d_0000026.jpg,1400,1050,38,success
train,9999975_00000_d_0000027.jpg,1400,1050,97,success
train,9999975_00000_d_0000028.jpg,1400,1050,109,success
train,9999975_00000_d_0000029.jpg,1400,1050,128,success
train,9999975_00000_d_0000030.jpg,1400,1050,118,success
train,9999975_00000_d_0000031.jpg,1400,1050,103,success
train,9999975_00000_d_0000032.jpg,1400,1050,94,success
train,9999975_00000_d_0000033.jpg,1400,1050,48,success
train,9999975_00000_d_0000034.jpg,1400,1050,45,success
train,9999977_00000_d_0000001.jpg,1916,1078,38,success
train,9999977_00000_d_0000002.jpg,1916,1078,45,success
train,9999977_00000_d_0000003.jpg,1916,1078,42,success
train,9999977_00000_d_0000004.jpg,1916,1078,40,success
train,9999977_00000_d_0000005.jpg,1916,1078,29,success
train,9999977_00000_d_0000006.jpg,1916,1078,31,success
train,9999977_00000_d_0000007.jpg,1916,1078,36,success
train,9999977_00000_d_0000008.jpg,1916,1078,48,success
train,9999977_00000_d_0000009.jpg,1916,1078,46,success
train,9999977_00000_d_0000010.jpg,1916,1078,31,success
train,9999977_00000_d_0000011.jpg,1916,1078,41,success
train,9999977_00000_d_0000012.jpg,1916,1078,40,success
train,9999977_00000_d_0000013.jpg,1916,1078,43,success
train,9999977_00000_d_0000014.jpg,1916,1078,39,success
train,9999977_00000_d_0000015.jpg,1916,1078,41,success
train,9999977_00000_d_0000016.jpg,1916,1078,42,success
train,9999977_00000_d_0000017.jpg,1916,1078,43,success
train,9999977_00000_d_0000018.jpg,1916,1078,42,success
train,9999977_00000_d_0000019.jpg,1916,1078,42,success
train,9999977_00000_d_0000020.jpg,1916,1078,38,success
train,9999977_00000_d_0000021.jpg,1916,1078,43,success
train,9999977_00000_d_0000022.jpg,1916,1078,32,success
train,9999977_00000_d_0000023.jpg,1916,1078,13,success
train,9999977_00000_d_0000024.jpg,1916,1078,35,success
train,9999977_00000_d_0000025.jpg,1916,1078,36,success
train,9999977_00000_d_0000026.jpg,1916,1078,36,success
train,9999977_00000_d_0000027.jpg,1916,1078,28,success
train,9999977_00000_d_0000028.jpg,1916,1078,22,success
train,9999977_00000_d_0000029.jpg,1916,1078,20,success
train,9999977_00000_d_0000030.jpg,1916,1078,13,success
train,9999977_00000_d_0000031.jpg,1916,1078,14,success
train,9999977_00000_d_0000032.jpg,1916,1078,14,success
train,9999977_00000_d_0000033.jpg,1916,1078,82,success
train,9999977_00000_d_0000034.jpg,1916,1078,92,success
train,9999977_00000_d_0000035.jpg,1916,1078,69,success
train,9999977_00000_d_0000036.jpg,1916,1078,86,success
train,9999977_00000_d_0000037.jpg,1916,1078,70,success
train,9999977_00000_d_0000038.jpg,1916,1078,72,success
train,9999977_00000_d_0000039.jpg,1916,1078,17,success
train,9999977_00000_d_0000040.jpg,1916,1078,89,success
train,9999977_00000_d_0000041.jpg,1916,1078,82,success
train,9999977_00000_d_0000042.jpg,1916,1078,71,success
train,9999977_00000_d_0000043.jpg,1916,1078,72,success
train,9999977_00000_d_0000044.jpg,1916,1078,65,success
train,9999977_00000_d_0000045.jpg,1916,1078,50,success
train,9999977_00000_d_0000046.jpg,1916,1078,51,success
train,9999977_00000_d_0000047.jpg,1916,1078,58,success
train,9999977_00000_d_0000048.jpg,1916,1078,71,success
train,9999977_00000_d_0000049.jpg,1916,1078,62,success
train,9999977_00000_d_0000050.jpg,1916,1078,62,success
train,9999977_00000_d_0000051.jpg,1916,1078,55,success
train,9999977_00000_d_0000052.jpg,1916,1078,41,success
train,9999977_00000_d_0000053.jpg,1916,1078,30,success
train,9999977_00000_d_0000054.jpg,1916,1078,32,success
train,9999977_00000_d_0000055.jpg,1916,1078,35,success
train,9999977_00000_d_0000056.jpg,1916,1078,27,success
train,9999977_00000_d_0000057.jpg,1916,1078,29,success
train,9999977_00000_d_0000058.jpg,1916,1078,28,success
train,9999977_00000_d_0000059.jpg,1916,1078,33,success
train,9999977_00000_d_0000060.jpg,1916,1078,27,success
train,9999977_00000_d_0000061.jpg,1916,1078,25,success
train,9999977_00000_d_0000062.jpg,1916,1078,16,success
train,9999977_00000_d_0000063.jpg,1916,1078,45,success
train,9999977_00000_d_0000064.jpg,1916,1078,48,success
train,9999977_00000_d_0000065.jpg,1916,1078,37,success
train,9999977_00000_d_0000066.jpg,1916,1078,43,success
train,9999977_00000_d_0000067.jpg,1916,1078,37,success
train,9999977_00000_d_0000068.jpg,1916,1078,22,success
train,9999977_00000_d_0000069.jpg,1916,1078,8,success
train,9999977_00000_d_0000070.jpg,1916,1078,33,success
train,9999977_00000_d_0000071.jpg,1916,1078,23,success
train,9999977_00000_d_0000072.jpg,1916,1078,7,success
train,9999977_00000_d_0000073.jpg,1916,1078,6,success
train,9999977_00000_d_0000074.jpg,1916,1078,6,success
train,9999977_00000_d_0000075.jpg,1916,1078,16,success
train,9999977_00000_d_0000076.jpg,1916,1078,30,success
train,9999977_00000_d_0000077.jpg,1916,1078,24,success
train,9999977_00000_d_0000078.jpg,1916,1078,37,success
train,9999977_00000_d_0000079.jpg,1916,1078,38,success
train,9999977_00000_d_0000080.jpg,1916,1078,36,success
train,9999977_00000_d_0000081.jpg,1916,1078,42,success
train,9999977_00000_d_0000082.jpg,1916,1078,27,success
train,9999977_00000_d_0000083.jpg,1916,1078,35,success
train,9999977_00000_d_0000084.jpg,1916,1078,36,success
train,9999977_00000_d_0000085.jpg,1916,1078,47,success
train,9999977_00000_d_0000086.jpg,1916,1078,37,success
train,9999977_00000_d_0000087.jpg,1916,1078,54,success
train,9999977_00000_d_0000088.jpg,1916,1078,43,success
train,9999977_00000_d_0000089.jpg,1916,1078,30,success
train,9999977_00000_d_0000090.jpg,1916,1078,23,success
train,9999977_00000_d_0000091.jpg,1916,1078,18,success
train,9999977_00000_d_0000092.jpg,1916,1078,36,success
train,9999977_00000_d_0000093.jpg,1916,1078,38,success
train,9999977_00000_d_0000094.jpg,1916,1078,45,success
train,9999977_00000_d_0000095.jpg,1916,1078,53,success
train,9999977_00000_d_0000096.jpg,1916,1078,57,success
train,9999977_00000_d_0000097.jpg,1916,1078,54,success
train,9999977_00000_d_0000098.jpg,1916,1078,43,success
train,9999977_00000_d_0000099.jpg,1916,1078,47,success
train,9999977_00000_d_0000100.jpg,1916,1078,26,success
train,9999977_00000_d_0000101.jpg,1916,1078,32,success
train,9999981_00000_d_0000001.jpg,1400,1050,13,success
train,9999981_00000_d_0000002.jpg,1400,1050,67,success
train,9999981_00000_d_0000003.jpg,1400,1050,58,success
train,9999981_00000_d_0000004.jpg,1400,1050,10,success
train,9999981_00000_d_0000005.jpg,1400,1050,14,success
train,9999981_00000_d_0000006.jpg,1400,1050,54,success
train,9999981_00000_d_0000007.jpg,1400,1050,13,success
train,9999981_00000_d_0000008.jpg,1400,1050,15,success
train,9999981_00000_d_0000009.jpg,1400,1050,6,success
train,9999981_00000_d_0000010.jpg,1400,1050,21,success
train,9999981_00000_d_0000011.jpg,1400,1050,69,success
train,9999981_00000_d_0000012.jpg,1400,1050,22,success
train,9999981_00000_d_0000013.jpg,1400,1050,9,success
train,9999981_00000_d_0000014.jpg,1400,1050,56,success
train,9999981_00000_d_0000015.jpg,1400,1050,73,success
train,9999981_00000_d_0000016.jpg,1400,1050,47,success
train,9999981_00000_d_0000017.jpg,1400,1050,28,success
train,9999981_00000_d_0000018.jpg,1400,1050,57,success
train,9999981_00000_d_0000019.jpg,1400,1050,54,success
train,9999981_00000_d_0000020.jpg,1400,1050,35,success
train,9999981_00000_d_0000021.jpg,1400,1050,58,success
train,9999981_00000_d_0000022.jpg,1400,1050,17,success
train,9999981_00000_d_0000023.jpg,1400,1050,97,success
train,9999981_00000_d_0000024.jpg,1400,1050,65,success
train,9999981_00000_d_0000025.jpg,1400,1050,26,success
train,9999981_00000_d_0000026.jpg,1400,1050,9,success
train,9999981_00000_d_0000027.jpg,1400,1050,77,success
train,9999981_00000_d_0000028.jpg,1400,1050,49,success
train,9999981_00000_d_0000029.jpg,1400,1050,47,success
train,9999981_00000_d_0000030.jpg,1400,1050,38,success
train,9999981_00000_d_0000031.jpg,1400,1050,43,success
train,9999981_00000_d_0000032.jpg,1400,1050,24,success
train,9999981_00000_d_0000033.jpg,1400,1050,35,success
train,9999981_00000_d_0000034.jpg,1400,1050,14,success
train,9999981_00000_d_0000035.jpg,1400,1050,70,success
train,9999981_00000_d_0000036.jpg,1400,1050,39,success
train,9999981_00000_d_0000037.jpg,1400,1050,92,success
train,9999981_00000_d_0000038.jpg,1400,1050,12,success
train,9999981_00000_d_0000039.jpg,1400,1050,35,success
train,9999981_00000_d_0000040.jpg,1400,1050,55,success
train,9999981_00000_d_0000041.jpg,1400,1050,93,success
train,9999981_00000_d_0000042.jpg,1400,1050,51,success
train,9999981_00000_d_0000043.jpg,1400,1050,22,success
train,9999981_00000_d_0000044.jpg,1400,1050,12,success
train,9999981_00000_d_0000045.jpg,1400,1050,68,success
train,9999981_00000_d_0000046.jpg,1400,1050,17,success
train,9999981_00000_d_0000047.jpg,1400,1050,52,success
train,9999981_00000_d_0000048.jpg,1400,1050,99,success
train,9999981_00000_d_0000049.jpg,1400,1050,31,success
train,9999981_00000_d_0000050.jpg,1400,1050,47,success
train,9999981_00000_d_0000051.jpg,1400,1050,11,success
train,9999981_00000_d_0000052.jpg,1400,1050,18,success
train,9999981_00000_d_0000053.jpg,1400,1050,15,success
train,9999981_00000_d_0000054.jpg,1400,1050,40,success
train,9999981_00000_d_0000055.jpg,1400,1050,121,success
train,9999981_00000_d_0000056.jpg,1400,1050,30,success
train,9999981_00000_d_0000057.jpg,1400,1050,27,success
train,9999981_00000_d_0000058.jpg,1400,1050,11,success
train,9999981_00000_d_0000059.jpg,1400,1050,18,success
train,9999981_00000_d_0000060.jpg,1400,1050,53,success
train,9999981_00000_d_0000061.jpg,1400,1050,23,success
train,9999981_00000_d_0000062.jpg,1400,1050,56,success
train,9999981_00000_d_0000063.jpg,1400,1050,24,success
train,9999981_00000_d_0000064.jpg,1400,1050,9,success
train,9999981_00000_d_0000065.jpg,1400,1050,20,success
train,9999981_00000_d_0000066.jpg,1400,1050,20,success
train,9999981_00000_d_0000067.jpg,1400,1050,11,success
train,9999981_00000_d_0000068.jpg,1400,1050,23,success
train,9999981_00000_d_0000069.jpg,1400,1050,39,success
train,9999981_00000_d_0000070.jpg,1400,1050,60,success
train,9999981_00000_d_0000071.jpg,1400,1050,7,success
train,9999981_00000_d_0000072.jpg,1400,1050,20,success
train,9999981_00000_d_0000073.jpg,1400,1050,36,success
train,9999981_00000_d_0000074.jpg,1400,1050,50,success
train,9999981_00000_d_0000075.jpg,1400,1050,40,success
train,9999981_00000_d_0000076.jpg,1400,1050,64,success
train,9999981_00000_d_0000077.jpg,1400,1050,59,success
train,9999981_00000_d_0000078.jpg,1400,1050,9,success
train,9999981_00000_d_0000079.jpg,1400,1050,71,success
train,9999981_00000_d_0000080.jpg,1400,1050,29,success
train,9999981_00000_d_0000081.jpg,1400,1050,17,success
train,9999981_00000_d_0000082.jpg,1400,1050,37,success
train,9999981_00000_d_0000083.jpg,1400,1050,43,success
train,9999981_00000_d_0000084.jpg,1400,1050,8,success
train,9999981_00000_d_0000085.jpg,1400,1050,24,success
train,9999981_00000_d_0000086.jpg,1400,1050,92,success
train,9999981_00000_d_0000087.jpg,1400,1050,40,success
train,9999981_00000_d_0000088.jpg,1400,1050,74,success
train,9999981_00000_d_0000089.jpg,1400,1050,70,success
train,9999981_00000_d_0000090.jpg,1400,1050,30,success
train,9999981_00000_d_0000091.jpg,1400,1050,86,success
train,9999981_00000_d_0000092.jpg,1400,1050,30,success
train,9999981_00000_d_0000093.jpg,1400,1050,9,success
train,9999981_00000_d_0000094.jpg,1400,1050,46,success
train,9999981_00000_d_0000095.jpg,1400,1050,122,success
train,9999981_00000_d_0000096.jpg,1400,1050,29,success
train,9999981_00000_d_0000097.jpg,1400,1050,41,success
train,9999981_00000_d_0000098.jpg,1400,1050,11,success
train,9999981_00000_d_0000099.jpg,1400,1050,64,success
train,9999981_00000_d_0000100.jpg,1400,1050,36,success
train,9999981_00000_d_0000101.jpg,1400,1050,43,success
train,9999981_00000_d_0000102.jpg,1400,1050,51,success
train,9999981_00000_d_0000103.jpg,1400,1050,11,success
train,9999981_00000_d_0000104.jpg,1400,1050,22,success
train,9999981_00000_d_0000105.jpg,1400,1050,21,success
train,9999981_00000_d_0000106.jpg,1400,1050,35,success
train,9999981_00000_d_0000107.jpg,1400,1050,12,success
train,9999981_00000_d_0000108.jpg,1400,1050,46,success
train,9999981_00000_d_0000109.jpg,1400,1050,32,success
train,9999981_00000_d_0000110.jpg,1400,1050,23,success
train,9999981_00000_d_0000111.jpg,1400,1050,8,success
train,9999981_00000_d_0000112.jpg,1400,1050,36,success
train,9999981_00000_d_0000113.jpg,1400,1050,25,success
train,9999981_00000_d_0000114.jpg,1400,1050,50,success
train,9999981_00000_d_0000115.jpg,1400,1050,15,success
train,9999981_00000_d_0000116.jpg,1400,1050,7,success
train,9999981_00000_d_0000117.jpg,1400,1050,140,success
train,9999981_00000_d_0000118.jpg,1400,1050,20,success
train,9999981_00000_d_0000119.jpg,1400,1050,18,success
train,9999981_00000_d_0000120.jpg,1400,1050,36,success
train,9999981_00000_d_0000121.jpg,1400,1050,53,success
train,9999981_00000_d_0000122.jpg,1400,1050,80,success
train,9999981_00000_d_0000123.jpg,1400,1050,92,success
train,9999981_00000_d_0000124.jpg,1400,1050,54,success
train,9999981_00000_d_0000125.jpg,1400,1050,80,success
train,9999981_00000_d_0000126.jpg,1400,1050,43,success
train,9999981_00000_d_0000127.jpg,1400,1050,66,success
train,9999981_00000_d_0000128.jpg,1400,1050,40,success
train,9999981_00000_d_0000129.jpg,1400,1050,21,success
train,9999981_00000_d_0000130.jpg,1400,1050,7,success
train,9999981_00000_d_0000131.jpg,1400,1050,75,success
train,9999981_00000_d_0000132.jpg,1400,1050,8,success
train,9999981_00000_d_0000133.jpg,1400,1050,16,success
train,9999981_00000_d_0000134.jpg,1400,1050,48,success
train,9999981_00000_d_0000135.jpg,1400,1050,131,success
train,9999981_00000_d_0000136.jpg,1400,1050,11,success
train,9999981_00000_d_0000137.jpg,1400,1050,24,success
train,9999981_00000_d_0000138.jpg,1400,1050,62,success
train,9999981_00000_d_0000139.jpg,1400,1050,47,success
train,9999981_00000_d_0000140.jpg,1400,1050,15,success
train,9999981_00000_d_0000141.jpg,1400,1050,16,success
train,9999981_00000_d_0000142.jpg,1400,1050,8,success
train,9999981_00000_d_0000143.jpg,1400,1050,14,success
train,9999981_00000_d_0000144.jpg,1400,1050,38,success
train,9999981_00000_d_0000145.jpg,1400,1050,24,success
train,9999981_00000_d_0000146.jpg,1400,1050,20,success
train,9999981_00000_d_0000147.jpg,1400,1050,22,success
train,9999981_00000_d_0000148.jpg,1400,1050,35,success
train,9999981_00000_d_0000149.jpg,1400,1050,47,success
train,9999981_00000_d_0000150.jpg,1400,1050,37,success
train,9999981_00000_d_0000151.jpg,1400,1050,26,success
train,9999981_00000_d_0000152.jpg,1400,1050,128,success
train,9999981_00000_d_0000153.jpg,1400,1050,32,success
train,9999981_00000_d_0000154.jpg,1400,1050,94,success
train,9999981_00000_d_0000155.jpg,1400,1050,21,success
train,9999981_00000_d_0000156.jpg,1400,1050,72,success
train,9999981_00000_d_0000157.jpg,1400,1050,29,success
train,9999982_00000_d_0000001.jpg,1400,1050,49,success
train,9999982_00000_d_0000002.jpg,1400,1050,84,success
train,9999982_00000_d_0000003.jpg,1400,1050,62,success
train,9999982_00000_d_0000004.jpg,1400,1050,69,success
train,9999982_00000_d_0000005.jpg,1400,1050,39,success
train,9999982_00000_d_0000006.jpg,1400,1050,65,success
train,9999982_00000_d_0000007.jpg,1400,1050,57,success
train,9999982_00000_d_0000008.jpg,1400,1050,38,success
train,9999982_00000_d_0000009.jpg,1400,1050,33,success
train,9999982_00000_d_0000010.jpg,1400,1050,27,success
train,9999982_00000_d_0000011.jpg,1400,1050,34,success
train,9999982_00000_d_0000012.jpg,1400,1050,41,success
train,9999982_00000_d_0000013.jpg,1400,1050,27,success
train,9999982_00000_d_0000014.jpg,1400,1050,23,success
train,9999982_00000_d_0000015.jpg,1400,1050,10,success
train,9999982_00000_d_0000016.jpg,1400,1050,10,success
train,9999982_00000_d_0000017.jpg,1400,1050,11,success
train,9999982_00000_d_0000018.jpg,1400,1050,13,success
train,9999982_00000_d_0000019.jpg,1400,1050,9,success
train,9999982_00000_d_0000020.jpg,1400,1050,27,success
train,9999982_00000_d_0000021.jpg,1400,1050,11,success
train,9999982_00000_d_0000022.jpg,1400,1050,5,success
train,9999982_00000_d_0000023.jpg,1400,1050,13,success
train,9999982_00000_d_0000024.jpg,1400,1050,15,success
train,9999982_00000_d_0000025.jpg,1400,1050,25,success
train,9999982_00000_d_0000026.jpg,1400,1050,33,success
train,9999982_00000_d_0000027.jpg,1400,1050,28,success
train,9999982_00000_d_0000028.jpg,1400,1050,21,success
train,9999982_00000_d_0000029.jpg,1400,1050,18,success
train,9999982_00000_d_0000030.jpg,1400,1050,19,success
train,9999982_00000_d_0000031.jpg,1400,1050,19,success
train,9999982_00000_d_0000032.jpg,1400,1050,23,success
train,9999982_00000_d_0000033.jpg,1400,1050,13,success
train,9999982_00000_d_0000034.jpg,1400,1050,1,success
train,9999982_00000_d_0000035.jpg,1400,1050,23,success
train,9999982_00000_d_0000036.jpg,1400,1050,16,success
train,9999982_00000_d_0000037.jpg,1400,1050,29,success
train,9999982_00000_d_0000038.jpg,1400,1050,26,success
train,9999982_00000_d_0000039.jpg,1400,1050,10,success
train,9999982_00000_d_0000040.jpg,1400,1050,4,success
train,9999982_00000_d_0000041.jpg,1400,1050,46,success
train,9999982_00000_d_0000042.jpg,1400,1050,28,success
train,9999982_00000_d_0000043.jpg,1400,1050,40,success
train,9999982_00000_d_0000044.jpg,1400,1050,46,success
train,9999982_00000_d_0000045.jpg,1400,1050,33,success
train,9999982_00000_d_0000046.jpg,1400,1050,14,success
train,9999982_00000_d_0000047.jpg,1400,1050,19,success
train,9999982_00000_d_0000048.jpg,1400,1050,25,success
train,9999982_00000_d_0000049.jpg,1400,1050,9,success
train,9999982_00000_d_0000050.jpg,1400,1050,14,success
train,9999982_00000_d_0000051.jpg,1400,1050,17,success
train,9999982_00000_d_0000052.jpg,1400,1050,4,success
train,9999982_00000_d_0000053.jpg,1400,1050,32,success
train,9999982_00000_d_0000054.jpg,1400,1050,48,success
train,9999982_00000_d_0000055.jpg,1400,1050,7,success
train,9999982_00000_d_0000056.jpg,1400,1050,9,success
train,9999982_00000_d_0000057.jpg,1400,1050,6,success
train,9999982_00000_d_0000058.jpg,1400,1050,3,success
train,9999982_00000_d_0000059.jpg,1400,1050,6,success
train,9999982_00000_d_0000060.jpg,1400,1050,65,success
train,9999982_00000_d_0000061.jpg,1400,1050,94,success
train,9999982_00000_d_0000062.jpg,1400,1050,86,success
train,9999982_00000_d_0000063.jpg,1400,1050,69,success
train,9999982_00000_d_0000064.jpg,1400,1050,65,success
train,9999982_00000_d_0000065.jpg,1400,1050,62,success
train,9999982_00000_d_0000066.jpg,1400,1050,53,success
train,9999982_00000_d_0000067.jpg,1400,1050,17,success
train,9999982_00000_d_0000068.jpg,1400,1050,14,success
train,9999982_00000_d_0000069.jpg,1400,1050,42,success
train,9999982_00000_d_0000070.jpg,1400,1050,66,success
train,9999982_00000_d_0000071.jpg,1400,1050,27,success
train,9999982_00000_d_0000072.jpg,1400,1050,109,success
train,9999982_00000_d_0000073.jpg,1400,1050,66,success
train,9999982_00000_d_0000074.jpg,1400,1050,134,success
train,9999982_00000_d_0000075.jpg,1400,1050,49,success
train,9999982_00000_d_0000076.jpg,1400,1050,68,success
train,9999982_00000_d_0000077.jpg,1400,1050,98,success
train,9999982_00000_d_0000078.jpg,1400,1050,63,success
train,9999982_00000_d_0000079.jpg,1400,1050,62,success
train,9999982_00000_d_0000080.jpg,1400,1050,45,success
train,9999982_00000_d_0000081.jpg,1400,1050,56,success
train,9999982_00000_d_0000082.jpg,1400,1050,44,success
train,9999982_00000_d_0000083.jpg,1400,1050,38,success
train,9999982_00000_d_0000084.jpg,1400,1050,29,success
train,9999982_00000_d_0000085.jpg,1400,1050,18,success
train,9999982_00000_d_0000086.jpg,1400,1050,31,success
train,9999982_00000_d_0000087.jpg,1400,1050,50,success
train,9999982_00000_d_0000088.jpg,1400,1050,27,success
train,9999982_00000_d_0000089.jpg,1400,1050,12,success
train,9999982_00000_d_0000090.jpg,1400,1050,19,success
train,9999982_00000_d_0000091.jpg,1400,1050,11,success
train,9999982_00000_d_0000092.jpg,1400,1050,14,success
train,9999982_00000_d_0000093.jpg,1400,1050,14,success
train,9999982_00000_d_0000094.jpg,1400,1050,16,success
train,9999982_00000_d_0000095.jpg,1400,1050,14,success
train,9999982_00000_d_0000096.jpg,1400,1050,9,success
train,9999982_00000_d_0000097.jpg,1400,1050,10,success
train,9999982_00000_d_0000098.jpg,1400,1050,22,success
train,9999982_00000_d_0000099.jpg,1400,1050,34,success
train,9999982_00000_d_0000100.jpg,1400,1050,30,success
train,9999982_00000_d_0000101.jpg,1400,1050,32,success
train,9999982_00000_d_0000102.jpg,1400,1050,31,success
train,9999982_00000_d_0000103.jpg,1400,1050,39,success
train,9999982_00000_d_0000104.jpg,1400,1050,59,success
train,9999982_00000_d_0000105.jpg,1400,1050,51,success
train,9999982_00000_d_0000106.jpg,1400,1050,41,success
train,9999982_00000_d_0000107.jpg,1400,1050,67,success
train,9999982_00000_d_0000108.jpg,1400,1050,70,success
train,9999982_00000_d_0000109.jpg,1400,1050,79,success
train,9999982_00000_d_0000110.jpg,1400,1050,82,success
train,9999982_00000_d_0000111.jpg,1400,1050,73,success
train,9999982_00000_d_0000112.jpg,1400,1050,31,success
train,9999982_00000_d_0000113.jpg,1400,1050,12,success
train,9999982_00000_d_0000114.jpg,1400,1050,41,success
train,9999982_00000_d_0000115.jpg,1400,1050,42,success
train,9999982_00000_d_0000116.jpg,1400,1050,68,success
train,9999982_00000_d_0000117.jpg,1400,1050,82,success
train,9999982_00000_d_0000118.jpg,1400,1050,50,success
train,9999982_00000_d_0000119.jpg,1400,1050,68,success
train,9999982_00000_d_0000120.jpg,1400,1050,31,success
train,9999982_00000_d_0000121.jpg,1400,1050,42,success
train,9999982_00000_d_0000122.jpg,1400,1050,25,success
train,9999982_00000_d_0000123.jpg,1400,1050,27,success
train,9999982_00000_d_0000124.jpg,1400,1050,20,success
train,9999982_00000_d_0000125.jpg,1400,1050,33,success
train,9999982_00000_d_0000126.jpg,1400,1050,29,success
train,9999982_00000_d_0000127.jpg,1400,1050,46,success
train,9999982_00000_d_0000128.jpg,1400,1050,62,success
train,9999982_00000_d_0000129.jpg,1400,1050,59,success
train,9999982_00000_d_0000130.jpg,1400,1050,56,success
train,9999982_00000_d_0000131.jpg,1400,1050,91,success
train,9999982_00000_d_0000132.jpg,1400,1050,85,success
train,9999982_00000_d_0000133.jpg,1400,1050,40,success
train,9999982_00000_d_0000134.jpg,1400,1050,22,success
train,9999982_00000_d_0000135.jpg,1400,1050,18,success
train,9999982_00000_d_0000136.jpg,1400,1050,49,success
train,9999982_00000_d_0000137.jpg,1400,1050,59,success
train,9999982_00000_d_0000138.jpg,1400,1050,59,success
train,9999982_00000_d_0000139.jpg,1400,1050,37,success
train,9999982_00000_d_0000140.jpg,1400,1050,32,success
train,9999982_00000_d_0000141.jpg,1400,1050,44,success
train,9999982_00000_d_0000142.jpg,1400,1050,27,success
train,9999982_00000_d_0000143.jpg,1400,1050,18,success
train,9999982_00000_d_0000144.jpg,1400,1050,34,success
train,9999982_00000_d_0000145.jpg,1400,1050,55,success
train,9999982_00000_d_0000146.jpg,1400,1050,52,success
train,9999982_00000_d_0000147.jpg,1400,1050,37,success
train,9999982_00000_d_0000148.jpg,1400,1050,12,success
train,9999982_00000_d_0000149.jpg,1400,1050,28,success
train,9999982_00000_d_0000150.jpg,1400,1050,46,success
train,9999982_00000_d_0000151.jpg,1400,1050,59,success
train,9999982_00000_d_0000152.jpg,1400,1050,41,success
train,9999982_00000_d_0000153.jpg,1400,1050,12,success
train,9999982_00000_d_0000154.jpg,1400,1050,20,success
train,9999982_00000_d_0000155.jpg,1400,1050,32,success
train,9999982_00000_d_0000156.jpg,1400,1050,23,success
train,9999982_00000_d_0000157.jpg,1400,1050,23,success
train,9999982_00000_d_0000158.jpg,1400,1050,56,success
train,9999982_00000_d_0000159.jpg,1400,1050,49,success
train,9999982_00000_d_0000160.jpg,1400,1050,34,success
train,9999982_00000_d_0000161.jpg,1400,1050,57,success
train,9999982_00000_d_0000162.jpg,1400,1050,31,success
train,9999982_00000_d_0000163.jpg,1400,1050,40,success
train,9999982_00000_d_0000164.jpg,1400,1050,26,success
train,9999982_00000_d_0000165.jpg,1400,1050,50,success
train,9999982_00000_d_0000166.jpg,1400,1050,54,success
train,9999982_00000_d_0000167.jpg,1400,1050,72,success
train,9999982_00000_d_0000168.jpg,1400,1050,64,success
train,9999982_00000_d_0000169.jpg,1400,1050,79,success
train,9999982_00000_d_0000170.jpg,1400,1050,106,success
train,9999982_00000_d_0000171.jpg,1400,1050,110,success
train,9999982_00000_d_0000172.jpg,1400,1050,74,success
train,9999982_00000_d_0000173.jpg,1400,1050,51,success
train,9999982_00000_d_0000174.jpg,1400,1050,41,success
train,9999982_00000_d_0000175.jpg,1400,1050,60,success
train,9999982_00000_d_0000176.jpg,1400,1050,44,success
train,9999982_00000_d_0000177.jpg,1400,1050,40,success
train,9999982_00000_d_0000178.jpg,1400,1050,40,success
train,9999982_00000_d_0000179.jpg,1400,1050,15,success
train,9999982_00000_d_0000180.jpg,1400,1050,18,success
train,9999982_00000_d_0000181.jpg,1400,1050,14,success
train,9999982_00000_d_0000182.jpg,1400,1050,20,success
train,9999982_00000_d_0000183.jpg,1400,1050,15,success
train,9999982_00000_d_0000184.jpg,1400,1050,14,success
train,9999982_00000_d_0000185.jpg,1400,1050,19,success
train,9999982_00000_d_0000186.jpg,1400,1050,15,success
train,9999982_00000_d_0000187.jpg,1400,1050,16,success
train,9999982_00000_d_0000188.jpg,1400,1050,15,success
train,9999982_00000_d_0000189.jpg,1400,1050,10,success
train,9999982_00000_d_0000190.jpg,1400,1050,8,success
train,9999982_00000_d_0000191.jpg,1400,1050,10,success
train,9999982_00000_d_0000192.jpg,1400,1050,11,success
train,9999982_00000_d_0000193.jpg,1400,1050,14,success
train,9999982_00000_d_0000194.jpg,1400,1050,24,success
train,9999982_00000_d_0000195.jpg,1400,1050,35,success
train,9999982_00000_d_0000196.jpg,1400,1050,42,success
train,9999982_00000_d_0000197.jpg,1400,1050,30,success
train,9999982_00000_d_0000198.jpg,1400,1050,19,success
train,9999982_00000_d_0000199.jpg,1400,1050,7,success
train,9999982_00000_d_0000200.jpg,1400,1050,12,success
train,9999982_00000_d_0000201.jpg,1400,1050,28,success
train,9999982_00000_d_0000202.jpg,1400,1050,17,success
train,9999982_00000_d_0000203.jpg,1400,1050,38,success
train,9999982_00000_d_0000204.jpg,1400,1050,60,success
train,9999982_00000_d_0000205.jpg,1400,1050,66,success
train,9999982_00000_d_0000206.jpg,1400,1050,36,success
train,9999982_00000_d_0000207.jpg,1400,1050,35,success
train,9999982_00000_d_0000208.jpg,1400,1050,32,success
train,9999982_00000_d_0000209.jpg,1400,1050,52,success
train,9999982_00000_d_0000210.jpg,1400,1050,60,success
train,9999982_00000_d_0000211.jpg,1400,1050,60,success
train,9999982_00000_d_0000212.jpg,1400,1050,98,success
train,9999982_00000_d_0000213.jpg,1400,1050,67,success
train,9999982_00000_d_0000214.jpg,1400,1050,49,success
train,9999982_00000_d_0000215.jpg,1400,1050,58,success
train,9999982_00000_d_0000216.jpg,1400,1050,50,success
train,9999982_00000_d_0000217.jpg,1400,1050,22,success
train,9999982_00000_d_0000218.jpg,1400,1050,12,success
train,9999982_00000_d_0000219.jpg,1400,1050,69,success
train,9999982_00000_d_0000220.jpg,1400,1050,74,success
train,9999982_00000_d_0000221.jpg,1400,1050,60,success
train,9999982_00000_d_0000222.jpg,1400,1050,77,success
train,9999982_00000_d_0000223.jpg,1400,1050,74,success
train,9999982_00000_d_0000224.jpg,1400,1050,46,success
train,9999982_00000_d_0000225.jpg,1400,1050,74,success
train,9999982_00000_d_0000226.jpg,1400,1050,77,success
train,9999982_00000_d_0000227.jpg,1400,1050,51,success
train,9999982_00000_d_0000228.jpg,1400,1050,36,success
train,9999982_00000_d_0000229.jpg,1400,1050,31,success
train,9999982_00000_d_0000230.jpg,1400,1050,28,success
train,9999982_00000_d_0000231.jpg,1400,1050,42,success
train,9999982_00000_d_0000232.jpg,1400,1050,42,success
train,9999982_00000_d_0000233.jpg,1400,1050,55,success
train,9999982_00000_d_0000234.jpg,1400,1050,56,success
train,9999982_00000_d_0000235.jpg,1400,1050,60,success
train,9999982_00000_d_0000236.jpg,1400,1050,57,success
train,9999982_00000_d_0000237.jpg,1400,1050,53,success
train,9999982_00000_d_0000238.jpg,1400,1050,54,success
train,9999982_00000_d_0000239.jpg,1400,1050,47,success
train,9999982_00000_d_0000240.jpg,1400,1050,34,success
train,9999982_00000_d_0000241.jpg,1400,1050,20,success
train,9999982_00000_d_0000242.jpg,1400,1050,24,success
train,9999982_00000_d_0000243.jpg,1400,1050,22,success
train,9999982_00000_d_0000244.jpg,1400,1050,62,success
train,9999982_00000_d_0000245.jpg,1400,1050,82,success
train,9999982_00000_d_0000246.jpg,1400,1050,79,success
train,9999982_00000_d_0000247.jpg,1400,1050,65,success
train,9999982_00000_d_0000248.jpg,1400,1050,54,success
train,9999982_00000_d_0000249.jpg,1400,1050,36,success
train,9999982_00000_d_0000250.jpg,1400,1050,30,success
train,9999982_00000_d_0000251.jpg,1400,1050,52,success
train,9999982_00000_d_0000252.jpg,1400,1050,49,success
train,9999982_00000_d_0000253.jpg,1400,1050,74,success
train,9999982_00000_d_0000254.jpg,1400,1050,19,success
train,9999982_00000_d_0000255.jpg,1400,1050,45,success
train,9999982_00000_d_0000256.jpg,1400,1050,74,success
train,9999982_00000_d_0000257.jpg,1400,1050,57,success
train,9999984_00000_d_0000001.jpg,1400,1050,29,success
train,9999984_00000_d_0000002.jpg,1400,1050,24,success
train,9999984_00000_d_0000003.jpg,1400,1050,22,success
train,9999984_00000_d_0000004.jpg,1400,1050,24,success
train,9999984_00000_d_0000005.jpg,1400,1050,24,success
train,9999984_00000_d_0000006.jpg,1400,1050,27,success
train,9999984_00000_d_0000007.jpg,1400,1050,15,success
train,9999984_00000_d_0000008.jpg,1400,1050,19,success
train,9999984_00000_d_0000009.jpg,1400,1050,29,success
train,9999984_00000_d_0000010.jpg,1400,1050,34,success
train,9999984_00000_d_0000011.jpg,1400,1050,26,success
train,9999984_00000_d_0000012.jpg,1400,1050,21,success
train,9999984_00000_d_0000013.jpg,1400,1050,18,success
train,9999984_00000_d_0000014.jpg,1400,1050,27,success
train,9999984_00000_d_0000015.jpg,1400,1050,32,success
train,9999984_00000_d_0000016.jpg,1400,1050,36,success
train,9999984_00000_d_0000017.jpg,1400,1050,29,success
train,9999984_00000_d_0000018.jpg,1400,1050,29,success
train,9999984_00000_d_0000019.jpg,1400,1050,40,success
train,9999984_00000_d_0000020.jpg,1400,1050,27,success
train,9999984_00000_d_0000021.jpg,1400,1050,24,success
train,9999984_00000_d_0000022.jpg,1400,1050,43,success
train,9999984_00000_d_0000023.jpg,1400,1050,39,success
train,9999984_00000_d_0000024.jpg,1400,1050,39,success
train,9999984_00000_d_0000025.jpg,1400,1050,21,success
train,9999984_00000_d_0000026.jpg,1400,1050,25,success
train,9999984_00000_d_0000027.jpg,1400,1050,41,success
train,9999984_00000_d_0000028.jpg,1400,1050,32,success
train,9999984_00000_d_0000029.jpg,1400,1050,26,success
train,9999984_00000_d_0000030.jpg,1400,1050,36,success
train,9999984_00000_d_0000031.jpg,1400,1050,24,success
train,9999984_00000_d_0000032.jpg,1400,1050,36,success
train,9999984_00000_d_0000033.jpg,1400,1050,32,success
train,9999984_00000_d_0000034.jpg,1400,1050,49,success
train,9999984_00000_d_0000035.jpg,1400,1050,47,success
train,9999984_00000_d_0000036.jpg,1400,1050,56,success
train,9999984_00000_d_0000037.jpg,1400,1050,62,success
train,9999984_00000_d_0000038.jpg,1400,1050,68,success
train,9999984_00000_d_0000039.jpg,1400,1050,81,success
train,9999984_00000_d_0000040.jpg,1400,1050,72,success
train,9999984_00000_d_0000041.jpg,1400,1050,58,success
train,9999984_00000_d_0000042.jpg,1400,1050,27,success
train,9999984_00000_d_0000043.jpg,1400,1050,47,success
train,9999984_00000_d_0000044.jpg,1400,1050,42,success
train,9999984_00000_d_0000045.jpg,1400,1050,36,success
train,9999984_00000_d_0000046.jpg,1400,1050,52,success
train,9999984_00000_d_0000047.jpg,1400,1050,72,success
train,9999984_00000_d_0000048.jpg,1400,1050,41,success
train,9999984_00000_d_0000049.jpg,1400,1050,28,success
train,9999984_00000_d_0000050.jpg,1400,1050,42,success
train,9999984_00000_d_0000051.jpg,1400,1050,59,success
train,9999984_00000_d_0000052.jpg,1400,1050,37,success
train,9999984_00000_d_0000053.jpg,1400,1050,18,success
train,9999984_00000_d_0000054.jpg,1400,1050,38,success
train,9999984_00000_d_0000055.jpg,1400,1050,19,success
train,9999984_00000_d_0000056.jpg,1400,1050,35,success
train,9999984_00000_d_0000057.jpg,1400,1050,36,success
train,9999984_00000_d_0000058.jpg,1400,1050,30,success
train,9999984_00000_d_0000059.jpg,1400,1050,29,success
train,9999984_00000_d_0000060.jpg,1400,1050,28,success
train,9999984_00000_d_0000061.jpg,1400,1050,20,success
train,9999984_00000_d_0000062.jpg,1400,1050,20,success
train,9999984_00000_d_0000063.jpg,1400,1050,12,success
train,9999984_00000_d_0000064.jpg,1400,1050,32,success
train,9999984_00000_d_0000065.jpg,1400,1050,37,success
train,9999984_00000_d_0000066.jpg,1400,1050,38,success
train,9999984_00000_d_0000067.jpg,1400,1050,25,success
train,9999984_00000_d_0000068.jpg,1400,1050,37,success
train,9999984_00000_d_0000069.jpg,1400,1050,39,success
train,9999984_00000_d_0000070.jpg,1400,1050,39,success
train,9999984_00000_d_0000071.jpg,1400,1050,43,success
train,9999984_00000_d_0000072.jpg,1400,1050,36,success
train,9999984_00000_d_0000073.jpg,1400,1050,32,success
train,9999984_00000_d_0000074.jpg,1400,1050,36,success
train,9999984_00000_d_0000075.jpg,1400,1050,18,success
train,9999984_00000_d_0000076.jpg,1400,1050,42,success
train,9999984_00000_d_0000077.jpg,1400,1050,51,success
train,9999984_00000_d_0000078.jpg,1400,1050,63,success
train,9999984_00000_d_0000079.jpg,1400,1050,59,success
train,9999984_00000_d_0000080.jpg,1400,1050,12,success
train,9999984_00000_d_0000081.jpg,1400,1050,32,success
train,9999984_00000_d_0000082.jpg,1400,1050,59,success
train,9999984_00000_d_0000083.jpg,1400,1050,32,success
train,9999984_00000_d_0000084.jpg,1400,1050,28,success
train,9999984_00000_d_0000085.jpg,1400,1050,39,success
train,9999984_00000_d_0000086.jpg,1400,1050,66,success
train,9999984_00000_d_0000087.jpg,1400,1050,48,success
train,9999984_00000_d_0000088.jpg,1400,1050,48,success
train,9999984_00000_d_0000089.jpg,1400,1050,16,success
train,9999984_00000_d_0000090.jpg,1400,1050,27,success
train,9999984_00000_d_0000091.jpg,1400,1050,31,success
train,9999984_00000_d_0000092.jpg,1400,1050,31,success
train,9999984_00000_d_0000093.jpg,1400,1050,21,success
train,9999984_00000_d_0000094.jpg,1400,1050,37,success
train,9999984_00000_d_0000095.jpg,1400,1050,48,success
train,9999984_00000_d_0000096.jpg,1400,1050,50,success
train,9999984_00000_d_0000097.jpg,1400,1050,19,success
train,9999984_00000_d_0000098.jpg,1400,1050,5,success
train,9999984_00000_d_0000099.jpg,1400,1050,17,success
train,9999984_00000_d_0000100.jpg,1400,1050,31,success
train,9999984_00000_d_0000101.jpg,1400,1050,27,success
train,9999984_00000_d_0000102.jpg,1400,1050,56,success
train,9999984_00000_d_0000103.jpg,1400,1050,44,success
train,9999984_00000_d_0000104.jpg,1400,1050,45,success
train,9999984_00000_d_0000105.jpg,1400,1050,32,success
train,9999984_00000_d_0000106.jpg,1400,1050,31,success
train,9999984_00000_d_0000107.jpg,1400,1050,48,success
train,9999984_00000_d_0000108.jpg,1400,1050,59,success
train,9999984_00000_d_0000109.jpg,1400,1050,26,success
train,9999984_00000_d_0000110.jpg,1400,1050,17,success
train,9999984_00000_d_0000111.jpg,1400,1050,17,success
train,9999984_00000_d_0000112.jpg,1400,1050,31,success
train,9999984_00000_d_0000113.jpg,1400,1050,23,success
train,9999984_00000_d_0000114.jpg,1400,1050,18,success
train,9999984_00000_d_0000115.jpg,1400,1050,20,success
train,9999984_00000_d_0000116.jpg,1400,1050,35,success
train,9999984_00000_d_0000117.jpg,1400,1050,39,success
train,9999984_00000_d_0000118.jpg,1400,1050,41,success
train,9999984_00000_d_0000119.jpg,1400,1050,14,success
train,9999984_00000_d_0000120.jpg,1400,1050,13,success
train,9999984_00000_d_0000121.jpg,1400,1050,12,success
train,9999984_00000_d_0000122.jpg,1400,1050,27,success
train,9999984_00000_d_0000123.jpg,1400,1050,26,success
train,9999984_00000_d_0000124.jpg,1400,1050,32,success
train,9999984_00000_d_0000125.jpg,1400,1050,34,success
train,9999984_00000_d_0000126.jpg,1400,1050,15,success
train,9999984_00000_d_0000127.jpg,1400,1050,18,success
train,9999984_00000_d_0000128.jpg,1400,1050,29,success
train,9999984_00000_d_0000129.jpg,1400,1050,41,success
train,9999984_00000_d_0000130.jpg,1400,1050,69,success
train,9999984_00000_d_0000131.jpg,1400,1050,93,success
train,9999984_00000_d_0000132.jpg,1400,1050,85,success
train,9999984_00000_d_0000133.jpg,1400,1050,73,success
train,9999984_00000_d_0000134.jpg,1400,1050,85,success
train,9999984_00000_d_0000135.jpg,1400,1050,71,success
train,9999984_00000_d_0000136.jpg,1400,1050,69,success
train,9999984_00000_d_0000137.jpg,1400,1050,68,success
train,9999984_00000_d_0000138.jpg,1400,1050,76,success
train,9999984_00000_d_0000139.jpg,1400,1050,48,success
train,9999984_00000_d_0000140.jpg,1400,1050,75,success
train,9999984_00000_d_0000141.jpg,1400,1050,63,success
train,9999984_00000_d_0000142.jpg,1400,1050,106,success
train,9999984_00000_d_0000143.jpg,1400,1050,121,success
train,9999984_00000_d_0000144.jpg,1400,1050,156,success
train,9999984_00000_d_0000145.jpg,1400,1050,92,success
train,9999984_00000_d_0000146.jpg,1400,1050,49,success
train,9999984_00000_d_0000147.jpg,1400,1050,157,success
train,9999984_00000_d_0000148.jpg,1400,1050,124,success
train,9999984_00000_d_0000149.jpg,1400,1050,50,success
train,9999984_00000_d_0000150.jpg,1400,1050,61,success
train,9999984_00000_d_0000151.jpg,1400,1050,48,success
train,9999984_00000_d_0000152.jpg,1400,1050,56,success
train,9999984_00000_d_0000153.jpg,1400,1050,38,success
train,9999984_00000_d_0000154.jpg,1400,1050,29,success
train,9999984_00000_d_0000155.jpg,1400,1050,15,success
train,9999984_00000_d_0000156.jpg,1400,1050,20,success
train,9999984_00000_d_0000157.jpg,1400,1050,30,success
train,9999984_00000_d_0000158.jpg,1400,1050,33,success
train,9999984_00000_d_0000159.jpg,1400,1050,41,success
train,9999984_00000_d_0000160.jpg,1400,1050,38,success
train,9999984_00000_d_0000161.jpg,1400,1050,19,success
train,9999984_00000_d_0000162.jpg,1400,1050,15,success
train,9999984_00000_d_0000163.jpg,1400,1050,4,success
train,9999984_00000_d_0000164.jpg,1400,1050,11,success
train,9999984_00000_d_0000165.jpg,1400,1050,16,success
train,9999984_00000_d_0000166.jpg,1400,1050,30,success
train,9999984_00000_d_0000167.jpg,1400,1050,28,success
train,9999984_00000_d_0000168.jpg,1400,1050,37,success
train,9999984_00000_d_0000169.jpg,1400,1050,31,success
train,9999984_00000_d_0000170.jpg,1400,1050,31,success
train,9999984_00000_d_0000171.jpg,1400,1050,11,success
train,9999984_00000_d_0000172.jpg,1400,1050,21,success
train,9999984_00000_d_0000173.jpg,1400,1050,20,success
train,9999984_00000_d_0000174.jpg,1400,1050,16,success
train,9999984_00000_d_0000175.jpg,1400,1050,14,success
train,9999985_00000_d_0000001.jpg,1400,1050,42,success
train,9999985_00000_d_0000002.jpg,1400,1050,12,success
train,9999985_00000_d_0000003.jpg,1400,1050,26,success
train,9999985_00000_d_0000004.jpg,1400,1050,19,success
train,9999985_00000_d_0000005.jpg,1400,1050,36,success
train,9999985_00000_d_0000006.jpg,1400,1050,27,success
train,9999985_00000_d_0000007.jpg,1400,1050,11,success
train,9999985_00000_d_0000008.jpg,1400,1050,18,success
train,9999985_00000_d_0000009.jpg,1400,1050,23,success
train,9999985_00000_d_0000010.jpg,1400,1050,43,success
train,9999985_00000_d_0000011.jpg,1400,1050,34,success
train,9999985_00000_d_0000012.jpg,1400,1050,23,success
train,9999985_00000_d_0000013.jpg,1400,1050,21,success
train,9999985_00000_d_0000014.jpg,1400,1050,20,success
train,9999985_00000_d_0000015.jpg,1400,1050,20,success
train,9999985_00000_d_0000016.jpg,1400,1050,39,success
train,9999985_00000_d_0000017.jpg,1400,1050,31,success
train,9999985_00000_d_0000018.jpg,1400,1050,26,success
train,9999985_00000_d_0000019.jpg,1400,1050,51,success
train,9999985_00000_d_0000020.jpg,1400,1050,28,success
train,9999985_00000_d_0000021.jpg,1400,1050,33,success
train,9999985_00000_d_0000022.jpg,1400,1050,6,success
train,9999985_00000_d_0000023.jpg,1400,1050,26,success
train,9999985_00000_d_0000024.jpg,1400,1050,30,success
train,9999985_00000_d_0000025.jpg,1400,1050,41,success
train,9999985_00000_d_0000026.jpg,1400,1050,13,success
train,9999985_00000_d_0000027.jpg,1400,1050,15,success
train,9999985_00000_d_0000028.jpg,1400,1050,80,success
train,9999985_00000_d_0000029.jpg,1400,1050,46,success
train,9999985_00000_d_0000030.jpg,1400,1050,34,success
train,9999985_00000_d_0000031.jpg,1400,1050,34,success
train,9999985_00000_d_0000032.jpg,1400,1050,58,success
train,9999985_00000_d_0000033.jpg,1400,1050,54,success
train,9999985_00000_d_0000034.jpg,1400,1050,148,success
train,9999985_00000_d_0000035.jpg,1400,1050,43,success
train,9999985_00000_d_0000036.jpg,1400,1050,75,success
train,9999985_00000_d_0000037.jpg,1400,1050,105,success
train,9999985_00000_d_0000038.jpg,1400,1050,17,success
train,9999985_00000_d_0000039.jpg,1400,1050,37,success
train,9999985_00000_d_0000040.jpg,1400,1050,129,success
train,9999985_00000_d_0000041.jpg,1400,1050,80,success
train,9999985_00000_d_0000042.jpg,1400,1050,43,success
train,9999985_00000_d_0000043.jpg,1400,1050,30,success
train,9999985_00000_d_0000044.jpg,1400,1050,33,success
train,9999985_00000_d_0000045.jpg,1400,1050,112,success
train,9999985_00000_d_0000046.jpg,1400,1050,25,success
train,9999985_00000_d_0000047.jpg,1400,1050,35,success
train,9999985_00000_d_0000048.jpg,1400,1050,13,success
train,9999985_00000_d_0000049.jpg,1400,1050,16,success
train,9999985_00000_d_0000050.jpg,1400,1050,46,success
train,9999985_00000_d_0000051.jpg,1400,1050,15,success
train,9999985_00000_d_0000052.jpg,1400,1050,133,success
train,9999985_00000_d_0000053.jpg,1400,1050,121,success
train,9999985_00000_d_0000054.jpg,1400,1050,137,success
train,9999985_00000_d_0000055.jpg,1400,1050,111,success
train,9999985_00000_d_0000056.jpg,1400,1050,81,success
train,9999985_00000_d_0000057.jpg,1400,1050,49,success
train,9999985_00000_d_0000058.jpg,1400,1050,56,success
train,9999985_00000_d_0000059.jpg,1400,1050,16,success
train,9999985_00000_d_0000060.jpg,1400,1050,105,success
train,9999985_00000_d_0000061.jpg,1400,1050,76,success
train,9999985_00000_d_0000062.jpg,1400,1050,36,success
train,9999985_00000_d_0000063.jpg,1400,1050,118,success
train,9999985_00000_d_0000064.jpg,1400,1050,5,success
train,9999985_00000_d_0000065.jpg,1400,1050,24,success
train,9999985_00000_d_0000066.jpg,1400,1050,28,success
train,9999985_00000_d_0000067.jpg,1400,1050,43,success
train,9999985_00000_d_0000068.jpg,1400,1050,30,success
train,9999985_00000_d_0000069.jpg,1400,1050,16,success
train,9999985_00000_d_0000070.jpg,1400,1050,52,success
train,9999985_00000_d_0000071.jpg,1400,1050,23,success
train,9999985_00000_d_0000072.jpg,1400,1050,26,success
train,9999985_00000_d_0000073.jpg,1400,1050,23,success
train,9999985_00000_d_0000074.jpg,1400,1050,26,success
train,9999985_00000_d_0000075.jpg,1400,1050,19,success
train,9999985_00000_d_0000076.jpg,1400,1050,44,success
train,9999985_00000_d_0000077.jpg,1400,1050,21,success
train,9999985_00000_d_0000078.jpg,1400,1050,10,success
train,9999985_00000_d_0000079.jpg,1400,1050,8,success
train,9999987_00000_d_0000001.jpg,1400,1050,31,success
train,9999987_00000_d_0000002.jpg,1400,1050,35,success
train,9999987_00000_d_0000003.jpg,1400,1050,49,success
train,9999987_00000_d_0000004.jpg,1400,1050,52,success
train,9999987_00000_d_0000005.jpg,1400,1050,54,success
train,9999987_00000_d_0000006.jpg,1400,1050,62,success
train,9999987_00000_d_0000007.jpg,1400,1050,57,success
train,9999987_00000_d_0000008.jpg,1400,1050,59,success
train,9999987_00000_d_0000009.jpg,1400,1050,33,success
train,9999987_00000_d_0000010.jpg,1400,1050,38,success
train,9999987_00000_d_0000011.jpg,1400,1050,66,success
train,9999987_00000_d_0000012.jpg,1400,1050,57,success
train,9999987_00000_d_0000013.jpg,1400,1050,39,success
train,9999987_00000_d_0000014.jpg,1400,1050,32,success
train,9999987_00000_d_0000015.jpg,1400,1050,23,success
train,9999987_00000_d_0000016.jpg,1400,1050,17,success
train,9999987_00000_d_0000017.jpg,1400,1050,51,success
train,9999987_00000_d_0000018.jpg,1400,1050,46,success
train,9999987_00000_d_0000019.jpg,1400,1050,20,success
train,9999987_00000_d_0000020.jpg,1400,1050,47,success
train,9999987_00000_d_0000021.jpg,1400,1050,41,success
train,9999987_00000_d_0000022.jpg,1400,1050,42,success
train,9999987_00000_d_0000023.jpg,1400,1050,48,success
train,9999987_00000_d_0000024.jpg,1400,1050,48,success
train,9999987_00000_d_0000025.jpg,1400,1050,39,success
train,9999987_00000_d_0000026.jpg,1400,1050,91,success
train,9999987_00000_d_0000027.jpg,1400,1050,92,success
train,9999987_00000_d_0000028.jpg,1400,1050,81,success
train,9999987_00000_d_0000029.jpg,1400,1050,68,success
train,9999987_00000_d_0000030.jpg,1400,1050,47,success
train,9999987_00000_d_0000031.jpg,1400,1050,93,success
train,9999987_00000_d_0000032.jpg,1400,1050,31,success
train,9999987_00000_d_0000033.jpg,1400,1050,47,success
train,9999987_00000_d_0000034.jpg,1400,1050,85,success
train,9999987_00000_d_0000035.jpg,1400,1050,126,success
train,9999987_00000_d_0000036.jpg,1400,1050,76,success
train,9999987_00000_d_0000037.jpg,1400,1050,44,success
train,9999987_00000_d_0000038.jpg,1400,1050,19,success
train,9999987_00000_d_0000039.jpg,1400,1050,99,success
train,9999987_00000_d_0000040.jpg,1400,1050,114,success
train,9999987_00000_d_0000041.jpg,1400,1050,72,success
train,9999987_00000_d_0000042.jpg,1400,1050,33,success
train,9999987_00000_d_0000043.jpg,1400,1050,88,success
train,9999987_00000_d_0000044.jpg,1400,1050,164,success
train,9999987_00000_d_0000045.jpg,1400,1050,153,success
train,9999987_00000_d_0000046.jpg,1400,1050,85,success
train,9999987_00000_d_0000047.jpg,1400,1050,94,success
train,9999987_00000_d_0000048.jpg,1400,1050,60,success
train,9999987_00000_d_0000049.jpg,1400,1050,97,success
train,9999987_00000_d_0000050.jpg,1400,1050,115,success
train,9999987_00000_d_0000051.jpg,1400,1050,66,success
train,9999987_00000_d_0000052.jpg,1400,1050,58,success
train,9999987_00000_d_0000053.jpg,1400,1050,65,success
train,9999987_00000_d_0000054.jpg,1400,1050,85,success
train,9999987_00000_d_0000055.jpg,1400,1050,68,success
train,9999987_00000_d_0000056.jpg,1400,1050,79,success
train,9999987_00000_d_0000057.jpg,1400,1050,118,success
train,9999987_00000_d_0000058.jpg,1400,1050,54,success
train,9999987_00000_d_0000059.jpg,1400,1050,29,success
train,9999987_00000_d_0000060.jpg,1400,1050,21,success
train,9999987_00000_d_0000061.jpg,1400,1050,8,success
train,9999987_00000_d_0000062.jpg,1400,1050,7,success
train,9999987_00000_d_0000063.jpg,1400,1050,95,success
train,9999987_00000_d_0000064.jpg,1400,1050,68,success
train,9999987_00000_d_0000065.jpg,1400,1050,6,success
train,9999987_00000_d_0000066.jpg,1400,1050,25,success
train,9999987_00000_d_0000069.jpg,1400,1050,28,success
train,9999987_00000_d_0000070.jpg,1400,1050,62,success
train,9999987_00000_d_1008235.jpg,1400,1050,86,success
train,9999987_00000_d_1008236.jpg,1400,1050,6,success
train,9999989_00000_d_0000001.jpg,1400,1050,28,success
train,9999989_00000_d_0000002.jpg,1400,1050,30,success
train,9999989_00000_d_0000003.jpg,1400,1050,19,success
train,9999989_00000_d_0000004.jpg,1400,1050,52,success
train,9999989_00000_d_0000005.jpg,1400,1050,74,success
train,9999989_00000_d_0000006.jpg,1400,1050,70,success
train,9999989_00000_d_0000007.jpg,1400,1050,28,success
train,9999989_00000_d_0000008.jpg,1400,1050,29,success
train,9999989_00000_d_0000009.jpg,1400,1050,24,success
train,9999989_00000_d_0000010.jpg,1400,1050,46,success
train,9999989_00000_d_0000011.jpg,1400,1050,38,success
train,9999989_00000_d_0000012.jpg,1400,1050,24,success
train,9999989_00000_d_0000013.jpg,1400,1050,51,success
train,9999990_00000_d_0000001.jpg,1400,1050,41,success
train,9999990_00000_d_0000002.jpg,1400,1050,26,success
train,9999990_00000_d_0000003.jpg,1400,1050,39,success
train,9999990_00000_d_0000004.jpg,1400,1050,87,success
train,9999990_00000_d_0000005.jpg,1400,1050,49,success
train,9999990_00000_d_0000006.jpg,1400,1050,18,success
train,9999990_00000_d_0000007.jpg,1400,1050,80,success
train,9999990_00000_d_0000008.jpg,1400,1050,78,success
train,9999990_00000_d_0000009.jpg,1400,1050,144,success
train,9999990_00000_d_0000010.jpg,1400,1050,129,success
train,9999990_00000_d_0000011.jpg,1400,1050,54,success
train,9999990_00000_d_0000012.jpg,1400,1050,28,success
train,9999990_00000_d_0000013.jpg,1400,1050,50,success
train,9999990_00000_d_0000014.jpg,1400,1050,29,success
train,9999990_00000_d_0000015.jpg,1400,1050,43,success
train,9999990_00000_d_0000016.jpg,1400,1050,107,success
train,9999990_00000_d_0000017.jpg,1400,1050,47,success
train,9999990_00000_d_0000018.jpg,1400,1050,120,success
train,9999990_00000_d_0000019.jpg,1400,1050,48,success
train,9999990_00000_d_0000020.jpg,1400,1050,30,success
train,9999990_00000_d_0000021.jpg,1400,1050,23,success
train,9999990_00000_d_0000022.jpg,1400,1050,70,success
train,9999990_00000_d_0000023.jpg,1400,1050,67,success
train,9999990_00000_d_0000024.jpg,1400,1050,40,success
train,9999990_00000_d_0000025.jpg,1400,1050,37,success
train,9999990_00000_d_0000026.jpg,1400,1050,161,success
train,9999990_00000_d_0000027.jpg,1400,1050,22,success
train,9999990_00000_d_0000028.jpg,1400,1050,27,success
train,9999990_00000_d_0000029.jpg,1400,1050,85,success
train,9999990_00000_d_0000030.jpg,1400,1050,30,success
train,9999990_00000_d_0000031.jpg,1400,1050,108,success
train,9999990_00000_d_0000032.jpg,1400,1050,121,success
train,9999990_00000_d_0000033.jpg,1400,1050,37,success
train,9999990_00000_d_0000034.jpg,1400,1050,33,success
train,9999990_00000_d_0000035.jpg,1400,1050,49,success
train,9999990_00000_d_0000036.jpg,1400,1050,36,success
train,9999990_00000_d_0000037.jpg,1400,1050,72,success
train,9999990_00000_d_0000038.jpg,1400,1050,167,success
train,9999990_00000_d_0000039.jpg,1400,1050,63,success
train,9999990_00000_d_0000040.jpg,1400,1050,81,success
train,9999990_00000_d_0000041.jpg,1400,1050,133,success
train,9999990_00000_d_0000042.jpg,1400,1050,104,success
train,9999990_00000_d_0000043.jpg,1400,1050,51,success
train,9999990_00000_d_0000044.jpg,1400,1050,41,success
train,9999990_00000_d_0000045.jpg,1400,1050,60,success
train,9999990_00000_d_0000046.jpg,1400,1050,81,success
train,9999990_00000_d_0000047.jpg,1400,1050,50,success
train,9999990_00000_d_0000048.jpg,1400,1050,30,success
train,9999990_00000_d_0000049.jpg,1400,1050,41,success
train,9999990_00000_d_0000050.jpg,1400,1050,43,success
train,9999990_00000_d_0000051.jpg,1400,1050,81,success
train,9999990_00000_d_0000052.jpg,1400,1050,62,success
train,9999990_00000_d_0000053.jpg,1400,1050,24,success
train,9999990_00000_d_0000054.jpg,1400,1050,16,success
train,9999990_00000_d_0000055.jpg,1400,1050,89,success
train,9999990_00000_d_0000056.jpg,1400,1050,48,success
train,9999990_00000_d_0000057.jpg,1400,1050,58,success
train,9999990_00000_d_0000058.jpg,1400,1050,159,success
train,9999990_00000_d_0000059.jpg,1400,1050,86,success
train,9999990_00000_d_0000060.jpg,1400,1050,93,success
train,9999990_00000_d_0000061.jpg,1400,1050,80,success
train,9999990_00000_d_0000062.jpg,1400,1050,25,success
train,9999990_00000_d_0000063.jpg,1400,1050,81,success
train,9999990_00000_d_0000064.jpg,1400,1050,110,success
train,9999990_00000_d_0000065.jpg,1400,1050,41,success
train,9999990_00000_d_0000066.jpg,1400,1050,78,success
train,9999990_00000_d_0000067.jpg,1400,1050,22,success
train,9999990_00000_d_0000068.jpg,1400,1050,71,success
train,9999990_00000_d_0000069.jpg,1400,1050,67,success
train,9999990_00000_d_0000070.jpg,1400,1050,71,success
train,9999990_00000_d_0000071.jpg,1400,1050,70,success
train,9999990_00000_d_0000072.jpg,1400,1050,36,success
train,9999990_00000_d_0000073.jpg,1400,1050,32,success
train,9999990_00000_d_0000074.jpg,1400,1050,31,success
train,9999990_00000_d_0000075.jpg,1400,1050,89,success
train,9999990_00000_d_0000076.jpg,1400,1050,54,success
train,9999990_00000_d_0000077.jpg,1400,1050,52,success
train,9999990_00000_d_0000078.jpg,1400,1050,28,success
train,9999990_00000_d_0000079.jpg,1400,1050,38,success
train,9999990_00000_d_0000080.jpg,1400,1050,73,success
train,9999990_00000_d_0000081.jpg,1400,1050,73,success
train,9999991_00000_d_0000001.jpg,1400,1050,34,success
train,9999991_00000_d_0000002.jpg,1400,1050,68,success
train,9999991_00000_d_0000003.jpg,1400,1050,104,success
train,9999991_00000_d_0000004.jpg,1400,1050,46,success
train,9999991_00000_d_0000005.jpg,1400,1050,94,success
train,9999991_00000_d_0000006.jpg,1400,1050,55,success
train,9999991_00000_d_0000007.jpg,1400,1050,88,success
train,9999991_00000_d_0000008.jpg,1400,1050,52,success
train,9999991_00000_d_0000009.jpg,1400,1050,81,success
train,9999991_00000_d_0000010.jpg,1400,1050,52,success
train,9999991_00000_d_0000011.jpg,1400,1050,65,success
train,9999991_00000_d_0000012.jpg,1400,1050,55,success
train,9999991_00000_d_0000013.jpg,1400,1050,59,success
train,9999991_00000_d_0000014.jpg,1400,1050,125,success
train,9999991_00000_d_0000015.jpg,1400,1050,107,success
train,9999991_00000_d_0000016.jpg,1400,1050,169,success
train,9999991_00000_d_0000017.jpg,1400,1050,114,success
train,9999991_00000_d_0000018.jpg,1400,1050,87,success
train,9999991_00000_d_0000019.jpg,1400,1050,60,success
train,9999991_00000_d_0000020.jpg,1400,1050,85,success
train,9999991_00000_d_0000021.jpg,1400,1050,79,success
train,9999991_00000_d_0000022.jpg,1400,1050,89,success
train,9999991_00000_d_0000023.jpg,1400,1050,53,success
train,9999991_00000_d_0000024.jpg,1400,1050,33,success
train,9999991_00000_d_0000025.jpg,1400,1050,90,success
train,9999991_00000_d_0000026.jpg,1400,1050,101,success
train,9999991_00000_d_0000027.jpg,1400,1050,84,success
train,9999991_00000_d_0000030.jpg,1400,1050,41,success
train,9999991_00000_d_0000031.jpg,1400,1050,72,success
train,9999991_00000_d_0000032.jpg,1400,1050,46,success
train,9999991_00000_d_0000033.jpg,1400,1050,140,success
train,9999991_00000_d_0000034.jpg,1400,1050,52,success
train,9999991_00000_d_0000035.jpg,1400,1050,82,success
train,9999994_00000_d_0000001.jpg,1400,1050,28,success
train,9999994_00000_d_0000002.jpg,1400,1050,31,success
train,9999994_00000_d_0000003.jpg,1400,1050,12,success
train,9999994_00000_d_0000004.jpg,1400,1050,23,success
train,9999994_00000_d_0000005.jpg,1400,1050,76,success
train,9999994_00000_d_0000006.jpg,1400,1050,71,success
train,9999994_00000_d_0000007.jpg,1400,1050,25,success
train,9999994_00000_d_0000008.jpg,1400,1050,70,success
train,9999994_00000_d_0000009.jpg,1400,1050,121,success
train,9999994_00000_d_0000010.jpg,1400,1050,94,success
train,9999994_00000_d_0000011.jpg,1400,1050,36,success
train,9999994_00000_d_0000012.jpg,1400,1050,69,success
train,9999994_00000_d_0000013.jpg,1400,1050,109,success
train,9999994_00000_d_0000014.jpg,1400,1050,94,success
train,9999994_00000_d_0000015.jpg,1400,1050,70,success
train,9999994_00000_d_0000016.jpg,1400,1050,64,success
train,9999994_00000_d_0000017.jpg,1400,1050,87,success
train,9999994_00000_d_0000018.jpg,1400,1050,84,success
train,9999994_00000_d_0000019.jpg,1400,1050,107,success
train,9999994_00000_d_0000020.jpg,1400,1050,84,success
train,9999994_00000_d_0000021.jpg,1400,1050,62,success
train,9999994_00000_d_0000022.jpg,1400,1050,59,success
train,9999994_00000_d_0000023.jpg,1400,1050,72,success
train,9999994_00000_d_0000024.jpg,1400,1050,72,success
train,9999994_00000_d_0000025.jpg,1400,1050,24,success
train,9999994_00000_d_0000026.jpg,1400,1050,62,success
train,9999994_00000_d_0000027.jpg,1400,1050,102,success
train,9999994_00000_d_0000028.jpg,1400,1050,45,success
train,9999994_00000_d_0000029.jpg,1400,1050,30,success
train,9999994_00000_d_0000030.jpg,1400,1050,63,success
train,9999994_00000_d_0000031.jpg,1400,1050,103,success
train,9999994_00000_d_0000032.jpg,1400,1050,52,success
train,9999994_00000_d_0000033.jpg,1400,1050,22,success
train,9999994_00000_d_0000034.jpg,1400,1050,39,success
train,9999994_00000_d_0000035.jpg,1400,1050,24,success
train,9999994_00000_d_0000036.jpg,1400,1050,62,success
train,9999994_00000_d_0000037.jpg,1400,1050,82,success
train,9999994_00000_d_0000038.jpg,1400,1050,54,success
train,9999994_00000_d_0000039.jpg,1400,1050,35,success
train,9999994_00000_d_0000040.jpg,1400,1050,53,success
train,9999994_00000_d_0000041.jpg,1400,1050,77,success
train,9999994_00000_d_0000042.jpg,1400,1050,35,success
train,9999994_00000_d_0000043.jpg,1400,1050,64,success
train,9999994_00000_d_0000044.jpg,1400,1050,82,success
train,9999994_00000_d_0000045.jpg,1400,1050,66,success
train,9999994_00000_d_0000046.jpg,1400,1050,80,success
train,9999994_00000_d_0000047.jpg,1400,1050,100,success
train,9999994_00000_d_0000048.jpg,1400,1050,116,success
train,9999994_00000_d_0000049.jpg,1400,1050,55,success
train,9999994_00000_d_0000050.jpg,1400,1050,110,success
train,9999994_00000_d_0000051.jpg,1400,1050,84,success
train,9999994_00000_d_0000052.jpg,1400,1050,115,success
train,9999994_00000_d_0000053.jpg,1400,1050,108,success
train,9999994_00000_d_0000054.jpg,1400,1050,52,success
train,9999994_00000_d_0000055.jpg,1400,1050,81,success
train,9999994_00000_d_0000056.jpg,1400,1050,42,success
train,9999994_00000_d_0000057.jpg,1400,1050,52,success
train,9999994_00000_d_0000058.jpg,1400,1050,95,success
train,9999994_00000_d_0000059.jpg,1400,1050,72,success
train,9999994_00000_d_0000060.jpg,1400,1050,55,success
train,9999994_00000_d_0000061.jpg,1400,1050,15,success
train,9999994_00000_d_0000062.jpg,1400,1050,32,success
train,9999994_00000_d_0000063.jpg,1400,1050,61,success
train,9999994_00000_d_0000064.jpg,1400,1050,68,success
train,9999994_00000_d_0000065.jpg,1400,1050,18,success
train,9999994_00000_d_0000066.jpg,1400,1050,56,success
train,9999994_00000_d_0000067.jpg,1400,1050,64,success
train,9999994_00000_d_0000068.jpg,1400,1050,62,success
train,9999994_00000_d_0000069.jpg,1400,1050,44,success
train,9999994_00000_d_0000070.jpg,1400,1050,103,success
train,9999994_00000_d_0000071.jpg,1400,1050,121,success
train,9999994_00000_d_0000072.jpg,1400,1050,66,success
train,9999994_00000_d_0000073.jpg,1400,1050,86,success
train,9999994_00000_d_0000074.jpg,1400,1050,110,success
train,9999994_00000_d_0000075.jpg,1400,1050,83,success
train,9999994_00000_d_0000076.jpg,1400,1050,76,success
train,9999994_00000_d_0000077.jpg,1400,1050,93,success
train,9999994_00000_d_0000078.jpg,1400,1050,72,success
train,9999994_00000_d_0000079.jpg,1400,1050,108,success
train,9999994_00000_d_0000080.jpg,1400,1050,42,success
train,9999994_00000_d_0000081.jpg,1400,1050,15,success
train,9999994_00000_d_0000082.jpg,1400,1050,103,success
train,9999994_00000_d_0000083.jpg,1400,1050,97,success
train,9999994_00000_d_0000084.jpg,1400,1050,88,success
train,9999994_00000_d_0000085.jpg,1400,1050,139,success
train,9999994_00000_d_0000086.jpg,1400,1050,146,success
train,9999994_00000_d_0000087.jpg,1400,1050,104,success
train,9999994_00000_d_0000088.jpg,1400,1050,125,success
train,9999994_00000_d_0000089.jpg,1400,1050,187,success
train,9999994_00000_d_0000090.jpg,1400,1050,207,success
train,9999994_00000_d_0000091.jpg,1400,1050,155,success
train,9999994_00000_d_0000092.jpg,1400,1050,133,success
train,9999994_00000_d_0000093.jpg,1400,1050,113,success
train,9999994_00000_d_0000094.jpg,1400,1050,152,success
train,9999994_00000_d_0000095.jpg,1400,1050,161,success
train,9999994_00000_d_0000096.jpg,1400,1050,64,success
train,9999994_00000_d_0000097.jpg,1400,1050,112,success
train,9999994_00000_d_0000098.jpg,1400,1050,244,success
train,9999994_00000_d_0000099.jpg,1400,1050,159,success
train,9999994_00000_d_0000100.jpg,1400,1050,251,success
train,9999994_00000_d_0000101.jpg,1400,1050,142,success
train,9999994_00000_d_0000102.jpg,1400,1050,69,success
train,9999994_00000_d_0000103.jpg,1400,1050,28,success
train,9999994_00000_d_0000104.jpg,1400,1050,87,success
train,9999994_00000_d_0000105.jpg,1400,1050,76,success
train,9999994_00000_d_0000106.jpg,1400,1050,70,success
train,9999994_00000_d_0000107.jpg,1400,1050,90,success
train,9999994_00000_d_0000108.jpg,1400,1050,81,success
train,9999994_00000_d_0000109.jpg,1400,1050,35,success
train,9999994_00000_d_0000110.jpg,1400,1050,30,success
train,9999994_00000_d_0000111.jpg,1400,1050,38,success
train,9999994_00000_d_0000112.jpg,1400,1050,33,success
train,9999994_00000_d_0000113.jpg,1400,1050,19,success
train,9999994_00000_d_0000114.jpg,1400,1050,28,success
train,9999994_00000_d_0000115.jpg,1400,1050,17,success
train,9999994_00000_d_0000116.jpg,1400,1050,20,success
train,9999994_00000_d_0000117.jpg,1400,1050,8,success
train,9999994_00000_d_0000118.jpg,1400,1050,33,success
train,9999994_00000_d_0000119.jpg,1400,1050,58,success
train,9999997_00000_d_0000001.jpg,1400,1050,47,success
train,9999997_00000_d_0000002.jpg,1400,1050,20,success
train,9999997_00000_d_0000003.jpg,1400,1050,10,success
train,9999997_00000_d_0000004.jpg,1400,1050,40,success
train,9999997_00000_d_0000005.jpg,1400,1050,65,success
train,9999997_00000_d_0000006.jpg,1400,1050,29,success
train,9999997_00000_d_0000007.jpg,1400,1050,2,success
train,9999997_00000_d_0000008.jpg,1400,1050,11,success
train,9999997_00000_d_0000009.jpg,1400,1050,25,success
train,9999997_00000_d_0000010.jpg,1400,1050,62,success
train,9999997_00000_d_0000011.jpg,1400,1050,17,success
train,9999997_00000_d_0000012.jpg,1400,1050,2,success
train,9999997_00000_d_0000013.jpg,1400,1050,8,success
train,9999997_00000_d_0000014.jpg,1400,1050,9,success
train,9999997_00000_d_0000015.jpg,1400,1050,7,success
train,9999997_00000_d_0000016.jpg,1400,1050,23,success
train,9999997_00000_d_0000017.jpg,1400,1050,3,success
train,9999997_00000_d_0000018.jpg,1400,1050,10,success
train,9999997_00000_d_0000019.jpg,1400,1050,13,success
train,9999997_00000_d_0000020.jpg,1400,1050,18,success
train,9999997_00000_d_0000021.jpg,1400,1050,16,success
train,9999997_00000_d_0000022.jpg,1400,1050,3,success
train,9999997_00000_d_0000023.jpg,1400,1050,12,success
train,9999997_00000_d_0000024.jpg,1400,1050,20,success
train,9999997_00000_d_0000025.jpg,1400,1050,23,success
train,9999997_00000_d_0000026.jpg,1400,1050,45,success
train,9999997_00000_d_0000027.jpg,1400,1050,15,success
train,9999997_00000_d_0000028.jpg,1400,1050,7,success
train,9999997_00000_d_0000029.jpg,1400,1050,25,success
train,9999997_00000_d_0000030.jpg,1400,1050,5,success
train,9999997_00000_d_0000031.jpg,1400,1050,9,success
train,9999997_00000_d_0000032.jpg,1400,1050,9,success
train,9999997_00000_d_0000033.jpg,1400,1050,23,success
train,9999997_00000_d_0000034.jpg,1400,1050,20,success
train,9999997_00000_d_0000035.jpg,1400,1050,26,success
train,9999997_00000_d_0000036.jpg,1400,1050,6,success
train,9999997_00000_d_0000037.jpg,1400,1050,15,success
train,9999997_00000_d_0000038.jpg,1400,1050,6,success
train,9999997_00000_d_0000039.jpg,1400,1050,9,success
train,9999997_00000_d_0000040.jpg,1400,1050,5,success
train,9999997_00000_d_0000041.jpg,1400,1050,19,success
train,9999997_00000_d_0000042.jpg,1400,1050,40,success
train,9999997_00000_d_0000043.jpg,1400,1050,30,success
train,9999997_00000_d_0000044.jpg,1400,1050,18,success
train,9999997_00000_d_0000045.jpg,1400,1050,6,success
train,9999997_00000_d_0000046.jpg,1400,1050,20,success
train,9999997_00000_d_0000047.jpg,1400,1050,10,success
train,9999997_00000_d_0000048.jpg,1400,1050,4,success
train,9999997_00000_d_0000049.jpg,1400,1050,12,success
train,9999997_00000_d_0000050.jpg,1400,1050,6,success
train,9999997_00000_d_0000051.jpg,1400,1050,8,success
train,9999997_00000_d_0000052.jpg,1400,1050,3,success
train,9999997_00000_d_0000053.jpg,1400,1050,36,success
train,9999997_00000_d_0000054.jpg,1400,1050,9,success
train,9999997_00000_d_0000055.jpg,1400,1050,9,success
train,9999997_00000_d_0000056.jpg,1400,1050,5,success
train,9999997_00000_d_0000057.jpg,1400,1050,5,success
train,9999997_00000_d_0000058.jpg,1400,1050,2,success
train,9999997_00000_d_0000059.jpg,1400,1050,2,success
train,9999997_00000_d_0000060.jpg,1400,1050,2,success
train,9999997_00000_d_0000061.jpg,1400,1050,12,success
train,9999997_00000_d_0000062.jpg,1400,1050,17,success
train,9999997_00000_d_0000063.jpg,1400,1050,21,success
train,9999997_00000_d_0000064.jpg,1400,1050,9,success
train,9999997_00000_d_0000065.jpg,1400,1050,9,success
train,9999997_00000_d_0000066.jpg,1400,1050,27,success
train,9999997_00000_d_0000067.jpg,1400,1050,23,success
train,9999997_00000_d_0000068.jpg,1400,1050,3,success
train,9999997_00000_d_0000069.jpg,1400,1050,2,success
train,9999997_00000_d_0000070.jpg,1400,1050,7,success
train,9999998_00002_d_0000001.jpg,2000,1500,85,success
train,9999998_00003_d_0000002.jpg,2000,1500,112,success
train,9999998_00004_d_0000003.jpg,2000,1500,91,success
train,9999998_00005_d_0000004.jpg,2000,1500,77,success
train,9999998_00006_d_0000005.jpg,2000,1500,116,success
train,9999998_00009_d_0000006.jpg,2000,1500,46,success
train,9999998_00010_d_0000007.jpg,2000,1500,33,success
train,9999998_00011_d_0000008.jpg,2000,1500,9,success
train,9999998_00012_d_0000009.jpg,2000,1500,39,success
train,9999998_00014_d_0000010.jpg,2000,1500,42,success
train,9999998_00015_d_0000011.jpg,2000,1500,70,success
train,9999998_00016_d_0000012.jpg,2000,1500,25,success
train,9999998_00017_d_0000013.jpg,2000,1500,78,success
train,9999998_00022_d_0000016.jpg,2000,1500,197,success
train,9999998_00023_d_0000017.jpg,2000,1500,125,success
train,9999998_00025_d_0000018.jpg,2000,1500,7,success
train,9999998_00026_d_0000019.jpg,2000,1500,14,success
train,9999998_00027_d_0000020.jpg,2000,1500,27,success
train,9999998_00028_d_0000021.jpg,2000,1500,28,success
train,9999998_00029_d_0000022.jpg,2000,1500,28,success
train,9999998_00030_d_0000023.jpg,2000,1500,26,success
train,9999998_00031_d_0000024.jpg,2000,1500,25,success
train,9999998_00032_d_0000025.jpg,2000,1500,19,success
train,9999998_00033_d_0000026.jpg,2000,1500,24,success
train,9999998_00036_d_0000029.jpg,2000,1500,49,success
train,9999998_00038_d_0000030.jpg,2000,1500,38,success
train,9999998_00039_d_0000031.jpg,2000,1500,24,success
train,9999998_00040_d_0000032.jpg,2000,1500,22,success
train,9999998_00041_d_0000033.jpg,2000,1500,3,success
train,9999998_00043_d_0000034.jpg,2000,1500,161,success
train,9999998_00045_d_0000035.jpg,2000,1500,162,success
train,9999998_00046_d_0000036.jpg,2000,1500,125,success
train,9999998_00047_d_0000037.jpg,2000,1500,85,success
train,9999998_00048_d_0000038.jpg,2000,1500,54,success
train,9999998_00049_d_0000039.jpg,2000,1500,114,success
train,9999998_00050_d_0000040.jpg,2000,1500,94,success
train,9999998_00058_d_0000044.jpg,2000,1500,29,success
train,9999998_00059_d_0000045.jpg,2000,1500,9,success
train,9999998_00060_d_0000046.jpg,2000,1500,122,success
train,9999998_00061_d_0000047.jpg,2000,1500,99,success
train,9999998_00062_d_0000048.jpg,2000,1500,11,success
train,9999998_00064_d_0000049.jpg,2000,1500,173,success
train,9999998_00065_d_0000050.jpg,2000,1500,173,success
train,9999998_00066_d_0000051.jpg,2000,1500,187,success
train,9999998_00067_d_0000052.jpg,2000,1500,192,success
train,9999998_00068_d_0000053.jpg,2000,1500,110,success
train,9999998_00069_d_0000054.jpg,2000,1500,81,success
train,9999998_00070_d_0000055.jpg,2000,1500,51,success
train,9999998_00071_d_0000056.jpg,2000,1500,57,success
train,9999998_00072_d_0000057.jpg,2000,1500,46,success
train,9999998_00073_d_0000058.jpg,2000,1500,60,success
train,9999998_00074_d_0000059.jpg,2000,1500,85,success
train,9999998_00075_d_0000060.jpg,2000,1500,165,success
train,9999998_00076_d_0000061.jpg,2000,1500,126,success
train,9999998_00077_d_0000062.jpg,2000,1500,135,success
train,9999998_00078_d_0000063.jpg,2000,1500,110,success
train,9999998_00079_d_0000064.jpg,2000,1500,82,success
train,9999998_00080_d_0000065.jpg,2000,1500,96,success
train,9999998_00081_d_0000066.jpg,2000,1500,61,success
train,9999998_00083_d_0000067.jpg,2000,1500,29,success
train,9999998_00084_d_0000068.jpg,2000,1500,89,success
train,9999998_00085_d_0000069.jpg,2000,1500,93,success
train,9999998_00086_d_0000070.jpg,2000,1500,128,success
train,9999998_00087_d_0000071.jpg,2000,1500,37,success
train,9999998_00088_d_0000072.jpg,2000,1500,31,success
train,9999998_00090_d_0000073.jpg,2000,1500,44,success
train,9999998_00093_d_0000074.jpg,2000,1500,54,success
train,9999998_00095_d_0000075.jpg,2000,1500,68,success
train,9999998_00096_d_0000076.jpg,2000,1500,66,success
train,9999998_00097_d_0000077.jpg,2000,1500,58,success
train,9999998_00100_d_0000080.jpg,2000,1500,163,success
train,9999998_00102_d_0000081.jpg,2000,1500,88,success
train,9999998_00104_d_0000082.jpg,2000,1500,161,success
train,9999998_00105_d_0000083.jpg,2000,1500,96,success
train,9999998_00106_d_0000084.jpg,2000,1500,39,success
train,9999998_00107_d_0000085.jpg,2000,1500,102,success
train,9999998_00108_d_0000086.jpg,2000,1500,178,success
train,9999998_00109_d_0000087.jpg,2000,1500,118,success
train,9999998_00110_d_0000088.jpg,2000,1500,100,success
train,9999998_00111_d_0000089.jpg,2000,1500,105,success
train,9999998_00112_d_0000090.jpg,2000,1500,105,success
train,9999998_00113_d_0000091.jpg,2000,1500,81,success
train,9999998_00114_d_0000092.jpg,2000,1500,77,success
train,9999998_00115_d_0000093.jpg,2000,1500,73,success
train,9999998_00116_d_0000094.jpg,2000,1500,2,success
train,9999998_00117_d_0000095.jpg,2000,1500,30,success
train,9999998_00118_d_0000096.jpg,2000,1500,116,success
train,9999998_00119_d_0000097.jpg,2000,1500,133,success
train,9999998_00120_d_0000098.jpg,2000,1500,226,success
train,9999998_00122_d_0000100.jpg,2000,1500,153,success
train,9999998_00125_d_0000103.jpg,2000,1500,52,success
train,9999998_00126_d_0000104.jpg,2000,1500,139,success
train,9999998_00127_d_0000105.jpg,2000,1500,148,success
train,9999998_00128_d_0000106.jpg,2000,1500,106,success
train,9999998_00129_d_0000107.jpg,2000,1500,140,success
train,9999998_00130_d_0000108.jpg,2000,1500,46,success
train,9999998_00131_d_0000109.jpg,2000,1500,69,success
train,9999998_00132_d_0000110.jpg,2000,1500,53,success
train,9999998_00133_d_0000111.jpg,2000,1500,40,success
train,9999998_00135_d_0000113.jpg,2000,1500,22,success
train,9999998_00136_d_0000114.jpg,2000,1500,52,success
train,9999998_00137_d_0000115.jpg,2000,1500,37,success
train,9999998_00138_d_0000116.jpg,2000,1500,34,success
train,9999998_00139_d_0000117.jpg,2000,1500,31,success
train,9999998_00141_d_0000118.jpg,2000,1500,34,success
train,9999998_00142_d_0000119.jpg,2000,1500,8,success
train,9999998_00143_d_0000120.jpg,2000,1500,36,success
train,9999998_00145_d_0000121.jpg,2000,1500,25,success
train,9999998_00146_d_0000122.jpg,2000,1500,44,success
train,9999998_00147_d_0000123.jpg,2000,1500,36,success
train,9999998_00148_d_0000124.jpg,2000,1500,45,success
train,9999998_00151_d_0000127.jpg,2000,1500,33,success
train,9999998_00152_d_0000128.jpg,2000,1500,13,success
train,9999998_00153_d_0000129.jpg,2000,1500,33,success
train,9999998_00154_d_0000130.jpg,2000,1500,64,success
train,9999998_00155_d_0000131.jpg,2000,1500,34,success
train,9999998_00156_d_0000132.jpg,2000,1500,19,success
train,9999998_00157_d_0000133.jpg,2000,1500,19,success
train,9999998_00159_d_0000134.jpg,2000,1500,8,success
train,9999998_00160_d_0000135.jpg,2000,1500,58,success
train,9999998_00161_d_0000136.jpg,2000,1500,16,success
train,9999998_00164_d_0000138.jpg,2000,1500,42,success
train,9999998_00171_d_0000140.jpg,2000,1500,21,success
train,9999998_00177_d_0000142.jpg,2000,1500,40,success
train,9999998_00178_d_0000143.jpg,2000,1500,60,success
train,9999998_00179_d_0000144.jpg,2000,1500,44,success
train,9999998_00180_d_0000145.jpg,2000,1500,56,success
train,9999998_00182_d_0000146.jpg,2000,1500,10,success
train,9999998_00183_d_0000147.jpg,2000,1500,25,success
train,9999998_00184_d_0000148.jpg,2000,1500,15,success
train,9999998_00185_d_0000149.jpg,2000,1500,14,success
train,9999998_00187_d_0000150.jpg,2000,1500,39,success
train,9999998_00188_d_0000151.jpg,2000,1500,68,success
train,9999998_00189_d_0000152.jpg,2000,1500,58,success
train,9999998_00190_d_0000153.jpg,2000,1500,67,success
train,9999998_00191_d_0000154.jpg,2000,1500,11,success
train,9999998_00194_d_0000155.jpg,2000,1500,35,success
train,9999998_00195_d_0000156.jpg,2000,1500,34,success
train,9999998_00196_d_0000157.jpg,2000,1500,43,success
train,9999998_00198_d_0000158.jpg,2000,1500,16,success
train,9999998_00202_d_0000159.jpg,2000,1500,61,success
train,9999998_00203_d_0000160.jpg,2000,1500,50,success
train,9999998_00204_d_0000161.jpg,2000,1500,36,success
train,9999998_00205_d_0000162.jpg,2000,1500,9,success
train,9999998_00206_d_0000163.jpg,2000,1500,29,success
train,9999998_00207_d_0000164.jpg,2000,1500,33,success
train,9999998_00208_d_0000165.jpg,2000,1500,35,success
train,9999998_00209_d_0000166.jpg,2000,1500,34,success
train,9999998_00210_d_0000167.jpg,2000,1500,9,success
train,9999998_00211_d_0000168.jpg,2000,1500,34,success
train,9999998_00212_d_0000169.jpg,2000,1500,28,success
train,9999998_00214_d_0000170.jpg,2000,1500,52,success
train,9999998_00215_d_0000171.jpg,2000,1500,38,success
train,9999998_00216_d_0000172.jpg,2000,1500,24,success
train,9999998_00217_d_0000173.jpg,2000,1500,38,success
train,9999998_00218_d_0000174.jpg,2000,1500,63,success
train,9999998_00219_d_0000175.jpg,2000,1500,60,success
train,9999998_00220_d_0000176.jpg,2000,1500,54,success
train,9999998_00221_d_0000177.jpg,2000,1500,80,success
train,9999998_00222_d_0000178.jpg,2000,1500,42,success
train,9999998_00223_d_0000179.jpg,2000,1500,21,success
train,9999998_00224_d_0000180.jpg,2000,1500,61,success
train,9999998_00225_d_0000181.jpg,2000,1500,28,success
train,9999998_00226_d_0000182.jpg,2000,1500,37,success
train,9999998_00227_d_0000183.jpg,2000,1500,13,success
train,9999998_00228_d_0000184.jpg,2000,1500,20,success
train,9999998_00229_d_0000185.jpg,2000,1500,38,success
train,9999998_00230_d_0000186.jpg,2000,1500,41,success
train,9999998_00232_d_0000188.jpg,2000,1500,45,success
train,9999998_00233_d_0000189.jpg,2000,1500,56,success
train,9999998_00234_d_0000190.jpg,2000,1500,45,success
train,9999998_00237_d_0000191.jpg,2000,1500,67,success
train,9999998_00238_d_0000192.jpg,2000,1500,21,success
train,9999998_00239_d_0000193.jpg,2000,1500,82,success
train,9999998_00240_d_0000194.jpg,2000,1500,52,success
train,9999998_00241_d_0000195.jpg,2000,1500,34,success
train,9999998_00242_d_0000196.jpg,2000,1500,26,success
train,9999998_00244_d_0000198.jpg,2000,1500,28,success
train,9999998_00245_d_0000199.jpg,2000,1500,18,success
train,9999998_00246_d_0000200.jpg,2000,1500,33,success
train,9999998_00247_d_0000201.jpg,2000,1500,13,success
train,9999998_00248_d_0000202.jpg,2000,1500,41,success
train,9999998_00249_d_0000203.jpg,2000,1500,53,success
train,9999998_00250_d_0000204.jpg,2000,1500,43,success
train,9999998_00251_d_0000205.jpg,2000,1500,25,success
train,9999998_00252_d_0000206.jpg,2000,1500,36,success
train,9999998_00254_d_0000208.jpg,2000,1500,62,success
train,9999998_00255_d_0000209.jpg,2000,1500,51,success
train,9999998_00256_d_0000210.jpg,2000,1500,38,success
train,9999998_00257_d_0000211.jpg,2000,1500,30,success
train,9999998_00258_d_0000212.jpg,2000,1500,17,success
train,9999998_00259_d_0000213.jpg,2000,1500,12,success
train,9999998_00260_d_0000214.jpg,2000,1500,10,success
train,9999998_00261_d_0000215.jpg,2000,1500,41,success
train,9999998_00262_d_0000216.jpg,2000,1500,40,success
train,9999998_00263_d_0000217.jpg,2000,1500,21,success
train,9999998_00264_d_0000218.jpg,2000,1500,23,success
train,9999998_00266_d_0000220.jpg,2000,1500,41,success
train,9999998_00267_d_0000221.jpg,2000,1500,46,success
train,9999998_00269_d_0000222.jpg,2000,1500,60,success
train,9999998_00270_d_0000223.jpg,2000,1500,39,success
train,9999998_00271_d_0000224.jpg,2000,1500,67,success
train,9999998_00272_d_0000225.jpg,2000,1500,40,success
train,9999998_00273_d_0000226.jpg,2000,1500,47,success
train,9999998_00274_d_0000227.jpg,2000,1500,41,success
train,9999998_00275_d_0000228.jpg,2000,1500,36,success
train,9999998_00276_d_0000229.jpg,2000,1500,37,success
train,9999998_00277_d_0000230.jpg,2000,1500,53,success
train,9999998_00278_d_0000231.jpg,2000,1500,57,success
train,9999998_00279_d_0000232.jpg,2000,1500,51,success
train,9999998_00281_d_0000234.jpg,2000,1500,15,success
train,9999998_00282_d_0000235.jpg,2000,1500,41,success
train,9999998_00283_d_0000236.jpg,2000,1500,45,success
train,9999998_00284_d_0000237.jpg,2000,1500,58,success
train,9999998_00285_d_0000238.jpg,2000,1500,29,success
train,9999998_00286_d_0000239.jpg,2000,1500,24,success
train,9999998_00287_d_0000240.jpg,2000,1500,38,success
train,9999998_00288_d_0000241.jpg,2000,1500,35,success
train,9999998_00289_d_0000242.jpg,2000,1500,53,success
train,9999998_00290_d_0000243.jpg,2000,1500,16,success
train,9999998_00292_d_0000245.jpg,2000,1500,14,success
train,9999998_00293_d_0000246.jpg,2000,1500,23,success
train,9999998_00294_d_0000247.jpg,2000,1500,37,success
train,9999998_00295_d_0000248.jpg,2000,1500,26,success
train,9999998_00296_d_0000249.jpg,2000,1500,17,success
train,9999998_00297_d_0000250.jpg,2000,1500,15,success
train,9999998_00298_d_0000251.jpg,2000,1500,21,success
train,9999998_00299_d_0000252.jpg,2000,1500,42,success
train,9999998_00300_d_0000253.jpg,2000,1500,22,success
train,9999998_00301_d_0000254.jpg,2000,1500,13,success
train,9999998_00302_d_0000255.jpg,2000,1500,11,success
train,9999998_00303_d_0000256.jpg,2000,1500,10,success
train,9999998_00304_d_0000257.jpg,2000,1500,23,success
train,9999998_00305_d_0000258.jpg,2000,1500,16,success
train,9999998_00306_d_0000259.jpg,2000,1500,30,success
train,9999998_00307_d_0000260.jpg,2000,1500,19,success
train,9999998_00308_d_0000261.jpg,2000,1500,9,success
train,9999998_00309_d_0000262.jpg,2000,1500,22,success
train,9999998_00310_d_0000263.jpg,2000,1500,27,success
train,9999998_00311_d_0000264.jpg,2000,1500,45,success
train,9999998_00312_d_0000265.jpg,2000,1500,52,success
train,9999998_00313_d_0000266.jpg,2000,1500,38,success
train,9999998_00314_d_0000267.jpg,2000,1500,46,success
train,9999998_00315_d_0000268.jpg,2000,1500,37,success
train,9999998_00316_d_0000269.jpg,2000,1500,31,success
train,9999998_00317_d_0000270.jpg,2000,1500,41,success
train,9999998_00318_d_0000271.jpg,2000,1500,52,success
train,9999998_00319_d_0000272.jpg,2000,1500,22,success
train,9999998_00320_d_0000273.jpg,2000,1500,41,success
train,9999998_00321_d_0000274.jpg,2000,1500,55,success
train,9999998_00323_d_0000275.jpg,2000,1500,19,success
train,9999998_00324_d_0000276.jpg,2000,1500,137,success
train,9999998_00325_d_0000277.jpg,2000,1500,120,success
train,9999998_00326_d_0000278.jpg,2000,1500,123,success
train,9999998_00327_d_0000279.jpg,2000,1500,28,success
train,9999998_00328_d_0000280.jpg,2000,1500,51,success
train,9999998_00329_d_0000281.jpg,2000,1500,21,success
train,9999998_00330_d_0000282.jpg,2000,1500,46,success
train,9999998_00331_d_0000283.jpg,2000,1500,36,success
train,9999998_00332_d_0000284.jpg,2000,1500,38,success
train,9999998_00333_d_0000285.jpg,2000,1500,50,success
train,9999998_00334_d_0000286.jpg,2000,1500,54,success
train,9999998_00335_d_0000287.jpg,2000,1500,60,success
train,9999998_00336_d_0000288.jpg,2000,1500,41,success
train,9999998_00337_d_0000289.jpg,2000,1500,24,success
train,9999998_00338_d_0000290.jpg,2000,1500,39,success
train,9999998_00339_d_0000291.jpg,2000,1500,35,success
train,9999998_00340_d_0000292.jpg,2000,1500,44,success
train,9999998_00341_d_0000293.jpg,2000,1500,41,success
train,9999998_00342_d_0000294.jpg,2000,1500,35,success
train,9999998_00343_d_0000295.jpg,2000,1500,32,success
train,9999998_00344_d_0000296.jpg,2000,1500,18,success
train,9999998_00345_d_0000297.jpg,2000,1500,67,success
train,9999998_00346_d_0000298.jpg,2000,1500,112,success
train,9999998_00347_d_0000299.jpg,2000,1500,114,success
train,9999998_00348_d_0000300.jpg,2000,1500,139,success
train,9999998_00349_d_0000301.jpg,2000,1500,93,success
train,9999998_00350_d_0000302.jpg,2000,1500,122,success
train,9999998_00351_d_0000303.jpg,2000,1500,171,success
train,9999998_00352_d_0000304.jpg,2000,1500,67,success
train,9999998_00353_d_0000305.jpg,2000,1500,132,success
train,9999998_00354_d_0000306.jpg,2000,1500,131,success
train,9999998_00355_d_0000307.jpg,2000,1500,80,success
train,9999998_00356_d_0000308.jpg,2000,1500,100,success
train,9999998_00357_d_0000309.jpg,2000,1500,24,success
train,9999998_00358_d_0000310.jpg,2000,1500,25,success
train,9999998_00359_d_0000311.jpg,2000,1500,109,success
train,9999998_00360_d_0000312.jpg,2000,1500,53,success
train,9999998_00361_d_0000313.jpg,2000,1500,48,success
train,9999998_00362_d_0000314.jpg,2000,1500,43,success
train,9999998_00363_d_0000315.jpg,2000,1500,86,success
train,9999998_00364_d_0000316.jpg,2000,1500,37,success
train,9999998_00365_d_0000317.jpg,2000,1500,81,success
train,9999998_00366_d_0000318.jpg,2000,1500,136,success
train,9999998_00367_d_0000319.jpg,2000,1500,68,success
train,9999998_00368_d_0000320.jpg,2000,1500,29,success
train,9999998_00369_d_0000321.jpg,2000,1500,98,success
train,9999998_00370_d_0000322.jpg,2000,1500,22,success
train,9999998_00371_d_0000323.jpg,2000,1500,45,success
train,9999998_00372_d_0000324.jpg,2000,1500,93,success
train,9999998_00373_d_0000325.jpg,2000,1500,34,success
train,9999998_00374_d_0000326.jpg,2000,1500,45,success
train,9999998_00375_d_0000327.jpg,2000,1500,45,success
train,9999998_00376_d_0000328.jpg,2000,1500,43,success
train,9999998_00377_d_0000329.jpg,2000,1500,44,success
train,9999998_00378_d_0000330.jpg,2000,1500,26,success
train,9999998_00379_d_0000331.jpg,2000,1500,24,success
train,9999998_00380_d_0000332.jpg,2000,1500,13,success
train,9999998_00381_d_0000333.jpg,2000,1500,21,success
train,9999998_00382_d_0000334.jpg,2000,1500,20,success
train,9999998_00383_d_0000335.jpg,2000,1500,62,success
train,9999998_00384_d_0000336.jpg,2000,1500,73,success
train,9999998_00385_d_0000337.jpg,2000,1500,74,success
train,9999998_00386_d_0000338.jpg,2000,1500,40,success
train,9999998_00387_d_0000339.jpg,2000,1500,26,success
train,9999998_00388_d_0000340.jpg,2000,1500,16,success
train,9999998_00389_d_0000341.jpg,2000,1500,24,success
train,9999998_00390_d_0000342.jpg,2000,1500,11,success
train,9999998_00391_d_0000343.jpg,2000,1500,30,success
train,9999998_00392_d_0000344.jpg,2000,1500,67,success
train,9999998_00393_d_0000345.jpg,2000,1500,31,success
train,9999998_00394_d_0000346.jpg,2000,1500,75,success
train,9999998_00395_d_0000347.jpg,2000,1500,20,success
train,9999998_00396_d_0000348.jpg,2000,1500,22,success
train,9999998_00397_d_0000349.jpg,2000,1500,45,success
train,9999998_00398_d_0000350.jpg,2000,1500,20,success
train,9999998_00399_d_0000351.jpg,2000,1500,105,success
train,9999998_00400_d_0000352.jpg,2000,1500,58,success
train,9999998_00401_d_0000353.jpg,2000,1500,43,success
train,9999998_00402_d_0000354.jpg,2000,1500,55,success
train,9999998_00403_d_0000355.jpg,2000,1500,39,success
train,9999998_00404_d_0000356.jpg,2000,1500,89,success
train,9999998_00405_d_0000357.jpg,2000,1500,13,success
train,9999998_00406_d_0000358.jpg,2000,1500,14,success
train,9999998_00407_d_0000359.jpg,2000,1500,11,success
train,9999998_00408_d_0000360.jpg,2000,1500,14,success
train,9999998_00409_d_0000361.jpg,2000,1500,26,success
train,9999998_00410_d_0000362.jpg,2000,1500,22,success
train,9999998_00411_d_0000363.jpg,2000,1500,15,success
train,9999998_00412_d_0000364.jpg,2000,1500,27,success
train,9999998_00413_d_0000365.jpg,2000,1500,87,success
train,9999998_00414_d_0000366.jpg,2000,1500,41,success
train,9999998_00415_d_0000367.jpg,2000,1500,36,success
train,9999998_00416_d_0000368.jpg,2000,1500,30,success
train,9999998_00417_d_0000369.jpg,2000,1500,92,success
train,9999998_00418_d_0000370.jpg,2000,1500,54,success
train,9999998_00419_d_0000371.jpg,2000,1500,57,success
train,9999998_00420_d_0000372.jpg,2000,1500,18,success
train,9999998_00421_d_0000373.jpg,2000,1500,79,success
train,9999998_00422_d_0000374.jpg,2000,1500,75,success
train,9999998_00423_d_0000375.jpg,2000,1500,86,success
train,9999998_00424_d_0000376.jpg,2000,1500,86,success
train,9999998_00425_d_0000377.jpg,2000,1500,62,success
train,9999998_00426_d_0000378.jpg,2000,1500,56,success
train,9999998_00427_d_0000379.jpg,2000,1500,78,success
train,9999998_00428_d_0000380.jpg,2000,1500,24,success
train,9999998_00429_d_0000381.jpg,2000,1500,35,success
train,9999998_00430_d_0000382.jpg,2000,1500,78,success
train,9999998_00431_d_0000383.jpg,2000,1500,70,success
train,9999998_00432_d_0000384.jpg,2000,1500,69,success
train,9999998_00433_d_0000385.jpg,2000,1500,65,success
train,9999998_00434_d_0000386.jpg,2000,1500,60,success
train,9999998_00435_d_0000387.jpg,2000,1500,67,success
train,9999998_00436_d_0000388.jpg,2000,1500,53,success
train,9999998_00437_d_0000389.jpg,2000,1500,53,success
train,9999998_00438_d_0000390.jpg,2000,1500,42,success
train,9999999_00023_d_0000001.jpg,2000,1500,27,success
train,9999999_00027_d_0000002.jpg,2000,1500,56,success
train,9999999_00029_d_0000003.jpg,2000,1500,55,success
train,9999999_00031_d_0000004.jpg,2000,1500,25,success
train,9999999_00033_d_0000005.jpg,2000,1500,70,success
train,9999999_00035_d_0000006.jpg,2000,1500,49,success
train,9999999_00037_d_0000007.jpg,2000,1500,63,success
train,9999999_00039_d_0000008.jpg,2000,1500,42,success
train,9999999_00043_d_0000009.jpg,2000,1500,77,success
train,9999999_00047_d_0000010.jpg,2000,1500,51,success
train,9999999_00049_d_0000011.jpg,2000,1500,43,success
train,9999999_00051_d_0000012.jpg,2000,1500,64,success
train,9999999_00053_d_0000013.jpg,2000,1500,41,success
train,9999999_00055_d_0000014.jpg,2000,1500,58,success
train,9999999_00057_d_0000015.jpg,2000,1500,65,success
train,9999999_00059_d_0000016.jpg,2000,1500,78,success
train,9999999_00061_d_0000017.jpg,2000,1500,79,success
train,9999999_00063_d_0000018.jpg,2000,1500,59,success
train,9999999_00065_d_0000019.jpg,2000,1500,40,success
train,9999999_00067_d_0000020.jpg,2000,1500,53,success
train,9999999_00069_d_0000021.jpg,2000,1500,49,success
train,9999999_00071_d_0000022.jpg,2000,1500,70,success
train,9999999_00073_d_0000023.jpg,2000,1500,52,success
train,9999999_00075_d_0000024.jpg,2000,1500,57,success
train,9999999_00077_d_0000025.jpg,2000,1500,22,success
train,9999999_00079_d_0000026.jpg,2000,1500,62,success
train,9999999_00081_d_0000027.jpg,2000,1500,89,success
train,9999999_00083_d_0000028.jpg,2000,1500,37,success
train,9999999_00085_d_0000029.jpg,2000,1500,68,success
train,9999999_00087_d_0000030.jpg,2000,1500,53,success
train,9999999_00089_d_0000031.jpg,2000,1500,45,success
train,9999999_00091_d_0000032.jpg,2000,1500,97,success
train,9999999_00095_d_0000033.jpg,2000,1500,131,success
train,9999999_00099_d_0000034.jpg,2000,1500,85,success
train,9999999_00101_d_0000035.jpg,2000,1500,118,success
train,9999999_00103_d_0000036.jpg,2000,1500,98,success
train,9999999_00105_d_0000037.jpg,2000,1500,72,success
train,9999999_00107_d_0000038.jpg,2000,1500,94,success
train,9999999_00109_d_0000039.jpg,2000,1500,81,success
train,9999999_00111_d_0000040.jpg,2000,1500,87,success
train,9999999_00113_d_0000041.jpg,2000,1500,110,success
train,9999999_00115_d_0000042.jpg,2000,1500,104,success
train,9999999_00117_d_0000043.jpg,2000,1500,44,success
train,9999999_00119_d_0000044.jpg,2000,1500,53,success
train,9999999_00121_d_0000045.jpg,2000,1500,35,success
train,9999999_00123_d_0000046.jpg,2000,1500,25,success
train,9999999_00125_d_0000047.jpg,2000,1500,80,success
train,9999999_00127_d_0000048.jpg,2000,1500,60,success
train,9999999_00129_d_0000049.jpg,2000,1500,41,success
train,9999999_00131_d_0000050.jpg,2000,1500,34,success
train,9999999_00133_d_0000051.jpg,2000,1500,44,success
train,9999999_00135_d_0000052.jpg,2000,1500,42,success
train,9999999_00137_d_0000053.jpg,2000,1500,36,success
train,9999999_00139_d_0000054.jpg,2000,1500,58,success
train,9999999_00141_d_0000055.jpg,2000,1500,49,success
train,9999999_00143_d_0000056.jpg,2000,1500,37,success
train,9999999_00145_d_0000057.jpg,2000,1500,63,success
train,9999999_00147_d_0000058.jpg,2000,1500,32,success
train,9999999_00149_d_0000059.jpg,2000,1500,63,success
train,9999999_00151_d_0000060.jpg,2000,1500,28,success
train,9999999_00153_d_0000061.jpg,2000,1500,52,success
train,9999999_00155_d_0000062.jpg,2000,1500,23,success
train,9999999_00157_d_0000063.jpg,2000,1500,22,success
train,9999999_00159_d_0000064.jpg,2000,1500,68,success
train,9999999_00161_d_0000065.jpg,2000,1500,65,success
train,9999999_00163_d_0000066.jpg,2000,1500,35,success
train,9999999_00165_d_0000067.jpg,2000,1500,52,success
train,9999999_00167_d_0000068.jpg,2000,1500,45,success
train,9999999_00169_d_0000069.jpg,2000,1500,100,success
train,9999999_00171_d_0000070.jpg,2000,1500,151,success
train,9999999_00173_d_0000071.jpg,2000,1500,116,success
train,9999999_00175_d_0000072.jpg,2000,1500,126,success
train,9999999_00177_d_0000073.jpg,2000,1500,75,success
train,9999999_00181_d_0000074.jpg,2000,1500,127,success
train,9999999_00183_d_0000075.jpg,2000,1500,52,success
train,9999999_00185_d_0000076.jpg,2000,1500,37,success
train,9999999_00187_d_0000077.jpg,2000,1500,38,success
train,9999999_00189_d_0000078.jpg,2000,1500,81,success
train,9999999_00191_d_0000079.jpg,2000,1500,64,success
train,9999999_00193_d_0000080.jpg,2000,1500,36,success
train,9999999_00195_d_0000081.jpg,2000,1500,30,success
train,9999999_00199_d_0000082.jpg,2000,1500,47,success
train,9999999_00201_d_0000083.jpg,2000,1500,99,success
train,9999999_00203_d_0000084.jpg,2000,1500,109,success
train,9999999_00205_d_0000085.jpg,2000,1500,95,success
train,9999999_00207_d_0000086.jpg,2000,1500,114,success
train,9999999_00209_d_0000087.jpg,2000,1500,48,success
train,9999999_00211_d_0000088.jpg,2000,1500,46,success
train,9999999_00213_d_0000089.jpg,2000,1500,91,success
train,9999999_00215_d_0000090.jpg,2000,1500,89,success
train,9999999_00217_d_0000091.jpg,2000,1500,72,success
train,9999999_00219_d_0000092.jpg,2000,1500,62,success
train,9999999_00221_d_0000093.jpg,2000,1500,72,success
train,9999999_00223_d_0000094.jpg,2000,1500,74,success
train,9999999_00225_d_0000095.jpg,2000,1500,59,success
train,9999999_00227_d_0000096.jpg,2000,1500,56,success
train,9999999_00229_d_0000097.jpg,2000,1500,51,success
train,9999999_00231_d_0000098.jpg,2000,1500,40,success
train,9999999_00233_d_0000099.jpg,2000,1500,80,success
train,9999999_00235_d_0000100.jpg,2000,1500,75,success
train,9999999_00237_d_0000101.jpg,2000,1500,86,success
train,9999999_00239_d_0000102.jpg,2000,1500,54,success
train,9999999_00241_d_0000103.jpg,2000,1500,96,success
train,9999999_00243_d_0000104.jpg,2000,1500,89,success
train,9999999_00245_d_0000105.jpg,2000,1500,21,success
train,9999999_00247_d_0000106.jpg,2000,1500,89,success
train,9999999_00249_d_0000107.jpg,2000,1500,136,success
train,9999999_00251_d_0000108.jpg,2000,1500,86,success
train,9999999_00253_d_0000109.jpg,2000,1500,58,success
train,9999999_00255_d_0000110.jpg,2000,1500,62,success
train,9999999_00257_d_0000111.jpg,2000,1500,94,success
train,9999999_00259_d_0000112.jpg,2000,1500,109,success
train,9999999_00261_d_0000113.jpg,2000,1500,44,success
train,9999999_00263_d_0000114.jpg,2000,1500,30,success
train,9999999_00265_d_0000115.jpg,2000,1500,53,success
train,9999999_00267_d_0000116.jpg,2000,1500,52,success
train,9999999_00269_d_0000117.jpg,2000,1500,79,success
train,9999999_00271_d_0000118.jpg,2000,1500,83,success
train,9999999_00273_d_0000119.jpg,2000,1500,60,success
train,9999999_00275_d_0000120.jpg,2000,1500,48,success
train,9999999_00277_d_0000121.jpg,2000,1500,96,success
train,9999999_00279_d_0000122.jpg,2000,1500,54,success
train,9999999_00281_d_0000123.jpg,2000,1500,77,success
train,9999999_00283_d_0000124.jpg,2000,1500,162,success
train,9999999_00285_d_0000125.jpg,2000,1500,139,success
train,9999999_00287_d_0000126.jpg,2000,1500,90,success
train,9999999_00289_d_0000127.jpg,2000,1500,100,success
train,9999999_00291_d_0000128.jpg,2000,1500,101,success
train,9999999_00293_d_0000129.jpg,2000,1500,167,success
train,9999999_00295_d_0000130.jpg,2000,1500,191,success
train,9999999_00297_d_0000131.jpg,2000,1500,183,success
train,9999999_00299_d_0000132.jpg,2000,1500,109,success
train,9999999_00301_d_0000133.jpg,2000,1500,75,success
train,9999999_00303_d_0000134.jpg,2000,1500,96,success
train,9999999_00305_d_0000135.jpg,2000,1500,80,success
train,9999999_00307_d_0000136.jpg,2000,1500,96,success
train,9999999_00309_d_0000137.jpg,2000,1500,86,success
train,9999999_00313_d_0000138.jpg,2000,1500,47,success
train,9999999_00318_d_0000139.jpg,2000,1500,103,success
train,9999999_00320_d_0000140.jpg,2000,1500,151,success
train,9999999_00322_d_0000141.jpg,2000,1500,86,success
train,9999999_00326_d_0000142.jpg,2000,1500,138,success
train,9999999_00328_d_0000143.jpg,2000,1500,216,success
train,9999999_00330_d_0000144.jpg,2000,1500,166,success
train,9999999_00332_d_0000145.jpg,2000,1500,209,success
train,9999999_00334_d_0000146.jpg,2000,1500,139,success
train,9999999_00336_d_0000147.jpg,2000,1500,68,success
train,9999999_00338_d_0000148.jpg,2000,1500,48,success
train,9999999_00340_d_0000149.jpg,2000,1500,43,success
train,9999999_00342_d_0000150.jpg,2000,1500,130,success
train,9999999_00344_d_0000151.jpg,2000,1500,106,success
train,9999999_00346_d_0000152.jpg,2000,1500,136,success
train,9999999_00348_d_0000153.jpg,2000,1500,14,success
train,9999999_00354_d_0000154.jpg,2000,1500,72,success
train,9999999_00356_d_0000155.jpg,2000,1500,121,success
train,9999999_00360_d_0000156.jpg,2000,1500,27,success
train,9999999_00362_d_0000157.jpg,2000,1500,86,success
train,9999999_00364_d_0000158.jpg,2000,1500,35,success
train,9999999_00366_d_0000159.jpg,2000,1500,142,success
train,9999999_00368_d_0000160.jpg,2000,1500,123,success
train,9999999_00370_d_0000161.jpg,2000,1500,131,success
train,9999999_00374_d_0000162.jpg,2000,1500,48,success
train,9999999_00376_d_0000163.jpg,2000,1500,157,success
train,9999999_00378_d_0000164.jpg,2000,1500,30,success
train,9999999_00380_d_0000165.jpg,2000,1500,46,success
train,9999999_00382_d_0000166.jpg,2000,1500,48,success
train,9999999_00384_d_0000167.jpg,2000,1500,30,success
train,9999999_00386_d_0000168.jpg,2000,1500,18,success
train,9999999_00388_d_0000169.jpg,2000,1500,45,success
train,9999999_00390_d_0000170.jpg,2000,1500,169,success
train,9999999_00392_d_0000171.jpg,2000,1500,21,success
train,9999999_00394_d_0000172.jpg,2000,1500,58,success
train,9999999_00396_d_0000173.jpg,2000,1500,56,success
train,9999999_00398_d_0000174.jpg,2000,1500,23,success
train,9999999_00400_d_0000175.jpg,2000,1500,62,success
train,9999999_00402_d_0000176.jpg,2000,1500,45,success
train,9999999_00404_d_0000177.jpg,2000,1500,55,success
train,9999999_00406_d_0000178.jpg,2000,1500,68,success
train,9999999_00408_d_0000179.jpg,2000,1500,203,success
train,9999999_00410_d_0000180.jpg,2000,1500,120,success
train,9999999_00412_d_0000181.jpg,2000,1500,180,success
train,9999999_00414_d_0000182.jpg,2000,1500,105,success
train,9999999_00416_d_0000183.jpg,2000,1500,83,success
train,9999999_00418_d_0000184.jpg,2000,1500,207,success
train,9999999_00420_d_0000185.jpg,2000,1500,106,success
train,9999999_00422_d_0000186.jpg,2000,1500,59,success
train,9999999_00424_d_0000187.jpg,2000,1500,94,success
train,9999999_00426_d_0000188.jpg,2000,1500,53,success
train,9999999_00428_d_0000189.jpg,2000,1500,52,success
train,9999999_00430_d_0000190.jpg,2000,1500,54,success
train,9999999_00432_d_0000191.jpg,2000,1500,56,success
train,9999999_00434_d_0000192.jpg,2000,1500,34,success
train,9999999_00436_d_0000193.jpg,2000,1500,33,success
train,9999999_00438_d_0000194.jpg,2000,1500,20,success
train,9999999_00440_d_0000195.jpg,2000,1500,35,success
train,9999999_00442_d_0000196.jpg,2000,1500,36,success
train,9999999_00444_d_0000197.jpg,2000,1500,38,success
train,9999999_00446_d_0000198.jpg,2000,1500,27,success
train,9999999_00448_d_0000199.jpg,2000,1500,38,success
train,9999999_00450_d_0000200.jpg,2000,1500,50,success
train,9999999_00452_d_0000201.jpg,2000,1500,18,success
train,9999999_00454_d_0000202.jpg,2000,1500,60,success
train,9999999_00456_d_0000203.jpg,2000,1500,30,success
train,9999999_00458_d_0000204.jpg,2000,1500,60,success
train,9999999_00460_d_0000205.jpg,2000,1500,45,success
train,9999999_00462_d_0000206.jpg,2000,1500,32,success
train,9999999_00464_d_0000207.jpg,2000,1500,12,success
train,9999999_00466_d_0000208.jpg,2000,1500,53,success
train,9999999_00468_d_0000209.jpg,2000,1500,71,success
train,9999999_00470_d_0000210.jpg,2000,1500,45,success
train,9999999_00472_d_0000211.jpg,2000,1500,67,success
train,9999999_00474_d_0000212.jpg,2000,1500,39,success
train,9999999_00478_d_0000213.jpg,2000,1500,20,success
train,9999999_00482_d_0000214.jpg,2000,1500,92,success
train,9999999_00484_d_0000215.jpg,2000,1500,42,success
train,9999999_00486_d_0000216.jpg,2000,1500,45,success
train,9999999_00488_d_0000217.jpg,2000,1500,86,success
train,9999999_00490_d_0000218.jpg,2000,1500,61,success
train,9999999_00492_d_0000219.jpg,2000,1500,12,success
train,9999999_00494_d_0000220.jpg,2000,1500,58,success
train,9999999_00496_d_0000221.jpg,2000,1500,57,success
train,9999999_00498_d_0000222.jpg,2000,1500,77,success
train,9999999_00500_d_0000223.jpg,2000,1500,33,success
train,9999999_00502_d_0000224.jpg,2000,1500,48,success
train,9999999_00504_d_0000225.jpg,2000,1500,120,success
train,9999999_00506_d_0000226.jpg,2000,1500,27,success
train,9999999_00508_d_0000227.jpg,2000,1500,53,success
train,9999999_00510_d_0000228.jpg,2000,1500,40,success
train,9999999_00512_d_0000229.jpg,2000,1500,96,success
train,9999999_00514_d_0000230.jpg,2000,1500,66,success
train,9999999_00516_d_0000231.jpg,2000,1500,15,success
train,9999999_00518_d_0000232.jpg,2000,1500,118,success
train,9999999_00520_d_0000233.jpg,2000,1500,90,success
train,9999999_00522_d_0000234.jpg,2000,1500,105,success
train,9999999_00526_d_0000235.jpg,2000,1500,85,success
train,9999999_00528_d_0000236.jpg,2000,1500,63,success
train,9999999_00530_d_0000237.jpg,2000,1500,33,success
train,9999999_00532_d_0000238.jpg,2000,1500,50,success
train,9999999_00534_d_0000239.jpg,2000,1500,42,success
train,9999999_00536_d_0000240.jpg,2000,1500,57,success
train,9999999_00538_d_0000241.jpg,2000,1500,98,success
train,9999999_00540_d_0000242.jpg,2000,1500,30,success
train,9999999_00542_d_0000243.jpg,2000,1500,94,success
train,9999999_00544_d_0000244.jpg,2000,1500,39,success
train,9999999_00546_d_0000245.jpg,2000,1500,88,success
train,9999999_00548_d_0000246.jpg,2000,1500,105,success
train,9999999_00550_d_0000247.jpg,2000,1500,81,success
train,9999999_00552_d_0000248.jpg,2000,1500,48,success
train,9999999_00554_d_0000249.jpg,2000,1500,74,success
train,9999999_00556_d_0000250.jpg,2000,1500,102,success
train,9999999_00558_d_0000251.jpg,2000,1500,9,success
train,9999999_00560_d_0000252.jpg,2000,1500,21,success
train,9999999_00562_d_0000253.jpg,2000,1500,51,success
train,9999999_00564_d_0000254.jpg,2000,1500,39,success
train,9999999_00566_d_0000255.jpg,2000,1500,11,success
train,9999999_00568_d_0000256.jpg,2000,1500,37,success
train,9999999_00570_d_0000257.jpg,2000,1500,11,success
train,9999999_00572_d_0000258.jpg,2000,1500,31,success
train,9999999_00574_d_0000259.jpg,2000,1500,17,success
train,9999999_00576_d_0000260.jpg,2000,1500,6,success
train,9999999_00578_d_0000261.jpg,2000,1500,51,success
train,9999999_00580_d_0000262.jpg,2000,1500,34,success
train,9999999_00582_d_0000263.jpg,2000,1500,41,success
train,9999999_00584_d_0000264.jpg,2000,1500,11,success
train,9999999_00586_d_0000265.jpg,2000,1500,8,success
train,9999999_00588_d_0000266.jpg,2000,1500,34,success
train,9999999_00590_d_0000267.jpg,2000,1500,100,success
train,9999999_00592_d_0000268.jpg,2000,1500,38,success
train,9999999_00594_d_0000269.jpg,2000,1500,55,success
train,9999999_00596_d_0000270.jpg,2000,1500,74,success
train,9999999_00598_d_0000271.jpg,2000,1500,75,success
train,9999999_00600_d_0000272.jpg,2000,1500,17,success
train,9999999_00602_d_0000273.jpg,2000,1500,84,success
train,9999999_00604_d_0000274.jpg,2000,1500,67,success
train,9999999_00606_d_0000275.jpg,2000,1500,80,success
train,9999999_00608_d_0000276.jpg,2000,1500,51,success
train,9999999_00610_d_0000277.jpg,2000,1500,44,success
train,9999999_00612_d_0000278.jpg,2000,1500,31,success
train,9999999_00614_d_0000279.jpg,2000,1500,51,success
train,9999999_00616_d_0000280.jpg,2000,1500,19,success
train,9999999_00618_d_0000281.jpg,2000,1500,36,success
train,9999999_00622_d_0000282.jpg,2000,1500,62,success
train,9999999_00624_d_0000283.jpg,2000,1500,50,success
train,9999999_00626_d_0000284.jpg,2000,1500,37,success
train,9999999_00628_d_0000285.jpg,2000,1500,33,success
train,9999999_00630_d_0000286.jpg,2000,1500,22,success
train,9999999_00632_d_0000287.jpg,2000,1500,40,success
train,9999999_00634_d_0000288.jpg,2000,1500,27,success
train,9999999_00636_d_0000289.jpg,2000,1500,30,success
train,9999999_00638_d_0000290.jpg,2000,1500,74,success
train,9999999_00640_d_0000291.jpg,2000,1500,84,success
train,9999999_00642_d_0000292.jpg,2000,1500,119,success
train,9999999_00644_d_0000293.jpg,2000,1500,52,success
train,9999999_00646_d_0000294.jpg,2000,1500,85,success
train,9999999_00650_d_0000295.jpg,480,360,27,success
train,9999999_00651_d_0000296.jpg,2000,1500,28,success
train,9999999_00653_d_0000297.jpg,2000,1500,20,success
train,9999999_00655_d_0000298.jpg,2000,1500,33,success
train,9999999_00657_d_0000299.jpg,2000,1500,23,success
train,9999999_00661_d_0000300.jpg,2000,1500,32,success
train,9999999_00663_d_0000301.jpg,2000,1500,21,success
train,9999999_00665_d_0000302.jpg,2000,1500,17,success
train,9999999_00667_d_0000303.jpg,2000,1500,9,success
train,9999999_00669_d_0000304.jpg,2000,1500,46,success
train,9999999_00671_d_0000305.jpg,2000,1500,36,success
train,9999999_00675_d_0000306.jpg,2000,1500,29,success
train,9999999_00677_d_0000307.jpg,2000,1500,85,success
train,9999999_00679_d_0000308.jpg,2000,1500,84,success
train,9999999_00681_d_0000309.jpg,2000,1500,128,success
train,9999999_00685_d_0000310.jpg,2000,1500,108,success
train,9999999_00687_d_0000311.jpg,2000,1500,116,success
train,9999999_00689_d_0000312.jpg,2000,1500,132,success
train,9999999_00691_d_0000313.jpg,2000,1500,115,success
train,9999999_00693_d_0000314.jpg,2000,1500,17,success
train,9999999_00695_d_0000315.jpg,2000,1500,72,success
train,9999999_00697_d_0000316.jpg,2000,1500,117,success
train,9999999_00699_d_0000317.jpg,2000,1500,105,success
train,9999999_00701_d_0000318.jpg,2000,1500,111,success
train,9999999_00703_d_0000319.jpg,2000,1500,98,success
train,9999999_00705_d_0000320.jpg,2000,1500,116,success
train,9999999_00707_d_0000321.jpg,2000,1500,29,success
train,9999999_00709_d_0000322.jpg,2000,1500,36,success
train,9999999_00711_d_0000323.jpg,2000,1500,23,success
train,9999999_00713_d_0000324.jpg,2000,1500,28,success
train,9999999_00715_d_0000325.jpg,2000,1500,22,success
train,9999999_00717_d_0000326.jpg,2000,1500,40,success
train,9999999_00719_d_0000327.jpg,2000,1500,55,success
train,9999999_00721_d_0000328.jpg,2000,1500,45,success
train,9999999_00723_d_0000329.jpg,2000,1500,31,success
train,9999999_00725_d_0000330.jpg,2000,1500,9,success
train,9999999_00727_d_0000331.jpg,2000,1500,191,success
train,9999999_00729_d_0000332.jpg,2000,1500,44,success
train,9999999_00731_d_0000333.jpg,2000,1500,31,success
train,9999999_00733_d_0000334.jpg,2000,1500,48,success
train,9999999_00735_d_0000335.jpg,2000,1500,45,success
train,9999999_00737_d_0000336.jpg,2000,1500,75,success
train,9999999_00739_d_0000337.jpg,2000,1500,46,success
train,9999999_00741_d_0000338.jpg,2000,1500,212,success
train,9999999_00743_d_0000339.jpg,2000,1500,70,success
train,9999999_00745_d_0000340.jpg,2000,1500,33,success
train,9999999_00747_d_0000341.jpg,2000,1500,34,success
train,9999999_00749_d_0000342.jpg,2000,1500,87,success
train,9999999_00751_d_0000343.jpg,2000,1500,78,success
train,9999999_00753_d_0000344.jpg,2000,1500,48,success
train,9999999_00755_d_0000345.jpg,2000,1500,70,success
train,9999999_00757_d_0000346.jpg,2000,1500,99,success
train,9999999_00759_d_0000347.jpg,2000,1500,108,success
train,9999999_00761_d_0000348.jpg,2000,1500,33,success
train,9999999_00763_d_0000349.jpg,2000,1500,124,success
train,9999999_00765_d_0000350.jpg,2000,1500,99,success
train,9999999_00767_d_0000351.jpg,2000,1500,103,success
train,9999999_00769_d_0000352.jpg,2000,1500,93,success
train,9999999_00773_d_0000353.jpg,2000,1500,85,success
train,9999999_00775_d_0000354.jpg,2000,1500,62,success
train,9999999_00777_d_0000355.jpg,2000,1500,214,success
train,9999999_00779_d_0000356.jpg,2000,1500,131,success
train,9999999_00781_d_0000357.jpg,2000,1500,61,success
train,9999999_00783_d_0000358.jpg,2000,1500,70,success
train,9999999_00785_d_0000359.jpg,2000,1500,64,success
train,9999999_00787_d_0000360.jpg,2000,1500,85,success
train,9999999_00789_d_0000361.jpg,2000,1500,164,success
train,9999999_00791_d_0000362.jpg,2000,1500,49,success
train,9999999_00793_d_0000363.jpg,2000,1500,136,success
train,9999999_00795_d_0000364.jpg,2000,1500,216,success
train,9999999_00797_d_0000365.jpg,2000,1500,175,success
train,9999999_00801_d_0000366.jpg,2000,1500,110,success
train,9999999_00803_d_0000367.jpg,2000,1500,161,success
train,9999999_00805_d_0000368.jpg,2000,1500,139,success
train,9999999_00807_d_0000369.jpg,2000,1500,112,success
train,9999999_00809_d_0000370.jpg,2000,1500,142,success
train,9999999_00811_d_0000371.jpg,2000,1500,93,success
train,9999999_00813_d_0000372.jpg,2000,1500,127,success
train,9999999_00815_d_0000373.jpg,2000,1500,121,success
train,9999999_00819_d_0000374.jpg,2000,1500,233,success
train,9999999_00823_d_0000375.jpg,2000,1500,121,success
train,9999999_00825_d_0000376.jpg,2000,1500,123,success
train,9999999_00827_d_0000377.jpg,2000,1500,46,success
train,9999999_00829_d_0000378.jpg,2000,1500,64,success
train,9999999_00831_d_0000379.jpg,2000,1500,82,success
train,9999999_00833_d_0000380.jpg,2000,1500,57,success
train,9999999_00835_d_0000381.jpg,2000,1500,78,success
train,9999999_00837_d_0000382.jpg,2000,1500,118,success
train,9999999_00839_d_0000383.jpg,2000,1500,69,success
train,9999999_00841_d_0000384.jpg,2000,1500,212,success
train,9999999_00843_d_0000385.jpg,2000,1500,71,success
train,9999999_00845_d_0000386.jpg,2000,1500,104,success
train,9999999_00847_d_0000387.jpg,2000,1500,117,success
train,9999999_00849_d_0000388.jpg,2000,1500,92,success
train,9999999_00851_d_0000389.jpg,2000,1500,83,success
train,9999999_00853_d_0000390.jpg,2000,1500,54,success
train,9999999_00855_d_0000391.jpg,2000,1500,52,success
train,9999999_00857_d_0000392.jpg,2000,1500,82,success
train,9999999_00859_d_0000393.jpg,2000,1500,109,success
train,9999999_00861_d_0000394.jpg,2000,1500,114,success
train,9999999_00863_d_0000395.jpg,2000,1500,107,success
train,9999999_00865_d_0000396.jpg,2000,1500,62,success
train,9999999_00867_d_0000397.jpg,2000,1500,64,success
train,9999999_00869_d_0000398.jpg,2000,1500,75,success
train,9999999_00871_d_0000399.jpg,2000,1500,46,success
train,9999999_00873_d_0000400.jpg,2000,1500,80,success
train,9999999_00875_d_0000401.jpg,2000,1500,48,success
train,9999999_00877_d_0000402.jpg,2000,1500,79,success
train,9999999_00879_d_0000403.jpg,2000,1500,51,success
train,9999999_00881_d_0000404.jpg,2000,1500,13,success
train,9999999_00883_d_0000405.jpg,2000,1500,19,success
train,9999999_00885_d_0000406.jpg,2000,1500,10,success
train,9999999_00887_d_0000407.jpg,2000,1500,21,success
val,0000001_02999_d_0000005.jpg,1920,1080,127,success
val,0000001_03499_d_0000006.jpg,1920,1080,77,success
val,0000001_03999_d_0000007.jpg,1920,1080,48,success
val,0000001_04527_d_0000008.jpg,1920,1080,115,success
val,0000001_05249_d_0000009.jpg,1920,1080,113,success
val,0000001_05499_d_0000010.jpg,1920,1080,140,success
val,0000001_05999_d_0000011.jpg,1920,1080,115,success
val,0000001_07999_d_0000012.jpg,1920,1080,136,success
val,0000001_08414_d_0000013.jpg,1920,1080,164,success
val,0000021_00000_d_0000001.jpg,960,540,31,success
val,0000021_00500_d_0000002.jpg,960,540,17,success
val,0000021_00800_d_0000003.jpg,960,540,7,success
val,0000022_00000_d_0000004.jpg,960,540,41,success
val,0000022_00500_d_0000005.jpg,960,540,32,success
val,0000022_01036_d_0000006.jpg,960,540,16,success
val,0000022_01251_d_0000007.jpg,960,540,12,success
val,0000023_00000_d_0000008.jpg,960,540,40,success
val,0000023_00300_d_0000009.jpg,960,540,30,success
val,0000023_00868_d_0000010.jpg,960,540,20,success
val,0000023_01233_d_0000011.jpg,960,540,14,success
val,0000024_00000_d_0000012.jpg,960,540,21,success
val,0000024_00500_d_0000013.jpg,960,540,10,success
val,0000024_01000_d_0000014.jpg,960,540,12,success
val,0000024_01543_d_0000015.jpg,960,540,8,success
val,0000026_00000_d_0000024.jpg,1360,765,8,success
val,0000026_00500_d_0000025.jpg,1360,765,15,success
val,0000026_01000_d_0000026.jpg,1360,765,25,success
val,0000026_01500_d_0000027.jpg,1360,765,10,success
val,0000026_02000_d_0000028.jpg,1360,765,9,success
val,0000026_02500_d_0000029.jpg,1360,765,17,success
val,0000026_03000_d_0000030.jpg,1360,765,13,success
val,0000026_03500_d_0000031.jpg,1360,765,23,success
val,0000026_04000_d_0000032.jpg,1360,765,14,success
val,0000026_04500_d_0000033.jpg,1360,765,47,success
val,0000026_04978_d_0000034.jpg,1360,765,45,success
val,0000055_00000_d_0000109.jpg,960,540,101,success
val,0000055_00714_d_0000110.jpg,960,540,85,success
val,0000069_00001_d_0000001.jpg,1360,765,34,success
val,0000069_00483_d_0000002.jpg,1360,765,27,success
val,0000069_00713_d_0000003.jpg,1360,765,49,success
val,0000069_01109_d_0000004.jpg,1360,765,31,success
val,0000069_01878_d_0000005.jpg,1360,765,36,success
val,0000069_02163_d_0000006.jpg,1360,765,49,success
val,0000069_02480_d_0000007.jpg,1360,765,64,success
val,0000072_02834_d_0000003.jpg,1360,765,73,success
val,0000076_02142_d_0000009.jpg,1360,765,11,success
val,0000081_00000_d_0000001.jpg,960,540,86,success
val,0000086_00000_d_0000001.jpg,960,540,37,success
val,0000086_00592_d_0000002.jpg,960,540,65,success
val,0000086_01084_d_0000003.jpg,960,540,146,success
val,0000086_01443_d_0000004.jpg,960,540,107,success
val,0000086_01954_d_0000005.jpg,960,540,173,success
val,0000103_00180_d_0000026.jpg,1360,765,1,success
val,0000103_00502_d_0000027.jpg,1360,765,3,success
val,0000103_01734_d_0000028.jpg,1360,765,4,success
val,0000103_02544_d_0000029.jpg,1360,765,14,success
val,0000103_02964_d_0000030.jpg,1360,765,10,success
val,0000103_03349_d_0000031.jpg,1360,765,4,success
val,0000103_03738_d_0000032.jpg,1360,765,3,success
val,0000103_04122_d_0000033.jpg,1360,765,4,success
val,0000103_04513_d_0000034.jpg,1360,765,2,success
val,0000103_04948_d_0000035.jpg,1360,765,1,success
val,0000115_00315_d_0000080.jpg,960,540,61,success
val,0000115_00796_d_0000081.jpg,960,540,78,success
val,0000115_01031_d_0000082.jpg,960,540,63,success
val,0000116_00351_d_0000083.jpg,960,540,74,success
val,0000116_00819_d_0000084.jpg,960,540,36,success
val,0000116_01059_d_0000085.jpg,960,540,70,success
val,0000116_01338_d_0000086.jpg,960,540,54,success
val,0000117_00112_d_0000087.jpg,1360,765,129,success
val,0000117_01326_d_0000088.jpg,1360,765,62,success
val,0000117_01731_d_0000089.jpg,1360,765,47,success
val,0000117_02708_d_0000090.jpg,1360,765,100,success
val,0000117_03096_d_0000091.jpg,1360,765,24,success
val,0000129_02411_d_0000138.jpg,1920,1080,186,success
val,0000153_00001_d_0000001.jpg,960,540,55,success
val,0000153_00401_d_0000001.jpg,960,540,59,success
val,0000153_00801_d_0000001.jpg,960,540,49,success
val,0000153_01201_d_0000001.jpg,960,540,59,success
val,0000153_01601_d_0000001.jpg,960,540,63,success
val,0000153_01801_d_0000001.jpg,960,540,55,success
val,0000154_00001_d_0000001.jpg,960,540,51,success
val,0000154_00401_d_0000001.jpg,960,540,60,success
val,0000154_00801_d_0000001.jpg,960,540,72,success
val,0000154_01201_d_0000001.jpg,960,540,81,success
val,0000154_01601_d_0000001.jpg,960,540,101,success
val,0000154_02001_d_0000001.jpg,960,540,83,success
val,0000155_00001_d_0000001.jpg,960,540,97,success
val,0000155_00401_d_0000001.jpg,960,540,122,success
val,0000155_00801_d_0000001.jpg,960,540,106,success
val,0000155_01201_d_0000001.jpg,960,540,94,success
val,0000155_01601_d_0000001.jpg,960,540,73,success
val,0000155_01871_d_0000001.jpg,960,540,55,success
val,0000162_00001_d_0000001.jpg,960,540,34,success
val,0000162_00401_d_0000001.jpg,960,540,45,success
val,0000162_00801_d_0000001.jpg,960,540,30,success
val,0000162_01058_d_0000001.jpg,960,540,57,success
val,0000163_00001_d_0000001.jpg,960,540,69,success
val,0000163_00359_d_0000001.jpg,960,540,54,success
val,0000165_04325_d_0000105.jpg,1920,1080,29,success
val,0000166_00558_d_0000118.jpg,1920,1080,71,success
val,0000193_00000_d_0000103.jpg,960,540,63,success
val,0000193_01497_d_0000111.jpg,960,540,87,success
val,0000193_01705_d_0000112.jpg,960,540,134,success
val,0000193_01876_d_0000113.jpg,960,540,107,success
val,0000193_02029_d_0000114.jpg,960,540,93,success
val,0000193_02212_d_0000115.jpg,960,540,78,success
val,0000193_02416_d_0000116.jpg,960,540,50,success
val,0000193_02606_d_0000117.jpg,960,540,49,success
val,0000193_02725_d_0000118.jpg,960,540,39,success
val,0000194_00000_d_0000119.jpg,960,540,54,success
val,0000194_00200_d_0000120.jpg,960,540,76,success
val,0000194_00399_d_0000121.jpg,960,540,143,success
val,0000194_00625_d_0000122.jpg,960,540,83,success
val,0000194_00800_d_0000123.jpg,960,540,54,success
val,0000194_00998_d_0000124.jpg,960,540,42,success
val,0000194_01192_d_0000125.jpg,960,540,23,success
val,0000196_04512_d_0000144.jpg,1920,1080,69,success
val,0000199_01269_d_0000166.jpg,960,540,16,success
val,0000213_02500_d_0000240.jpg,1360,765,94,success
val,0000213_02965_d_0000241.jpg,1360,765,94,success
val,0000213_03478_d_0000242.jpg,1360,765,115,success
val,0000213_03920_d_0000243.jpg,1360,765,164,success
val,0000213_04405_d_0000244.jpg,1360,765,106,success
val,0000213_04998_d_0000245.jpg,1360,765,137,success
val,0000213_05340_d_0000246.jpg,1360,765,138,success
val,0000213_05745_d_0000247.jpg,1360,765,101,success
val,0000215_00000_d_0000256.jpg,1360,765,157,success
val,0000215_00447_d_0000257.jpg,1360,765,53,success
val,0000215_00909_d_0000258.jpg,1360,765,93,success
val,0000215_01395_d_0000259.jpg,1360,765,56,success
val,0000215_01869_d_0000260.jpg,1360,765,78,success
val,0000215_02319_d_0000261.jpg,1360,765,107,success
val,0000215_02667_d_0000262.jpg,1360,765,83,success
val,0000215_02932_d_0000263.jpg,1360,765,48,success
val,0000215_03226_d_0000264.jpg,1360,765,23,success
val,0000216_00520_d_0000001.jpg,1360,765,109,success
val,0000220_01242_d_0000004.jpg,1920,1080,37,success
val,0000223_01802_d_0000005.jpg,1920,1080,64,success
val,0000237_00001_d_0000001.jpg,960,540,15,success
val,0000242_00001_d_0000001.jpg,960,540,42,success
val,0000242_00500_d_0000002.jpg,960,540,53,success
val,0000242_00627_d_0000003.jpg,960,540,45,success
val,0000242_00843_d_0000004.jpg,960,540,2,success
val,0000242_00963_d_0000005.jpg,960,540,13,success
val,0000242_01139_d_0000006.jpg,960,540,72,success
val,0000242_01475_d_0000007.jpg,960,540,65,success
val,0000242_01912_d_0000008.jpg,960,540,50,success
val,0000242_02400_d_0000009.jpg,960,540,34,success
val,0000242_02762_d_0000010.jpg,960,540,33,success
val,0000242_03199_d_0000011.jpg,960,540,9,success
val,0000242_03668_d_0000012.jpg,960,540,41,success
val,0000242_04116_d_0000013.jpg,960,540,8,success
val,0000242_04600_d_0000014.jpg,960,540,29,success
val,0000242_05059_d_0000015.jpg,960,540,37,success
val,0000242_05570_d_0000016.jpg,960,540,32,success
val,0000242_06010_d_0000017.jpg,960,540,41,success
val,0000242_06452_d_0000018.jpg,960,540,12,success
val,0000244_00001_d_0000001.jpg,960,540,46,success
val,0000244_00500_d_0000002.jpg,960,540,32,success
val,0000244_01000_d_0000003.jpg,960,540,122,success
val,0000244_01500_d_0000004.jpg,960,540,96,success
val,0000244_02000_d_0000005.jpg,960,540,129,success
val,0000244_02500_d_0000006.jpg,960,540,113,success
val,0000244_03000_d_0000007.jpg,960,540,44,success
val,0000244_03500_d_0000008.jpg,960,540,146,success
val,0000244_04000_d_0000009.jpg,960,540,56,success
val,0000244_04400_d_0000010.jpg,960,540,101,success
val,0000244_04900_d_0000011.jpg,960,540,106,success
val,0000244_05400_d_0000012.jpg,960,540,90,success
val,0000244_05900_d_0000013.jpg,960,540,66,success
val,0000244_06388_d_0000014.jpg,960,540,46,success
val,0000249_00001_d_0000001.jpg,960,540,80,success
val,0000249_00235_d_0000002.jpg,960,540,85,success
val,0000249_00603_d_0000003.jpg,960,540,48,success
val,0000249_01100_d_0000004.jpg,960,540,27,success
val,0000249_01514_d_0000005.jpg,960,540,51,success
val,0000249_01635_d_0000006.jpg,960,540,80,success
val,0000249_02073_d_0000007.jpg,960,540,67,success
val,0000249_02468_d_0000008.jpg,960,540,18,success
val,0000249_02900_d_0000009.jpg,960,540,101,success
val,0000249_03400_d_0000010.jpg,960,540,92,success
val,0000249_03900_d_0000011.jpg,960,540,85,success
val,0000253_00001_d_0000001.jpg,960,540,106,success
val,0000256_00715_d_0000019.jpg,1360,765,90,success
val,0000256_02173_d_0000030.jpg,1360,765,47,success
val,0000263_02401_d_0000179.jpg,1360,765,17,success
val,0000269_00001_d_0000348.jpg,1360,765,128,success
val,0000269_00201_d_0000349.jpg,1360,765,47,success
val,0000269_00601_d_0000351.jpg,1360,765,93,success
val,0000271_00001_d_0000374.jpg,1360,765,58,success
val,0000271_00201_d_0000375.jpg,1360,765,75,success
val,0000271_00401_d_0000376.jpg,1360,765,25,success
val,0000271_00601_d_0000377.jpg,1360,765,79,success
val,0000271_00801_d_0000378.jpg,1360,765,63,success
val,0000271_01201_d_0000379.jpg,1360,765,59,success
val,0000271_01401_d_0000380.jpg,1360,765,55,success
val,0000271_01601_d_0000381.jpg,1360,765,48,success
val,0000271_02401_d_0000385.jpg,1360,765,84,success
val,0000271_02601_d_0000386.jpg,1360,765,79,success
val,0000271_03001_d_0000387.jpg,1360,765,56,success
val,0000271_03801_d_0000391.jpg,1360,765,57,success
val,0000271_04401_d_0000394.jpg,1360,765,86,success
val,0000271_04801_d_0000396.jpg,1360,765,50,success
val,0000271_05001_d_0000397.jpg,1360,765,90,success
val,0000271_05201_d_0000398.jpg,1360,765,70,success
val,0000271_05401_d_0000399.jpg,1360,765,71,success
val,0000271_05601_d_0000400.jpg,1360,765,86,success
val,0000271_05801_d_0000401.jpg,1360,765,104,success
val,0000271_06001_d_0000402.jpg,1360,765,158,success
val,0000271_06201_d_0000403.jpg,1360,765,142,success
val,0000271_06401_d_0000404.jpg,1360,765,128,success
val,0000271_06601_d_0000405.jpg,1360,765,105,success
val,0000271_06801_d_0000406.jpg,1360,765,95,success
val,0000271_07001_d_0000407.jpg,1360,765,58,success
val,0000271_07201_d_0000408.jpg,1360,765,25,success
val,0000271_07401_d_0000409.jpg,1360,765,42,success
val,0000273_05601_d_0000466.jpg,1360,765,32,success
val,0000276_00001_d_0000507.jpg,1360,765,55,success
val,0000276_00401_d_0000509.jpg,1360,765,62,success
val,0000276_00601_d_0000510.jpg,1360,765,37,success
val,0000276_01001_d_0000512.jpg,1360,765,42,success
val,0000276_01201_d_0000513.jpg,1360,765,29,success
val,0000276_01401_d_0000514.jpg,1360,765,25,success
val,0000276_01801_d_0000516.jpg,1360,765,21,success
val,0000276_02001_d_0000517.jpg,1360,765,15,success
val,0000276_02201_d_0000518.jpg,1360,765,41,success
val,0000276_02401_d_0000519.jpg,1360,765,48,success
val,0000276_02601_d_0000520.jpg,1360,765,32,success
val,0000276_02801_d_0000521.jpg,1360,765,37,success
val,0000276_03001_d_0000522.jpg,1360,765,38,success
val,0000276_03201_d_0000523.jpg,1360,765,60,success
val,0000276_03401_d_0000524.jpg,1360,765,61,success
val,0000276_03601_d_0000525.jpg,1360,765,46,success
val,0000276_03801_d_0000526.jpg,1360,765,64,success
val,0000276_04001_d_0000527.jpg,1360,765,54,success
val,0000276_04201_d_0000528.jpg,1360,765,59,success
val,0000276_04401_d_0000529.jpg,1360,765,40,success
val,0000276_04601_d_0000530.jpg,1360,765,10,success
val,0000276_04801_d_0000531.jpg,1360,765,10,success
val,0000276_05001_d_0000532.jpg,1360,765,7,success
val,0000276_05201_d_0000533.jpg,1360,765,6,success
val,0000276_05601_d_0000535.jpg,1360,765,10,success
val,0000276_05801_d_0000536.jpg,1360,765,7,success
val,0000276_06001_d_0000537.jpg,1360,765,14,success
val,0000277_00001_d_0000539.jpg,1360,765,85,success
val,0000277_00201_d_0000540.jpg,1360,765,83,success
val,0000277_00401_d_0000541.jpg,1360,765,117,success
val,0000277_01401_d_0000546.jpg,1360,765,78,success
val,0000277_01601_d_0000547.jpg,1360,765,78,success
val,0000277_01801_d_0000548.jpg,1360,765,101,success
val,0000277_02001_d_0000549.jpg,1360,765,83,success
val,0000277_02201_d_0000550.jpg,1360,765,68,success
val,0000277_02401_d_0000551.jpg,1360,765,90,success
val,0000277_02601_d_0000552.jpg,1360,765,121,success
val,0000277_03201_d_0000554.jpg,1360,765,85,success
val,0000277_03401_d_0000555.jpg,1360,765,103,success
val,0000277_03601_d_0000556.jpg,1360,765,59,success
val,0000277_04001_d_0000558.jpg,1360,765,74,success
val,0000277_04201_d_0000559.jpg,1360,765,67,success
val,0000277_04401_d_0000560.jpg,1360,765,70,success
val,0000277_04601_d_0000561.jpg,1360,765,95,success
val,0000277_05001_d_0000562.jpg,1360,765,97,success
val,0000280_00001_d_0000612.jpg,1360,765,87,success
val,0000280_00201_d_0000613.jpg,1360,765,47,success
val,0000280_00401_d_0000614.jpg,1360,765,59,success
val,0000280_00601_d_0000615.jpg,1360,765,74,success
val,0000280_00801_d_0000616.jpg,1360,765,70,success
val,0000280_01001_d_0000617.jpg,1360,765,125,success
val,0000280_01201_d_0000618.jpg,1360,765,134,success
val,0000280_01401_d_0000619.jpg,1360,765,110,success
val,0000280_01601_d_0000620.jpg,1360,765,103,success
val,0000280_01801_d_0000621.jpg,1360,765,90,success
val,0000280_02001_d_0000622.jpg,1360,765,66,success
val,0000280_02201_d_0000623.jpg,1360,765,80,success
val,0000280_02401_d_0000624.jpg,1360,765,92,success
val,0000280_02601_d_0000625.jpg,1360,765,73,success
val,0000280_02801_d_0000626.jpg,1360,765,55,success
val,0000280_03001_d_0000627.jpg,1360,765,88,success
val,0000280_03201_d_0000628.jpg,1360,765,82,success
val,0000280_03401_d_0000629.jpg,1360,765,83,success
val,0000283_00401_d_0000676.jpg,1920,1080,6,success
val,0000283_00601_d_0000677.jpg,1920,1080,9,success
val,0000283_00801_d_0000678.jpg,1920,1080,8,success
val,0000283_01001_d_0000679.jpg,1920,1080,4,success
val,0000287_00001_d_0000759.jpg,1360,765,52,success
val,0000287_00201_d_0000760.jpg,1360,765,51,success
val,0000287_00401_d_0000761.jpg,1360,765,44,success
val,0000287_00601_d_0000762.jpg,1360,765,93,success
val,0000287_00801_d_0000763.jpg,1360,765,58,success
val,0000287_01001_d_0000764.jpg,1360,765,71,success
val,0000287_01201_d_0000765.jpg,1360,765,68,success
val,0000287_01401_d_0000766.jpg,1360,765,68,success
val,0000287_01601_d_0000767.jpg,1360,765,74,success
val,0000287_01801_d_0000768.jpg,1360,765,56,success
val,0000287_02001_d_0000769.jpg,1360,765,44,success
val,0000287_02201_d_0000770.jpg,1360,765,27,success
val,0000287_02401_d_0000771.jpg,1360,765,18,success
val,0000287_02601_d_0000772.jpg,1360,765,44,success
val,0000287_02801_d_0000773.jpg,1360,765,60,success
val,0000287_03001_d_0000774.jpg,1360,765,18,success
val,0000287_03401_d_0000776.jpg,1360,765,56,success
val,0000287_04601_d_0000780.jpg,1360,765,88,success
val,0000287_04801_d_0000781.jpg,1360,765,53,success
val,0000287_05001_d_0000782.jpg,1360,765,62,success
val,0000289_00001_d_0000811.jpg,1360,765,41,success
val,0000289_00201_d_0000812.jpg,1360,765,43,success
val,0000289_00401_d_0000813.jpg,1360,765,53,success
val,0000289_00601_d_0000814.jpg,1360,765,43,success
val,0000289_00801_d_0000815.jpg,1360,765,39,success
val,0000289_01001_d_0000816.jpg,1360,765,33,success
val,0000289_01201_d_0000817.jpg,1360,765,43,success
val,0000289_01401_d_0000818.jpg,1360,765,39,success
val,0000289_01601_d_0000819.jpg,1360,765,44,success
val,0000289_02001_d_0000821.jpg,1360,765,43,success
val,0000289_02201_d_0000822.jpg,1360,765,29,success
val,0000289_02401_d_0000823.jpg,1360,765,49,success
val,0000289_02601_d_0000824.jpg,1360,765,58,success
val,0000289_03001_d_0000826.jpg,1360,765,61,success
val,0000289_03201_d_0000827.jpg,1360,765,80,success
val,0000289_03401_d_0000828.jpg,1360,765,54,success
val,0000289_03601_d_0000829.jpg,1360,765,77,success
val,0000289_03801_d_0000830.jpg,1360,765,100,success
val,0000289_04001_d_0000831.jpg,1360,765,80,success
val,0000289_04201_d_0000832.jpg,1360,765,88,success
val,0000289_04401_d_0000833.jpg,1360,765,100,success
val,0000289_04601_d_0000834.jpg,1360,765,93,success
val,0000289_04801_d_0000835.jpg,1360,765,71,success
val,0000289_05001_d_0000836.jpg,1360,765,65,success
val,0000289_05201_d_0000837.jpg,1360,765,79,success
val,0000289_05401_d_0000838.jpg,1360,765,81,success
val,0000289_05601_d_0000839.jpg,1360,765,107,success
val,0000289_05801_d_0000840.jpg,1360,765,78,success
val,0000289_06001_d_0000841.jpg,1360,765,80,success
val,0000289_06201_d_0000842.jpg,1360,765,79,success
val,0000289_06401_d_0000843.jpg,1360,765,79,success
val,0000289_06601_d_0000844.jpg,1360,765,88,success
val,0000289_06801_d_0000845.jpg,1360,765,98,success
val,0000289_07001_d_0000846.jpg,1360,765,74,success
val,0000289_07201_d_0000847.jpg,1360,765,40,success
val,0000290_04001_d_0000867.jpg,1360,765,79,success
val,0000291_00001_d_0000868.jpg,1360,765,178,success
val,0000291_00201_d_0000869.jpg,1360,765,113,success
val,0000291_00401_d_0000870.jpg,1360,765,166,success
val,0000291_00601_d_0000871.jpg,1360,765,120,success
val,0000291_01001_d_0000873.jpg,1360,765,159,success
val,0000291_01201_d_0000874.jpg,1360,765,212,success
val,0000291_01401_d_0000875.jpg,1360,765,154,success
val,0000291_01601_d_0000876.jpg,1360,765,87,success
val,0000291_01801_d_0000877.jpg,1360,765,113,success
val,0000291_02001_d_0000878.jpg,1360,765,172,success
val,0000291_02201_d_0000879.jpg,1360,765,149,success
val,0000291_02601_d_0000881.jpg,1360,765,178,success
val,0000291_03201_d_0000884.jpg,1360,765,229,success
val,0000291_03401_d_0000885.jpg,1360,765,187,success
val,0000291_03601_d_0000886.jpg,1360,765,112,success
val,0000291_03801_d_0000887.jpg,1360,765,191,success
val,0000291_04001_d_0000888.jpg,1360,765,108,success
val,0000291_04201_d_0000889.jpg,1360,765,111,success
val,0000291_04401_d_0000890.jpg,1360,765,126,success
val,0000291_05001_d_0000892.jpg,1360,765,135,success
val,0000291_05201_d_0000893.jpg,1360,765,207,success
val,0000293_03601_d_0000940.jpg,1360,765,117,success
val,0000295_00000_d_0000021.jpg,1360,765,130,success
val,0000295_00200_d_0000022.jpg,1360,765,78,success
val,0000295_00600_d_0000024.jpg,1360,765,186,success
val,0000295_00800_d_0000025.jpg,1360,765,147,success
val,0000295_01000_d_0000026.jpg,1360,765,251,success
val,0000295_01200_d_0000027.jpg,1360,765,200,success
val,0000295_01400_d_0000028.jpg,1360,765,189,success
val,0000295_01600_d_0000029.jpg,1360,765,138,success
val,0000295_01800_d_0000030.jpg,1360,765,306,success
val,0000295_02000_d_0000031.jpg,1360,765,311,success
val,0000295_02200_d_0000032.jpg,1360,765,193,success
val,0000295_02400_d_0000033.jpg,1360,765,317,success
val,0000295_02900_d_0000034.jpg,1360,765,212,success
val,0000296_00601_d_0000038.jpg,1360,765,91,success
val,0000296_01001_d_0000040.jpg,1360,765,181,success
val,0000300_03201_d_0000154.jpg,1360,765,66,success
val,0000301_00001_d_0000156.jpg,1360,765,96,success
val,0000301_00201_d_0000157.jpg,1360,765,90,success
val,0000301_01001_d_0000161.jpg,1360,765,64,success
val,0000301_01201_d_0000162.jpg,1360,765,61,success
val,0000303_03401_d_0000200.jpg,1360,765,82,success
val,0000308_04401_d_0000327.jpg,1360,765,98,success
val,0000312_00001_d_0000414.jpg,1360,765,112,success
val,0000312_00201_d_0000415.jpg,1360,765,108,success
val,0000312_00601_d_0000417.jpg,1360,765,59,success
val,0000312_01001_d_0000419.jpg,1360,765,80,success
val,0000312_01201_d_0000420.jpg,1360,765,82,success
val,0000312_02201_d_0000425.jpg,1360,765,78,success
val,0000312_02401_d_0000426.jpg,1360,765,80,success
val,0000312_04201_d_0000435.jpg,1360,765,80,success
val,0000313_06401_d_0000468.jpg,1360,765,91,success
val,0000313_06601_d_0000469.jpg,1360,765,165,success
val,0000313_07001_d_0000471.jpg,1360,765,5,success
val,0000315_01601_d_0000509.jpg,1360,765,98,success
val,0000316_00001_d_0000519.jpg,1360,765,69,success
val,0000316_00201_d_0000520.jpg,1360,765,54,success
val,0000316_00401_d_0000521.jpg,1360,765,23,success
val,0000316_00601_d_0000522.jpg,1360,765,35,success
val,0000316_00801_d_0000523.jpg,1360,765,27,success
val,0000316_01001_d_0000524.jpg,1360,765,18,success
val,0000316_01201_d_0000525.jpg,1360,765,43,success
val,0000316_01401_d_0000526.jpg,1360,765,34,success
val,0000316_01601_d_0000527.jpg,1360,765,29,success
val,0000316_01801_d_0000528.jpg,1360,765,11,success
val,0000316_02001_d_0000529.jpg,1360,765,9,success
val,0000316_02201_d_0000530.jpg,1360,765,7,success
val,0000323_02601_d_0000645.jpg,1360,765,91,success
val,0000327_00001_d_0000711.jpg,1360,765,70,success
val,0000327_00201_d_0000712.jpg,1360,765,60,success
val,0000327_00401_d_0000713.jpg,1360,765,64,success
val,0000327_00601_d_0000714.jpg,1360,765,84,success
val,0000327_00801_d_0000715.jpg,1360,765,84,success
val,0000327_01001_d_0000716.jpg,1360,765,83,success
val,0000327_01201_d_0000717.jpg,1360,765,69,success
val,0000327_01401_d_0000718.jpg,1360,765,93,success
val,0000327_01801_d_0000720.jpg,1360,765,62,success
val,0000327_02601_d_0000724.jpg,1360,765,57,success
val,0000327_02801_d_0000725.jpg,1360,765,73,success
val,0000327_03001_d_0000726.jpg,1360,765,75,success
val,0000327_03201_d_0000727.jpg,1360,765,110,success
val,0000327_03401_d_0000728.jpg,1360,765,75,success
val,0000327_03601_d_0000729.jpg,1360,765,60,success
val,0000327_03801_d_0000730.jpg,1360,765,103,success
val,0000327_04001_d_0000731.jpg,1360,765,136,success
val,0000327_04201_d_0000732.jpg,1360,765,110,success
val,0000330_00001_d_0000800.jpg,1360,765,80,success
val,0000330_00201_d_0000801.jpg,1360,765,130,success
val,0000330_00401_d_0000802.jpg,1360,765,112,success
val,0000330_00601_d_0000803.jpg,1360,765,94,success
val,0000330_00801_d_0000804.jpg,1360,765,93,success
val,0000330_01001_d_0000805.jpg,1360,765,93,success
val,0000330_01201_d_0000806.jpg,1360,765,110,success
val,0000330_01401_d_0000807.jpg,1360,765,161,success
val,0000330_01601_d_0000808.jpg,1360,765,99,success
val,0000330_01801_d_0000809.jpg,1360,765,64,success
val,0000330_02001_d_0000810.jpg,1360,765,57,success
val,0000330_02201_d_0000811.jpg,1360,765,44,success
val,0000330_02801_d_0000814.jpg,1360,765,45,success
val,0000330_03001_d_0000815.jpg,1360,765,45,success
val,0000330_03201_d_0000816.jpg,1360,765,69,success
val,0000330_04001_d_0000820.jpg,1360,765,38,success
val,0000330_04201_d_0000821.jpg,1360,765,162,success
val,0000330_04401_d_0000822.jpg,1360,765,38,success
val,0000330_04601_d_0000823.jpg,1360,765,62,success
val,0000333_00001_d_0000001.jpg,1360,765,68,success
val,0000333_01765_d_0000010.jpg,1360,765,120,success
val,0000333_01961_d_0000011.jpg,1360,765,65,success
val,0000333_02157_d_0000012.jpg,1360,765,67,success
val,0000333_02353_d_0000013.jpg,1360,765,70,success
val,0000333_02549_d_0000014.jpg,1360,765,91,success
val,0000333_02745_d_0000015.jpg,1360,765,52,success
val,0000333_02941_d_0000016.jpg,1360,765,44,success
val,0000333_03137_d_0000017.jpg,1360,765,39,success
val,0000333_03333_d_0000018.jpg,1360,765,62,success
val,0000333_03529_d_0000019.jpg,1360,765,95,success
val,0000333_03725_d_0000020.jpg,1360,765,83,success
val,0000335_00001_d_0000043.jpg,1360,765,41,success
val,0000335_00197_d_0000044.jpg,1360,765,37,success
val,0000335_00393_d_0000045.jpg,1360,765,34,success
val,0000335_00589_d_0000046.jpg,1360,765,21,success
val,0000335_00785_d_0000047.jpg,1360,765,34,success
val,0000335_00981_d_0000048.jpg,1360,765,78,success
val,0000335_01765_d_0000052.jpg,1360,765,61,success
val,0000335_01961_d_0000053.jpg,1360,765,69,success
val,0000335_02353_d_0000055.jpg,1360,765,82,success
val,0000335_02549_d_0000056.jpg,1360,765,87,success
val,0000335_02745_d_0000057.jpg,1360,765,99,success
val,0000335_03137_d_0000059.jpg,1360,765,103,success
val,0000335_03333_d_0000060.jpg,1360,765,40,success
val,0000335_03725_d_0000062.jpg,1360,765,27,success
val,0000335_03921_d_0000063.jpg,1360,765,44,success
val,0000335_04117_d_0000064.jpg,1360,765,28,success
val,0000335_04313_d_0000065.jpg,1360,765,38,success
val,0000335_05097_d_0000069.jpg,1360,765,20,success
val,0000335_05685_d_0000072.jpg,1360,765,15,success
val,0000335_06469_d_0000076.jpg,1360,765,8,success
val,0000335_06665_d_0000077.jpg,1360,765,21,success
val,0000335_06861_d_0000078.jpg,1360,765,24,success
val,0000342_00393_d_0000244.jpg,1360,765,133,success
val,0000345_07057_d_0000345.jpg,1360,765,108,success
val,0000346_00001_d_0000346.jpg,1360,765,82,success
val,0000346_01961_d_0000356.jpg,1360,765,71,success
val,0000346_02549_d_0000359.jpg,1360,765,59,success
val,0000346_03921_d_0000366.jpg,1360,765,50,success
val,0000346_07057_d_0000382.jpg,1360,765,87,success
val,0000348_00589_d_0000409.jpg,1360,765,34,success
val,0000348_03333_d_0000423.jpg,1360,765,15,success
val,0000356_00589_d_0000632.jpg,1360,765,121,success
val,0000356_01177_d_0000635.jpg,1360,765,88,success
val,0000356_01569_d_0000637.jpg,1360,765,100,success
val,0000356_01765_d_0000638.jpg,1360,765,84,success
val,0000356_01961_d_0000639.jpg,1360,765,111,success
val,0000356_02157_d_0000640.jpg,1360,765,54,success
val,0000356_02353_d_0000641.jpg,1360,765,106,success
val,0000356_02745_d_0000643.jpg,1360,765,97,success
val,0000356_02941_d_0000644.jpg,1360,765,108,success
val,0000356_03333_d_0000646.jpg,1360,765,80,success
val,0000356_03529_d_0000647.jpg,1360,765,81,success
val,0000356_03725_d_0000648.jpg,1360,765,94,success
val,0000356_03921_d_0000649.jpg,1360,765,72,success
val,0000356_04117_d_0000650.jpg,1360,765,93,success
val,0000356_04313_d_0000651.jpg,1360,765,99,success
val,0000356_04705_d_0000653.jpg,1360,765,70,success
val,0000356_04901_d_0000654.jpg,1360,765,102,success
val,0000356_05097_d_0000655.jpg,1360,765,114,success
val,0000358_03333_d_0000697.jpg,1360,765,93,success
val,0000359_00393_d_0000701.jpg,1360,765,39,success
val,0000359_00589_d_0000702.jpg,1360,765,39,success
val,0000359_00785_d_0000703.jpg,1360,765,30,success
val,0000359_00981_d_0000704.jpg,1360,765,33,success
val,0000359_01177_d_0000705.jpg,1360,765,59,success
val,0000359_01373_d_0000706.jpg,1360,765,12,success
val,0000359_01961_d_0000707.jpg,1360,765,18,success
val,0000359_02353_d_0000708.jpg,1360,765,31,success
val,0000359_02549_d_0000709.jpg,1360,765,21,success
val,0000359_03333_d_0000711.jpg,1360,765,13,success
val,0000359_03529_d_0000712.jpg,1360,765,16,success
val,0000360_00001_d_0000713.jpg,1360,765,80,success
val,0000360_00197_d_0000714.jpg,1360,765,79,success
val,0000360_00393_d_0000715.jpg,1360,765,79,success
val,0000360_00589_d_0000716.jpg,1360,765,60,success
val,0000360_00785_d_0000717.jpg,1360,765,59,success
val,0000360_00981_d_0000718.jpg,1360,765,65,success
val,0000360_02353_d_0000725.jpg,1360,765,72,success
val,0000360_02745_d_0000727.jpg,1360,765,81,success
val,0000360_02941_d_0000728.jpg,1360,765,45,success
val,0000360_03137_d_0000729.jpg,1360,765,56,success
val,0000360_03333_d_0000730.jpg,1360,765,56,success
val,0000360_03529_d_0000731.jpg,1360,765,31,success
val,0000360_03921_d_0000733.jpg,1360,765,52,success
val,0000360_04117_d_0000734.jpg,1360,765,18,success
val,0000360_04705_d_0000737.jpg,1360,765,9,success
val,0000360_05293_d_0000740.jpg,1360,765,70,success
val,0000360_05685_d_0000742.jpg,1360,765,60,success
val,0000360_06273_d_0000745.jpg,1360,765,17,success
val,0000360_06665_d_0000747.jpg,1360,765,48,success
val,0000360_06861_d_0000748.jpg,1360,765,25,success
val,0000360_07057_d_0000749.jpg,1360,765,15,success
val,0000360_07253_d_0000750.jpg,1360,765,28,success
val,0000360_07645_d_0000752.jpg,1360,765,16,success
val,0000364_00589_d_0000798.jpg,960,540,62,success
val,0000364_01177_d_0000799.jpg,960,540,80,success
val,0000364_01373_d_0000780.jpg,960,540,64,success
val,0000364_01569_d_0000781.jpg,960,540,97,success
val,0000364_01765_d_0000782.jpg,960,540,81,success
