split,label_file,objects,status
train,0000002_00005_d_0000014.txt,82,checked
train,0000002_00448_d_0000015.txt,85,checked
train,0000003_00231_d_0000016.txt,39,checked
train,0000007_04999_d_0000036.txt,57,checked
train,0000007_05499_d_0000037.txt,60,checked
train,0000007_05999_d_0000038.txt,40,checked
train,0000008_00889_d_0000039.txt,14,checked
train,0000008_01999_d_0000040.txt,18,checked
train,0000008_02499_d_0000041.txt,12,checked
train,0000008_02999_d_0000042.txt,47,checked
train,0000008_03499_d_0000043.txt,27,checked
train,0000008_03999_d_0000044.txt,27,checked
train,0000008_04499_d_0000045.txt,26,checked
train,0000010_00569_d_0000056.txt,45,checked
train,0000010_05149_d_0000057.txt,57,checked
train,0000010_05291_d_0000058.txt,58,checked
train,0000013_00465_d_0000067.txt,92,checked
train,0000016_00420_d_0000068.txt,46,checked
train,0000016_01352_d_0000069.txt,61,checked
train,0000030_00754_d_0000036.txt,131,checked
train,0000031_00000_d_0000037.txt,164,checked
train,0000031_02000_d_0000041.txt,67,checked
train,0000031_03527_d_0000043.txt,82,checked
train,0000036_00500_d_0000046.txt,101,checked
train,0000036_03591_d_0000048.txt,51,checked
train,0000037_01494_d_0000052.txt,227,checked
train,0000039_00000_d_0000055.txt,60,checked
train,0000039_05300_d_0000061.txt,66,checked
train,0000039_05625_d_0000062.txt,58,checked
train,0000040_01000_d_0000066.txt,67,checked
train,0000040_01500_d_0000067.txt,37,checked
train,0000040_02454_d_0000068.txt,19,checked
train,0000040_03288_d_0000069.txt,42,checked
train,0000040_03752_d_0000070.txt,17,checked
train,0000040_04284_d_0000071.txt,131,checked
train,0000042_01000_d_0000074.txt,129,checked
train,0000042_02231_d_0000075.txt,96,checked
train,0000042_02421_d_0000076.txt,94,checked
train,0000043_00500_d_0000077.txt,162,checked
train,0000045_00000_d_0000083.txt,154,checked
train,0000045_00500_d_0000084.txt,150,checked
train,0000045_01032_d_0000085.txt,56,checked
train,0000045_01500_d_0000086.txt,105,checked
train,0000046_00000_d_0000087.txt,132,checked
train,0000046_00720_d_0000088.txt,69,checked
train,0000047_01000_d_0000090.txt,71,checked
train,0000047_02500_d_0000093.txt,68,checked
train,0000047_03500_d_0000095.txt,152,checked
train,0000048_01989_d_0000098.txt,99,checked
train,0000050_00500_d_0000104.txt,99,checked
train,0000056_00727_d_0000111.txt,79,checked
train,0000059_01886_d_0000114.txt,902,checked
train,0000068_00001_d_0000001.txt,198,checked
train,0000068_00460_d_0000002.txt,205,checked
train,0000068_00571_d_0000003.txt,211,checked
train,0000068_01001_d_0000004.txt,105,checked
train,0000068_01500_d_0000005.txt,82,checked
train,0000068_02104_d_0000006.txt,46,checked
train,0000068_02648_d_0000007.txt,61,checked
train,0000068_02805_d_0000008.txt,72,checked
train,0000068_03174_d_0000009.txt,171,checked
train,0000068_03388_d_0000010.txt,139,checked
train,0000068_03581_d_0000011.txt,61,checked
train,0000068_03714_d_0000012.txt,103,checked
train,0000068_03918_d_0000013.txt,43,checked
train,0000068_04169_d_0000014.txt,189,checked
train,0000070_04722_d_0000001.txt,101,checked
train,0000070_05163_d_0000002.txt,77,checked
train,0000070_05312_d_0000003.txt,57,checked
train,0000070_05776_d_0000004.txt,116,checked
train,0000070_05880_d_0000005.txt,155,checked
train,0000070_06990_d_0000007.txt,159,checked
train,0000071_00007_d_0000001.txt,75,checked
train,0000071_02729_d_0000002.txt,91,checked
train,0000071_03136_d_0000003.txt,78,checked
train,0000071_03281_d_0000004.txt,49,checked
train,0000071_03470_d_0000005.txt,39,checked
train,0000071_03522_d_0000006.txt,32,checked
train,0000071_04085_d_0000007.txt,138,checked
train,0000071_05298_d_0000008.txt,132,checked
train,0000071_06447_d_0000009.txt,136,checked
train,0000071_06896_d_0000010.txt,28,checked
train,0000071_06967_d_0000011.txt,33,checked
train,0000071_07349_d_0000012.txt,64,checked
train,0000071_07913_d_0000013.txt,21,checked
train,0000072_00000_d_0000001.txt,85,checked
train,0000072_00137_d_0000002.txt,104,checked
train,0000072_03425_d_0000004.txt,123,checked
train,0000072_04493_d_0000005.txt,120,checked
train,0000072_05285_d_0000006.txt,69,checked
train,0000072_05564_d_0000007.txt,77,checked
train,0000072_05654_d_0000008.txt,54,checked
train,0000072_05827_d_0000009.txt,60,checked
train,0000072_06173_d_0000010.txt,98,checked
train,0000072_07242_d_0000011.txt,64,checked
train,0000072_07660_d_0000012.txt,46,checked
train,0000072_08702_d_0000013.txt,95,checked
train,0000072_09163_d_0000014.txt,32,checked
train,0000076_00004_d_0000001.txt,8,checked
train,0000076_00352_d_0000002.txt,8,checked
train,0000076_00616_d_0000003.txt,11,checked
train,0000076_01012_d_0000004.txt,25,checked
train,0000076_01444_d_0000005.txt,39,checked
train,0000076_01601_d_0000006.txt,39,checked
train,0000076_01792_d_0000007.txt,51,checked
train,0000076_01975_d_0000008.txt,23,checked
train,0000076_02667_d_0000010.txt,2,checked
train,0000076_03315_d_0000011.txt,114,checked
train,0000076_03689_d_0000012.txt,48,checked
train,0000076_03930_d_0000013.txt,64,checked
train,0000076_04200_d_0000014.txt,15,checked
train,0000076_04382_d_0000015.txt,29,checked
train,0000076_04674_d_0000016.txt,14,checked
train,0000076_04925_d_0000017.txt,6,checked
train,0000076_04999_d_0000018.txt,20,checked
train,0000076_05079_d_0000019.txt,47,checked
train,0000079_00507_d_0000001.txt,55,checked
train,0000079_00761_d_0000002.txt,43,checked
train,0000079_01062_d_0000003.txt,24,checked
train,0000079_01316_d_0000004.txt,13,checked
train,0000079_01515_d_0000005.txt,26,checked
train,0000079_01673_d_0000006.txt,7,checked
train,0000079_01783_d_0000007.txt,56,checked
train,0000079_02443_d_0000008.txt,10,checked
train,0000080_00002_d_0000001.txt,29,checked
train,0000084_00000_d_0000001.txt,85,checked
train,0000084_00281_d_0000002.txt,81,checked
train,0000084_01436_d_0000004.txt,51,checked
train,0000084_01781_d_0000005.txt,59,checked
train,0000084_01959_d_0000006.txt,76,checked
train,0000084_02139_d_0000007.txt,118,checked
train,0000085_00001_d_0000008.txt,79,checked
train,0000085_00399_d_0000009.txt,82,checked
train,0000098_00016_d_0000001.txt,2,checked
train,0000099_00149_d_0000001.txt,1,checked
train,0000099_00508_d_0000002.txt,3,checked
train,0000099_00997_d_0000003.txt,3,checked
train,0000099_02362_d_0000005.txt,9,checked
train,0000099_02798_d_0000006.txt,8,checked
train,0000099_03156_d_0000007.txt,3,checked
train,0000099_03508_d_0000008.txt,7,checked
train,0000099_03930_d_0000009.txt,10,checked
train,0000099_04272_d_0000010.txt,9,checked
train,0000099_04587_d_0000011.txt,10,checked
train,0000100_02616_d_0000012.txt,10,checked
train,0000100_03057_d_0000013.txt,9,checked
train,0000100_03906_d_0000014.txt,7,checked
train,0000100_04584_d_0000015.txt,10,checked
train,0000101_00228_d_0000016.txt,16,checked
train,0000101_01189_d_0000017.txt,9,checked
train,0000101_01577_d_0000018.txt,11,checked
train,0000101_02927_d_0000019.txt,8,checked
train,0000101_03804_d_0000020.txt,32,checked
train,0000101_04436_d_0000021.txt,17,checked
train,0000102_00192_d_0000022.txt,3,checked
train,0000102_00919_d_0000023.txt,15,checked
train,0000102_02749_d_0000024.txt,6,checked
train,0000102_03540_d_0000025.txt,10,checked
train,0000106_00294_d_0000048.txt,75,checked
train,0000106_00458_d_0000049.txt,74,checked
train,0000106_00673_d_0000050.txt,51,checked
train,0000107_00001_d_0000051.txt,112,checked
train,0000107_00891_d_0000052.txt,65,checked
train,0000107_01673_d_0000053.txt,85,checked
train,0000107_01998_d_0000054.txt,117,checked
train,0000107_02196_d_0000055.txt,80,checked
train,0000107_02574_d_0000056.txt,114,checked
train,0000109_00228_d_0000061.txt,22,checked
train,0000109_00606_d_0000062.txt,12,checked
train,0000109_01140_d_0000063.txt,26,checked
train,0000109_03179_d_0000064.txt,15,checked
train,0000110_01428_d_0000066.txt,35,checked
train,0000110_02718_d_0000067.txt,12,checked
train,0000110_03192_d_0000068.txt,28,checked
train,0000110_03450_d_0000069.txt,41,checked
train,0000111_00018_d_0000070.txt,20,checked
train,0000111_01459_d_0000071.txt,11,checked
train,0000111_03678_d_0000072.txt,32,checked
train,0000111_04511_d_0000073.txt,33,checked
train,0000112_01120_d_0000074.txt,45,checked
train,0000113_00064_d_0000075.txt,9,checked
train,0000113_00814_d_0000076.txt,18,checked
train,0000113_01528_d_0000077.txt,16,checked
train,0000113_02012_d_0000078.txt,35,checked
train,0000114_00461_d_0000079.txt,55,checked
train,0000122_01200_d_0000119.txt,87,checked
train,0000123_01819_d_0000120.txt,135,checked
train,0000124_02088_d_0000121.txt,125,checked
train,0000125_00084_d_0000122.txt,256,checked
train,0000125_00574_d_0000123.txt,229,checked
train,0000126_00054_d_0000124.txt,260,checked
train,0000126_02076_d_0000125.txt,280,checked
train,0000126_02406_d_0000126.txt,156,checked
train,0000126_02904_d_0000127.txt,69,checked
train,0000126_03402_d_0000128.txt,237,checked
train,0000126_03828_d_0000129.txt,132,checked
train,0000126_11844_d_0000130.txt,431,checked
train,0000130_01308_d_0000139.txt,158,checked
train,0000132_01903_d_0000140.txt,177,checked
train,0000133_00078_d_0000141.txt,118,checked
train,0000133_00480_d_0000142.txt,164,checked
train,0000133_00846_d_0000143.txt,176,checked
train,0000133_01764_d_0000144.txt,68,checked
train,0000134_00858_d_0000145.txt,129,checked
train,0000134_01332_d_0000146.txt,162,checked
train,0000134_01791_d_0000147.txt,127,checked
train,0000134_02166_d_0000148.txt,134,checked
train,0000135_00118_d_0000149.txt,68,checked
train,0000135_00828_d_0000150.txt,153,checked
train,0000135_01327_d_0000151.txt,348,checked
train,0000135_01638_d_0000152.txt,108,checked
train,0000135_01896_d_0000153.txt,24,checked
train,0000136_00162_d_0000154.txt,242,checked
train,0000136_00456_d_0000155.txt,154,checked
train,0000136_00900_d_0000156.txt,172,checked
train,0000136_01783_d_0000157.txt,243,checked
train,0000136_02529_d_0000158.txt,122,checked
train,0000137_00509_d_0000159.txt,162,checked
train,0000137_00960_d_0000160.txt,137,checked
train,0000137_01372_d_0000161.txt,103,checked
train,0000137_01824_d_0000162.txt,346,checked
train,0000137_02220_d_0000163.txt,512,checked
train,0000137_02372_d_0000164.txt,184,checked
train,0000139_00012_d_0000001.txt,112,checked
train,0000140_00118_d_0000002.txt,111,checked
train,0000140_01877_d_0000003.txt,305,checked
train,0000140_02077_d_0000004.txt,246,checked
train,0000140_02277_d_0000005.txt,229,checked
train,0000140_02477_d_0000006.txt,243,checked
train,0000140_02677_d_0000007.txt,259,checked
train,0000141_00251_d_0000009.txt,177,checked
train,0000141_00651_d_0000011.txt,176,checked
train,0000141_00851_d_0000012.txt,120,checked
train,0000141_01851_d_0000017.txt,245,checked
train,0000141_02051_d_0000018.txt,183,checked
train,0000141_02251_d_0000019.txt,304,checked
train,0000141_02651_d_0000021.txt,214,checked
train,0000142_00058_d_0000023.txt,232,checked
train,0000142_00258_d_0000024.txt,162,checked
train,0000142_00458_d_0000025.txt,217,checked
train,0000142_00858_d_0000027.txt,161,checked
train,0000142_01058_d_0000028.txt,134,checked
train,0000142_01258_d_0000029.txt,120,checked
train,0000142_01458_d_0000030.txt,102,checked
train,0000142_01658_d_0000031.txt,143,checked
train,0000142_02058_d_0000033.txt,143,checked
train,0000142_02258_d_0000034.txt,86,checked
train,0000142_02458_d_0000035.txt,116,checked
train,0000142_02658_d_0000036.txt,94,checked
train,0000142_02858_d_0000037.txt,72,checked
train,0000142_03058_d_0000038.txt,92,checked
train,0000142_03458_d_0000040.txt,118,checked
train,0000142_03658_d_0000041.txt,120,checked
train,0000142_04058_d_0000043.txt,306,checked
train,0000142_04458_d_0000045.txt,370,checked
train,0000142_04658_d_0000046.txt,254,checked
train,0000142_04858_d_0000047.txt,274,checked
train,0000143_00081_d_0000048.txt,253,checked
train,0000143_00281_d_0000049.txt,284,checked
train,0000143_00481_d_0000050.txt,205,checked
train,0000143_00681_d_0000051.txt,204,checked
train,0000143_00881_d_0000052.txt,342,checked
train,0000143_01281_d_0000054.txt,166,checked
train,0000143_01481_d_0000055.txt,166,checked
train,0000143_01681_d_0000056.txt,462,checked
train,0000144_00001_d_0000001.txt,5,checked
train,0000144_00401_d_0000001.txt,9,checked
train,0000144_00848_d_0000001.txt,16,checked
train,0000144_01201_d_0000001.txt,17,checked
train,0000144_01601_d_0000001.txt,12,checked
train,0000144_02001_d_0000001.txt,9,checked
train,0000144_02401_d_0000001.txt,4,checked
train,0000144_02801_d_0000001.txt,20,checked
train,0000144_03201_d_0000001.txt,16,checked
train,0000144_03776_d_0000001.txt,13,checked
train,0000144_04192_d_0000001.txt,20,checked
train,0000144_04401_d_0000001.txt,3,checked
train,0000145_00001_d_0000001.txt,23,checked
train,0000145_00401_d_0000001.txt,13,checked
train,0000146_00001_d_0000057.txt,65,checked
train,0000146_00601_d_0000060.txt,85,checked
train,0000146_00801_d_0000061.txt,69,checked
train,0000146_01601_d_0000065.txt,94,checked
train,0000146_01678_d_0000066.txt,48,checked
train,0000150_00030_d_0000067.txt,122,checked
train,0000150_00230_d_0000068.txt,177,checked
train,0000150_00430_d_0000069.txt,159,checked
train,0000150_00630_d_0000070.txt,195,checked
train,0000150_00830_d_0000071.txt,81,checked
train,0000150_01030_d_0000072.txt,157,checked
train,0000150_01230_d_0000073.txt,95,checked
train,0000150_01630_d_0000075.txt,190,checked
train,0000150_01830_d_0000076.txt,214,checked
train,0000156_00154_d_0000077.txt,76,checked
train,0000156_00354_d_0000078.txt,63,checked
train,0000156_00554_d_0000079.txt,83,checked
train,0000157_00251_d_0000081.txt,65,checked
train,0000157_00451_d_0000082.txt,65,checked
train,0000157_00651_d_0000083.txt,116,checked
train,0000165_00125_d_0000084.txt,45,checked
train,0000165_00525_d_0000086.txt,52,checked
train,0000165_00725_d_0000087.txt,34,checked
train,0000165_00925_d_0000088.txt,26,checked
train,0000165_01325_d_0000090.txt,45,checked
train,0000165_01525_d_0000091.txt,54,checked
train,0000165_01725_d_0000092.txt,45,checked
train,0000165_02125_d_0000094.txt,56,checked
train,0000165_02725_d_0000097.txt,35,checked
train,0000165_02925_d_0000098.txt,35,checked
train,0000165_03325_d_0000100.txt,47,checked
train,0000165_03725_d_0000102.txt,39,checked
train,0000165_03926_d_0000103.txt,42,checked
train,0000165_04125_d_0000104.txt,40,checked
train,0000165_04525_d_0000106.txt,35,checked
train,0000165_04925_d_0000108.txt,37,checked
train,0000165_05125_d_0000109.txt,47,checked
train,0000165_05325_d_0000110.txt,38,checked
train,0000165_05525_d_0000111.txt,49,checked
train,0000165_05725_d_0000112.txt,24,checked
train,0000165_05925_d_0000113.txt,23,checked
train,0000165_06125_d_0000114.txt,30,checked
train,0000165_06325_d_0000115.txt,49,checked
train,0000166_00158_d_0000116.txt,47,checked
train,0000166_00358_d_0000117.txt,50,checked
train,0000166_01158_d_0000121.txt,50,checked
train,0000166_01558_d_0000123.txt,47,checked
train,0000166_01758_d_0000124.txt,60,checked
train,0000167_00184_d_0000125.txt,60,checked
train,0000167_00384_d_0000126.txt,70,checked
train,0000167_00584_d_0000127.txt,64,checked
train,0000167_00784_d_0000128.txt,49,checked
train,0000167_00984_d_0000129.txt,64,checked
train,0000167_01184_d_0000130.txt,64,checked
train,0000167_01384_d_0000131.txt,69,checked
train,0000167_01784_d_0000133.txt,35,checked
train,0000167_02184_d_0000135.txt,74,checked
train,0000169_00001_d_0000001.txt,63,checked
train,0000169_00401_d_0000001.txt,30,checked
train,0000169_00654_d_0000001.txt,13,checked
train,0000169_01098_d_0000001.txt,40,checked
train,0000170_00001_d_0000001.txt,33,checked
train,0000170_00401_d_0000001.txt,101,checked
train,0000170_00801_d_0000001.txt,61,checked
train,0000170_01201_d_0000001.txt,18,checked
train,0000171_00001_d_0000001.txt,53,checked
train,0000171_00293_d_0000001.txt,22,checked
train,0000172_00001_d_0000001.txt,42,checked
train,0000172_00401_d_0000001.txt,40,checked
train,0000172_00801_d_0000001.txt,69,checked
train,0000172_01201_d_0000001.txt,38,checked
train,0000172_01484_d_0000001.txt,77,checked
train,0000173_00001_d_0000001.txt,53,checked
train,0000173_00401_d_0000001.txt,43,checked
train,0000173_00801_d_0000001.txt,50,checked
train,0000173_01180_d_0000001.txt,94,checked
train,0000173_01368_d_0000001.txt,87,checked
train,0000173_01601_d_0000001.txt,60,checked
train,0000173_02001_d_0000001.txt,77,checked
train,0000173_02401_d_0000001.txt,61,checked
train,0000174_00001_d_0000001.txt,46,checked
train,0000174_00401_d_0000001.txt,38,checked
train,0000174_00801_d_0000001.txt,45,checked
train,0000174_01201_d_0000001.txt,75,checked
train,0000174_01601_d_0000001.txt,45,checked
train,0000174_02175_d_0000001.txt,24,checked
train,0000175_00001_d_0000001.txt,18,checked
train,0000175_00432_d_0000001.txt,9,checked
train,0000175_00801_d_0000001.txt,5,checked
train,0000176_00001_d_0000001.txt,19,checked
train,0000176_00401_d_0000001.txt,6,checked
train,0000176_00633_d_0000001.txt,9,checked
train,0000176_00950_d_0000001.txt,4,checked
train,0000177_00000_d_0000001.txt,15,checked
train,0000177_00374_d_0000003.txt,4,checked
train,0000177_00570_d_0000004.txt,6,checked
train,0000178_00000_d_0000006.txt,2,checked
train,0000178_00201_d_0000007.txt,10,checked
train,0000178_00393_d_0000008.txt,2,checked
train,0000178_00621_d_0000009.txt,11,checked
train,0000178_01102_d_0000012.txt,5,checked
train,0000179_00000_d_0000013.txt,8,checked
train,0000179_00149_d_0000014.txt,9,checked
train,0000179_00301_d_0000015.txt,9,checked
train,0000179_00445_d_0000016.txt,9,checked
train,0000179_00605_d_0000017.txt,3,checked
train,0000179_00743_d_0000018.txt,2,checked
train,0000180_00000_d_0000019.txt,1,checked
train,0000180_00213_d_0000020.txt,12,checked
train,0000180_00400_d_0000021.txt,16,checked
train,0000180_00601_d_0000022.txt,17,checked
train,0000180_00806_d_0000023.txt,4,checked
train,0000180_01002_d_0000024.txt,12,checked
train,0000180_01213_d_0000025.txt,9,checked
train,0000180_01400_d_0000026.txt,5,checked
train,0000180_01581_d_0000027.txt,18,checked
train,0000181_00000_d_0000028.txt,71,checked
train,0000181_00387_d_0000029.txt,45,checked
train,0000181_00889_d_0000030.txt,66,checked
train,0000181_01211_d_0000031.txt,146,checked
train,0000181_01627_d_0000032.txt,93,checked
train,0000181_02065_d_0000033.txt,31,checked
train,0000181_02410_d_0000034.txt,27,checked
train,0000181_02615_d_0000035.txt,19,checked
train,0000182_00000_d_0000036.txt,115,checked
train,0000182_00411_d_0000037.txt,91,checked
train,0000182_00819_d_0000038.txt,45,checked
train,0000182_01220_d_0000039.txt,53,checked
train,0000182_01653_d_0000040.txt,36,checked
train,0000182_02053_d_0000041.txt,59,checked
train,0000182_02425_d_0000042.txt,38,checked
train,0000195_00000_d_0000126.txt,146,checked
train,0000195_00201_d_0000127.txt,135,checked
train,0000195_00409_d_0000128.txt,162,checked
train,0000195_00634_d_0000129.txt,90,checked
train,0000195_00815_d_0000130.txt,89,checked
train,0000195_01040_d_0000131.txt,87,checked
train,0000195_01256_d_0000132.txt,64,checked
train,0000195_01418_d_0000133.txt,144,checked
train,0000195_01518_d_0000134.txt,140,checked
train,0000196_00000_d_0000135.txt,87,checked
train,0000196_00553_d_0000136.txt,80,checked
train,0000196_01030_d_0000137.txt,221,checked
train,0000196_01508_d_0000138.txt,168,checked
train,0000196_02020_d_0000139.txt,119,checked
train,0000196_02559_d_0000140.txt,59,checked
train,0000196_03072_d_0000141.txt,217,checked
train,0000196_03560_d_0000142.txt,83,checked
train,0000196_04071_d_0000143.txt,69,checked
train,0000196_05025_d_0000145.txt,3,checked
train,0000197_00000_d_0000146.txt,39,checked
train,0000197_00401_d_0000147.txt,225,checked
train,0000197_00851_d_0000148.txt,152,checked
train,0000197_01211_d_0000149.txt,151,checked
train,0000197_01661_d_0000150.txt,130,checked
train,0000197_01958_d_0000151.txt,219,checked
train,0000197_02416_d_0000152.txt,209,checked
train,0000197_02821_d_0000153.txt,206,checked
train,0000197_03351_d_0000154.txt,171,checked
train,0000198_00000_d_0000155.txt,41,checked
train,0000198_00336_d_0000156.txt,62,checked
train,0000198_00709_d_0000157.txt,27,checked
train,0000198_01022_d_0000158.txt,22,checked
train,0000198_01318_d_0000159.txt,32,checked
train,0000198_01629_d_0000160.txt,27,checked
train,0000198_01949_d_0000161.txt,38,checked
train,0000199_00000_d_0000162.txt,40,checked
train,0000199_00303_d_0000163.txt,80,checked
train,0000199_00603_d_0000164.txt,37,checked
train,0000199_00933_d_0000165.txt,35,checked
train,0000199_01607_d_0000167.txt,22,checked
train,0000200_00000_d_0000168.txt,36,checked
train,0000200_00297_d_0000169.txt,21,checked
train,0000200_00566_d_0000170.txt,36,checked
train,0000201_00000_d_0000171.txt,52,checked
train,0000201_00182_d_0000172.txt,31,checked
train,0000201_00446_d_0000173.txt,38,checked
train,0000201_00626_d_0000174.txt,40,checked
train,0000201_00818_d_0000175.txt,55,checked
train,0000201_01023_d_0000176.txt,74,checked
train,0000201_01292_d_0000177.txt,39,checked
train,0000201_01484_d_0000178.txt,13,checked
train,0000201_01634_d_0000179.txt,20,checked
train,0000204_00000_d_0000191.txt,126,checked
train,0000204_00332_d_0000192.txt,127,checked
train,0000204_00698_d_0000193.txt,82,checked
train,0000204_01028_d_0000194.txt,49,checked
train,0000204_01236_d_0000195.txt,43,checked
train,0000205_00000_d_0000196.txt,15,checked
train,0000205_00405_d_0000197.txt,71,checked
train,0000205_00831_d_0000198.txt,72,checked
train,0000205_01275_d_0000199.txt,136,checked
train,0000205_01665_d_0000200.txt,128,checked
train,0000205_02019_d_0000201.txt,98,checked
train,0000205_02315_d_0000202.txt,88,checked
train,0000206_00000_d_0000203.txt,19,checked
train,0000206_00308_d_0000204.txt,60,checked
train,0000206_00668_d_0000205.txt,44,checked
train,0000206_01108_d_0000206.txt,5,checked
train,0000209_00000_d_0000219.txt,10,checked
train,0000209_00296_d_0000220.txt,18,checked
train,0000209_00609_d_0000221.txt,2,checked
train,0000209_00922_d_0000222.txt,4,checked
train,0000210_00000_d_0000223.txt,14,checked
train,0000210_00261_d_0000224.txt,11,checked
train,0000210_00525_d_0000225.txt,7,checked
train,0000210_01037_d_0000226.txt,9,checked
train,0000210_01251_d_0000227.txt,8,checked
train,0000210_01551_d_0000228.txt,8,checked
train,0000214_00000_d_0000248.txt,50,checked
train,0000214_00410_d_0000249.txt,59,checked
train,0000214_00840_d_0000250.txt,38,checked
train,0000214_01218_d_0000251.txt,45,checked
train,0000214_01652_d_0000252.txt,59,checked
train,0000214_01968_d_0000253.txt,59,checked
train,0000214_02445_d_0000254.txt,58,checked
train,0000214_02750_d_0000255.txt,75,checked
train,0000217_00001_d_0000001.txt,10,checked
train,0000217_00202_d_0000002.txt,10,checked
train,0000218_00001_d_0000001.txt,3,checked
train,0000218_00355_d_0000002.txt,15,checked
train,0000218_00730_d_0000003.txt,26,checked
train,0000219_03118_d_0000007.txt,9,checked
train,0000220_00001_d_0000001.txt,45,checked
train,0000220_00500_d_0000002.txt,30,checked
train,0000220_01000_d_0000003.txt,47,checked
train,0000220_01546_d_0000005.txt,30,checked
train,0000220_02000_d_0000006.txt,29,checked
train,0000220_02500_d_0000007.txt,26,checked
train,0000220_02658_d_0000008.txt,2,checked
train,0000220_02800_d_0000009.txt,25,checked
train,0000220_02978_d_0000010.txt,24,checked
train,0000220_03347_d_0000011.txt,35,checked
train,0000220_03847_d_0000012.txt,38,checked
train,0000220_04005_d_0000013.txt,46,checked
train,0000220_04258_d_0000014.txt,87,checked
train,0000220_04467_d_0000015.txt,22,checked
train,0000221_00001_d_0000001.txt,73,checked
train,0000221_00500_d_0000002.txt,59,checked
train,0000221_00999_d_0000003.txt,55,checked
train,0000221_01292_d_0000004.txt,50,checked
train,0000221_01411_d_0000005.txt,35,checked
train,0000221_01770_d_0000006.txt,37,checked
train,0000221_10550_d_0000007.txt,47,checked
train,0000221_10787_d_0000008.txt,43,checked
train,0000221_11139_d_0000009.txt,30,checked
train,0000222_00001_d_0000001.txt,33,checked
train,0000222_00339_d_0000002.txt,29,checked
train,0000222_00735_d_0000003.txt,26,checked
train,0000222_01135_d_0000004.txt,77,checked
train,0000222_01350_d_0000005.txt,104,checked
train,0000222_01650_d_0000006.txt,69,checked
train,0000222_02000_d_0000007.txt,41,checked
train,0000222_02467_d_0000008.txt,42,checked
train,0000222_02900_d_0000009.txt,72,checked
train,0000222_03100_d_0000010.txt,60,checked
train,0000222_03900_d_0000012.txt,64,checked
train,0000222_04015_d_0000013.txt,40,checked
train,0000222_04115_d_0000014.txt,27,checked
train,0000222_04900_d_0000016.txt,97,checked
train,0000222_05666_d_0000018.txt,49,checked
train,0000222_06100_d_0000019.txt,61,checked
train,0000223_00001_d_0000001.txt,50,checked
train,0000223_00501_d_0000002.txt,94,checked
train,0000223_00836_d_0000003.txt,110,checked
train,0000223_01300_d_0000004.txt,70,checked
train,0000223_01986_d_0000006.txt,51,checked
train,0000223_02203_d_0000007.txt,26,checked
train,0000224_00001_d_0000001.txt,66,checked
train,0000224_00251_d_0000002.txt,63,checked
train,0000224_00387_d_0000003.txt,75,checked
train,0000224_00636_d_0000004.txt,41,checked
train,0000224_01059_d_0000005.txt,18,checked
train,0000224_01513_d_0000006.txt,57,checked
train,0000225_00001_d_0000001.txt,46,checked
train,0000225_00460_d_0000002.txt,31,checked
train,0000225_00939_d_0000003.txt,48,checked
train,0000225_01376_d_0000004.txt,75,checked
train,0000225_01555_d_0000005.txt,73,checked
train,0000225_01730_d_0000006.txt,83,checked
train,0000225_01978_d_0000007.txt,94,checked
train,0000225_02083_d_0000008.txt,15,checked
train,0000225_02427_d_0000009.txt,37,checked
train,0000225_02567_d_0000010.txt,85,checked
train,0000225_03052_d_0000011.txt,52,checked
train,0000225_03550_d_0000012.txt,19,checked
train,0000225_04002_d_0000013.txt,135,checked
train,0000225_04167_d_0000014.txt,82,checked
train,0000225_04522_d_0000015.txt,66,checked
train,0000225_05003_d_0000016.txt,62,checked
train,0000226_00001_d_0000001.txt,161,checked
train,0000226_00500_d_0000002.txt,127,checked
train,0000226_00867_d_0000003.txt,103,checked
train,0000226_01146_d_0000004.txt,152,checked
train,0000226_01500_d_0000005.txt,108,checked
train,0000226_01700_d_0000006.txt,115,checked
train,0000226_02123_d_0000007.txt,51,checked
train,0000226_02469_d_0000008.txt,41,checked
train,0000226_02644_d_0000009.txt,34,checked
train,0000226_02755_d_0000010.txt,108,checked
train,0000226_02906_d_0000011.txt,178,checked
train,0000226_03490_d_0000012.txt,152,checked
train,0000226_03627_d_0000013.txt,166,checked
train,0000226_03899_d_0000014.txt,43,checked
train,0000226_04059_d_0000015.txt,54,checked
train,0000226_04291_d_0000016.txt,72,checked
train,0000226_04475_d_0000017.txt,34,checked
train,0000226_04986_d_0000018.txt,50,checked
train,0000227_00001_d_0000001.txt,115,checked
train,0000227_00235_d_0000002.txt,105,checked
train,0000228_00001_d_0000001.txt,87,checked
train,0000228_00500_d_0000002.txt,113,checked
train,0000228_01000_d_0000003.txt,87,checked
train,0000228_01419_d_0000004.txt,97,checked
train,0000228_01900_d_0000005.txt,54,checked
train,0000228_02416_d_0000006.txt,39,checked
train,0000229_00001_d_0000001.txt,66,checked
train,0000229_00500_d_0000002.txt,102,checked
train,0000229_00827_d_0000003.txt,87,checked
train,0000229_01203_d_0000004.txt,77,checked
train,0000235_00001_d_0000001.txt,20,checked
train,0000235_00467_d_0000002.txt,29,checked
train,0000235_00932_d_0000003.txt,13,checked
train,0000235_01411_d_0000004.txt,22,checked
train,0000235_01900_d_0000005.txt,10,checked
train,0000236_00001_d_0000001.txt,7,checked
train,0000236_00427_d_0000002.txt,20,checked
train,0000236_00811_d_0000003.txt,16,checked
train,0000237_00442_d_0000002.txt,20,checked
train,0000238_00018_d_0000001.txt,98,checked
train,0000239_00001_d_0000001.txt,38,checked
train,0000239_00500_d_0000002.txt,30,checked
train,0000239_00708_d_0000003.txt,17,checked
train,0000239_01172_d_0000004.txt,32,checked
train,0000239_01588_d_0000005.txt,77,checked
train,0000239_02003_d_0000006.txt,93,checked
train,0000239_02139_d_0000007.txt,7,checked
train,0000239_02531_d_0000008.txt,37,checked
train,0000239_02899_d_0000009.txt,43,checked
train,0000239_03333_d_0000010.txt,41,checked
train,0000239_03837_d_0000011.txt,40,checked
train,0000239_04052_d_0000012.txt,30,checked
train,0000239_04503_d_0000013.txt,39,checked
train,0000239_04995_d_0000014.txt,39,checked
train,0000239_05475_d_0000015.txt,18,checked
train,0000239_05950_d_0000016.txt,49,checked
train,0000239_06450_d_0000017.txt,45,checked
train,0000239_06950_d_0000018.txt,29,checked
train,0000239_07259_d_0000019.txt,27,checked
train,0000239_07435_d_0000020.txt,49,checked
train,0000239_07930_d_0000021.txt,37,checked
train,0000239_08430_d_0000022.txt,57,checked
train,0000239_08900_d_0000023.txt,44,checked
train,0000239_09400_d_0000024.txt,55,checked
train,0000239_09866_d_0000025.txt,49,checked
train,0000239_11139_d_0000028.txt,131,checked
train,0000239_11620_d_0000029.txt,46,checked
train,0000239_11827_d_0000030.txt,20,checked
train,0000239_12115_d_0000031.txt,67,checked
train,0000239_12601_d_0000032.txt,68,checked
train,0000239_13100_d_0000033.txt,55,checked
train,0000240_00001_d_0000001.txt,35,checked
train,0000240_00500_d_0000002.txt,14,checked
train,0000240_00978_d_0000003.txt,44,checked
train,0000240_01205_d_0000004.txt,24,checked
train,0000240_01690_d_0000005.txt,15,checked
train,0000240_02075_d_0000006.txt,17,checked
train,0000240_02531_d_0000007.txt,11,checked
train,0000240_03011_d_0000008.txt,22,checked
train,0000243_00001_d_0000001.txt,45,checked
train,0000243_00500_d_0000002.txt,33,checked
train,0000243_01000_d_0000003.txt,65,checked
train,0000243_01500_d_0000004.txt,102,checked
train,0000243_01787_d_0000005.txt,57,checked
train,0000243_01995_d_0000006.txt,23,checked
train,0000247_00002_d_0000001.txt,111,checked
train,0000248_01500_d_0000004.txt,35,checked
train,0000251_00001_d_0000001.txt,76,checked
train,0000251_00155_d_0000002.txt,72,checked
train,0000251_00450_d_0000003.txt,70,checked
train,0000251_00850_d_0000004.txt,87,checked
train,0000252_00001_d_0000001.txt,131,checked
train,0000252_00499_d_0000002.txt,87,checked
train,0000252_00800_d_0000003.txt,78,checked
train,0000252_00987_d_0000004.txt,40,checked
train,0000252_01210_d_0000005.txt,39,checked
train,0000254_01500_d_0000004.txt,88,checked
train,0000256_00001_d_0000014.txt,45,checked
train,0000256_00403_d_0000017.txt,81,checked
train,0000256_00594_d_0000018.txt,55,checked
train,0000256_00932_d_0000020.txt,77,checked
train,0000256_01110_d_0000021.txt,92,checked
train,0000256_01210_d_0000022.txt,60,checked
train,0000256_01350_d_0000023.txt,82,checked
train,0000256_01516_d_0000024.txt,34,checked
train,0000256_01740_d_0000025.txt,26,checked
train,0000256_01834_d_0000026.txt,31,checked
train,0000256_01924_d_0000027.txt,12,checked
train,0000256_01973_d_0000028.txt,2,checked
train,0000256_02073_d_0000029.txt,26,checked
train,0000256_02273_d_0000031.txt,62,checked
train,0000256_02373_d_0000032.txt,58,checked
train,0000256_03204_d_0000033.txt,60,checked
train,0000256_03304_d_0000034.txt,44,checked
train,0000256_03644_d_0000035.txt,69,checked
train,0000256_04356_d_0000036.txt,19,checked
train,0000256_04693_d_0000038.txt,27,checked
train,0000256_04719_d_0000039.txt,5,checked
train,0000256_04759_d_0000040.txt,6,checked
train,0000256_04812_d_0000041.txt,18,checked
train,0000257_00001_d_0000042.txt,124,checked
train,0000257_00249_d_0000043.txt,71,checked
train,0000257_00359_d_0000044.txt,40,checked
train,0000257_00621_d_0000045.txt,62,checked
train,0000257_00871_d_0000046.txt,44,checked
train,0000257_01295_d_0000047.txt,34,checked
train,0000257_01551_d_0000049.txt,24,checked
train,0000257_01607_d_0000050.txt,16,checked
train,0000257_01656_d_0000051.txt,16,checked
train,0000257_01698_d_0000052.txt,47,checked
train,0000257_01725_d_0000053.txt,114,checked
train,0000257_02072_d_0000054.txt,61,checked
train,0000257_02550_d_0000055.txt,53,checked
train,0000257_02841_d_0000056.txt,77,checked
train,0000257_03254_d_0000057.txt,27,checked
train,0000257_03360_d_0000058.txt,21,checked
train,0000257_03482_d_0000059.txt,25,checked
train,0000257_03639_d_0000060.txt,41,checked
train,0000257_03739_d_0000061.txt,46,checked
train,0000257_03864_d_0000062.txt,44,checked
train,0000257_03964_d_0000063.txt,38,checked
train,0000257_04069_d_0000064.txt,43,checked
train,0000257_04249_d_0000066.txt,7,checked
train,0000257_04349_d_0000067.txt,63,checked
train,0000257_04451_d_0000068.txt,121,checked
train,0000258_00001_d_0000069.txt,54,checked
train,0000258_00301_d_0000070.txt,68,checked
train,0000258_00657_d_0000071.txt,70,checked
train,0000258_01168_d_0000072.txt,89,checked
train,0000258_01368_d_0000073.txt,60,checked
train,0000258_01628_d_0000074.txt,59,checked
train,0000258_01938_d_0000075.txt,53,checked
train,0000258_02119_d_0000076.txt,47,checked
train,0000258_02366_d_0000077.txt,101,checked
train,0000258_02669_d_0000078.txt,68,checked
train,0000258_02910_d_0000079.txt,36,checked
train,0000258_03072_d_0000080.txt,47,checked
train,0000260_00001_d_0000103.txt,52,checked
train,0000260_00441_d_0000104.txt,55,checked
train,0000260_01281_d_0000106.txt,79,checked
train,0000260_01408_d_0000107.txt,80,checked
train,0000260_01609_d_0000109.txt,43,checked
train,0000260_02109_d_0000110.txt,55,checked
train,0000260_02609_d_0000111.txt,47,checked
train,0000260_03079_d_0000112.txt,81,checked
train,0000260_03359_d_0000115.txt,39,checked
train,0000260_03859_d_0000116.txt,66,checked
train,0000260_04059_d_0000117.txt,85,checked
train,0000260_04159_d_0000118.txt,71,checked
train,0000260_04458_d_0000119.txt,48,checked
train,0000261_00001_d_0000120.txt,90,checked
train,0000261_00401_d_0000121.txt,43,checked
train,0000261_00601_d_0000122.txt,50,checked
train,0000261_01101_d_0000123.txt,18,checked
train,0000261_01601_d_0000124.txt,14,checked
train,0000261_01801_d_0000125.txt,14,checked
train,0000261_02001_d_0000126.txt,20,checked
train,0000261_02301_d_0000127.txt,16,checked
train,0000261_02501_d_0000128.txt,25,checked
train,0000261_02801_d_0000129.txt,15,checked
train,0000261_03301_d_0000130.txt,15,checked
train,0000261_03401_d_0000131.txt,26,checked
train,0000261_03501_d_0000132.txt,17,checked
train,0000261_03701_d_0000133.txt,21,checked
train,0000261_04201_d_0000134.txt,14,checked
train,0000261_04501_d_0000135.txt,25,checked
train,0000261_04801_d_0000136.txt,19,checked
train,0000261_04901_d_0000137.txt,22,checked
train,0000261_05301_d_0000138.txt,79,checked
train,0000261_05501_d_0000139.txt,136,checked
train,0000261_05775_d_0000140.txt,74,checked
train,0000263_00001_d_0000173.txt,21,checked
train,0000263_00601_d_0000176.txt,22,checked
train,0000263_02001_d_0000177.txt,17,checked
train,0000263_02201_d_0000178.txt,33,checked
train,0000263_02601_d_0000180.txt,21,checked
train,0000263_03201_d_0000183.txt,24,checked
train,0000263_04001_d_0000187.txt,20,checked
train,0000263_04401_d_0000189.txt,6,checked
train,0000263_04801_d_0000191.txt,10,checked
train,0000263_05001_d_0000192.txt,22,checked
train,0000263_05201_d_0000193.txt,27,checked
train,0000264_00001_d_0000194.txt,45,checked
train,0000264_00201_d_0000195.txt,41,checked
train,0000264_00401_d_0000196.txt,38,checked
train,0000264_00601_d_0000197.txt,28,checked
train,0000264_00801_d_0000198.txt,27,checked
train,0000264_01001_d_0000199.txt,88,checked
train,0000264_01201_d_0000200.txt,29,checked
train,0000264_01401_d_0000201.txt,83,checked
train,0000264_01601_d_0000202.txt,58,checked
train,0000264_01801_d_0000203.txt,42,checked
train,0000264_02001_d_0000204.txt,31,checked
train,0000264_02201_d_0000205.txt,43,checked
train,0000264_02401_d_0000206.txt,23,checked
train,0000264_02601_d_0000207.txt,12,checked
train,0000264_02801_d_0000208.txt,18,checked
train,0000264_03001_d_0000209.txt,31,checked
train,0000264_03201_d_0000210.txt,24,checked
train,0000264_03401_d_0000211.txt,13,checked
train,0000264_03801_d_0000213.txt,33,checked
train,0000264_04001_d_0000214.txt,10,checked
train,0000264_04201_d_0000215.txt,14,checked
train,0000264_04401_d_0000216.txt,13,checked
train,0000264_04601_d_0000217.txt,14,checked
train,0000266_08201_d_0000276.txt,8,checked
train,0000267_00401_d_0000281.txt,14,checked
train,0000270_00201_d_0000354.txt,92,checked
train,0000270_00401_d_0000355.txt,69,checked
train,0000270_00801_d_0000357.txt,62,checked
train,0000270_02601_d_0000366.txt,90,checked
train,0000270_03401_d_0000370.txt,74,checked
train,0000270_03801_d_0000372.txt,72,checked
train,0000270_04001_d_0000373.txt,72,checked
train,0000273_00001_d_0000439.txt,28,checked
train,0000273_01001_d_0000444.txt,34,checked
train,0000273_02001_d_0000449.txt,17,checked
train,0000273_02201_d_0000450.txt,24,checked
train,0000273_03001_d_0000454.txt,23,checked
train,0000273_04601_d_0000461.txt,28,checked
train,0000275_00001_d_0000497.txt,14,checked
train,0000275_00201_d_0000498.txt,52,checked
train,0000275_00401_d_0000499.txt,67,checked
train,0000275_00601_d_0000500.txt,72,checked
train,0000275_00801_d_0000501.txt,87,checked
train,0000275_01001_d_0000502.txt,107,checked
train,0000275_01201_d_0000503.txt,44,checked
train,0000275_01401_d_0000504.txt,69,checked
train,0000275_01801_d_0000506.txt,63,checked
train,0000279_00001_d_0000584.txt,130,checked
train,0000279_00601_d_0000587.txt,196,checked
train,0000279_01401_d_0000591.txt,138,checked
train,0000279_01601_d_0000592.txt,148,checked
train,0000279_01801_d_0000593.txt,141,checked
train,0000279_02001_d_0000594.txt,117,checked
train,0000279_02201_d_0000595.txt,163,checked
train,0000279_02401_d_0000596.txt,127,checked
train,0000279_02601_d_0000597.txt,129,checked
train,0000279_03001_d_0000598.txt,110,checked
train,0000279_03601_d_0000600.txt,164,checked
train,0000279_04601_d_0000604.txt,123,checked
train,0000279_05001_d_0000606.txt,125,checked
train,0000279_05201_d_0000607.txt,109,checked
train,0000279_05401_d_0000608.txt,103,checked
train,0000279_05801_d_0000610.txt,111,checked
train,0000281_00201_d_0000630.txt,22,checked
train,0000281_00601_d_0000631.txt,87,checked
train,0000281_01201_d_0000634.txt,71,checked
train,0000281_01401_d_0000635.txt,61,checked
train,0000281_02001_d_0000637.txt,47,checked
train,0000281_02201_d_0000638.txt,29,checked
train,0000281_02601_d_0000639.txt,35,checked
train,0000281_02801_d_0000640.txt,81,checked
train,0000281_03001_d_0000641.txt,95,checked
train,0000281_03201_d_0000642.txt,82,checked
train,0000281_03401_d_0000643.txt,86,checked
train,0000281_03601_d_0000644.txt,74,checked
train,0000281_03801_d_0000645.txt,105,checked
train,0000284_00801_d_0000683.txt,9,checked
train,0000284_03801_d_0000691.txt,17,checked
train,0000284_04001_d_0000692.txt,12,checked
train,0000288_00001_d_0000785.txt,100,checked
train,0000288_00201_d_0000786.txt,109,checked
train,0000288_00601_d_0000788.txt,57,checked
train,0000288_01201_d_0000791.txt,96,checked
train,0000288_01601_d_0000792.txt,58,checked
train,0000288_02001_d_0000794.txt,87,checked
train,0000288_02401_d_0000796.txt,88,checked
train,0000288_02601_d_0000797.txt,12,checked
train,0000288_02801_d_0000798.txt,6,checked
train,0000288_03001_d_0000799.txt,90,checked
train,0000288_03601_d_0000802.txt,97,checked
train,0000288_03801_d_0000803.txt,23,checked
train,0000288_04201_d_0000804.txt,49,checked
train,0000288_04401_d_0000805.txt,40,checked
train,0000288_04601_d_0000806.txt,37,checked
train,0000288_04801_d_0000807.txt,31,checked
train,0000288_05201_d_0000808.txt,16,checked
train,0000288_05401_d_0000809.txt,23,checked
train,0000288_05601_d_0000810.txt,15,checked
train,0000290_00001_d_0000848.txt,117,checked
train,0000290_00201_d_0000849.txt,99,checked
train,0000290_00401_d_0000850.txt,99,checked
train,0000290_00601_d_0000851.txt,116,checked
train,0000290_00801_d_0000852.txt,89,checked
train,0000290_01001_d_0000853.txt,61,checked
train,0000290_01201_d_0000854.txt,64,checked
train,0000290_01401_d_0000855.txt,66,checked
train,0000290_02201_d_0000858.txt,87,checked
train,0000290_02401_d_0000859.txt,93,checked
train,0000290_02601_d_0000860.txt,110,checked
train,0000290_02801_d_0000861.txt,120,checked
train,0000290_03001_d_0000862.txt,122,checked
train,0000290_03201_d_0000863.txt,110,checked
train,0000290_03401_d_0000864.txt,77,checked
train,0000290_03601_d_0000865.txt,76,checked
train,0000293_00201_d_0000924.txt,138,checked
train,0000293_01001_d_0000927.txt,192,checked
train,0000293_01401_d_0000929.txt,174,checked
train,0000293_02001_d_0000932.txt,158,checked
train,0000293_02401_d_0000934.txt,113,checked
train,0000293_02601_d_0000935.txt,138,checked
train,0000293_02801_d_0000936.txt,141,checked
train,0000293_03401_d_0000939.txt,128,checked
train,0000293_04001_d_0000942.txt,121,checked
train,0000297_00001_d_0000057.txt,252,checked
train,0000297_00201_d_0000058.txt,191,checked
train,0000297_01401_d_0000064.txt,201,checked
train,0000300_00001_d_0000138.txt,104,checked
train,0000300_00601_d_0000141.txt,94,checked
train,0000300_00801_d_0000142.txt,86,checked
train,0000300_01001_d_0000143.txt,68,checked
train,0000300_01201_d_0000144.txt,84,checked
train,0000300_01401_d_0000145.txt,88,checked
train,0000300_01801_d_0000147.txt,91,checked
train,0000300_02001_d_0000148.txt,90,checked
train,0000300_02401_d_0000150.txt,85,checked
train,0000300_02601_d_0000151.txt,117,checked
train,0000300_02801_d_0000152.txt,109,checked
train,0000300_03401_d_0000155.txt,43,checked
train,0000303_00001_d_0000183.txt,109,checked
train,0000303_00401_d_0000185.txt,112,checked
train,0000303_00601_d_0000186.txt,122,checked
train,0000303_00801_d_0000187.txt,245,checked
train,0000303_01001_d_0000188.txt,100,checked
train,0000303_01601_d_0000191.txt,59,checked
train,0000303_02201_d_0000194.txt,114,checked
train,0000303_02601_d_0000196.txt,47,checked
train,0000303_02801_d_0000197.txt,85,checked
train,0000303_03001_d_0000198.txt,101,checked
train,0000303_03201_d_0000199.txt,84,checked
train,0000303_03601_d_0000201.txt,56,checked
train,0000304_00001_d_0000202.txt,163,checked
train,0000304_00201_d_0000203.txt,56,checked
train,0000305_00001_d_0000213.txt,86,checked
train,0000305_00401_d_0000215.txt,86,checked
train,0000305_00601_d_0000216.txt,45,checked
train,0000305_00801_d_0000217.txt,42,checked
train,0000305_01001_d_0000218.txt,55,checked
train,0000305_01201_d_0000219.txt,52,checked
train,0000305_01401_d_0000220.txt,53,checked
train,0000305_01601_d_0000221.txt,47,checked
train,0000305_01801_d_0000222.txt,43,checked
train,0000305_02401_d_0000225.txt,44,checked
train,0000305_02601_d_0000226.txt,35,checked
train,0000305_02801_d_0000227.txt,40,checked
train,0000305_03601_d_0000231.txt,53,checked
train,0000305_04601_d_0000236.txt,26,checked
train,0000307_00001_d_0000268.txt,41,checked
train,0000307_02401_d_0000280.txt,16,checked
train,0000307_05601_d_0000296.txt,51,checked
train,0000307_05801_d_0000297.txt,52,checked
train,0000307_06001_d_0000298.txt,10,checked
train,0000307_06201_d_0000299.txt,52,checked
train,0000307_06401_d_0000300.txt,95,checked
train,0000307_06601_d_0000301.txt,68,checked
train,0000307_06801_d_0000302.txt,58,checked
train,0000307_07001_d_0000303.txt,61,checked
train,0000307_07201_d_0000304.txt,70,checked
train,0000308_00001_d_0000305.txt,50,checked
train,0000308_00401_d_0000307.txt,49,checked
train,0000308_00601_d_0000308.txt,58,checked
train,0000308_00801_d_0000309.txt,30,checked
train,0000308_01201_d_0000311.txt,64,checked
train,0000308_01401_d_0000312.txt,40,checked
train,0000308_01801_d_0000314.txt,56,checked
train,0000308_02001_d_0000315.txt,97,checked
train,0000308_02201_d_0000316.txt,81,checked
train,0000308_05201_d_0000331.txt,93,checked
train,0000308_05401_d_0000332.txt,119,checked
train,0000309_00001_d_0000333.txt,100,checked
train,0000309_00201_d_0000334.txt,88,checked
train,0000309_00401_d_0000335.txt,62,checked
train,0000309_00601_d_0000336.txt,77,checked
train,0000309_00801_d_0000337.txt,95,checked
train,0000309_01001_d_0000338.txt,52,checked
train,0000309_01201_d_0000339.txt,108,checked
train,0000309_01401_d_0000340.txt,96,checked
train,0000309_01601_d_0000341.txt,112,checked
train,0000309_01801_d_0000342.txt,121,checked
train,0000309_02201_d_0000344.txt,107,checked
train,0000309_02401_d_0000345.txt,92,checked
train,0000309_02601_d_0000346.txt,77,checked
train,0000309_02801_d_0000347.txt,45,checked
train,0000309_03001_d_0000348.txt,54,checked
train,0000309_03201_d_0000349.txt,72,checked
train,0000309_03401_d_0000350.txt,97,checked
train,0000309_03601_d_0000351.txt,87,checked
train,0000309_03801_d_0000352.txt,67,checked
train,0000309_04001_d_0000353.txt,52,checked
train,0000309_04201_d_0000354.txt,69,checked
train,0000309_04401_d_0000355.txt,91,checked
train,0000309_04601_d_0000356.txt,97,checked
train,0000313_00001_d_0000436.txt,91,checked
train,0000313_00201_d_0000437.txt,92,checked
train,0000313_00801_d_0000440.txt,67,checked
train,0000313_01001_d_0000441.txt,37,checked
train,0000313_01401_d_0000443.txt,66,checked
train,0000313_01601_d_0000444.txt,47,checked
train,0000313_01801_d_0000445.txt,84,checked
train,0000313_02001_d_0000446.txt,28,checked
train,0000313_02401_d_0000448.txt,27,checked
train,0000313_03401_d_0000453.txt,13,checked
train,0000313_03601_d_0000454.txt,18,checked
train,0000313_04401_d_0000458.txt,30,checked
train,0000313_04601_d_0000459.txt,14,checked
train,0000313_04801_d_0000460.txt,19,checked
train,0000313_05001_d_0000461.txt,20,checked
train,0000313_05401_d_0000463.txt,20,checked
train,0000313_05601_d_0000464.txt,42,checked
train,0000313_05801_d_0000465.txt,65,checked
train,0000313_06001_d_0000466.txt,91,checked
train,0000313_06201_d_0000467.txt,85,checked
train,0000313_06801_d_0000470.txt,81,checked
train,0000315_00001_d_0000501.txt,45,checked
train,0000315_00201_d_0000502.txt,44,checked
train,0000315_00401_d_0000503.txt,94,checked
train,0000315_01001_d_0000506.txt,81,checked
train,0000315_02201_d_0000512.txt,141,checked
train,0000315_02801_d_0000515.txt,80,checked
train,0000315_03001_d_0000516.txt,86,checked
train,0000315_03401_d_0000518.txt,107,checked
train,0000318_03201_d_0000570.txt,83,checked
train,0000318_03401_d_0000571.txt,92,checked
train,0000322_00001_d_0000629.txt,243,checked
train,0000323_00401_d_0000634.txt,84,checked
train,0000323_01801_d_0000641.txt,86,checked
train,0000323_02001_d_0000642.txt,29,checked
train,0000323_02201_d_0000643.txt,83,checked
train,0000323_02401_d_0000644.txt,88,checked
train,0000323_02801_d_0000646.txt,56,checked
train,0000323_03001_d_0000647.txt,52,checked
train,0000325_00001_d_0000662.txt,34,checked
train,0000325_00201_d_0000663.txt,54,checked
train,0000325_00801_d_0000666.txt,31,checked
train,0000325_01001_d_0000667.txt,42,checked
train,0000325_01201_d_0000668.txt,37,checked
train,0000325_01401_d_0000669.txt,26,checked
train,0000325_01601_d_0000670.txt,29,checked
train,0000325_01801_d_0000671.txt,53,checked
train,0000325_02001_d_0000672.txt,95,checked
train,0000325_02201_d_0000673.txt,73,checked
train,0000325_02601_d_0000675.txt,63,checked
train,0000325_02801_d_0000676.txt,98,checked
train,0000325_03001_d_0000677.txt,121,checked
train,0000325_03201_d_0000678.txt,178,checked
train,0000325_03401_d_0000679.txt,135,checked
train,0000325_03601_d_0000680.txt,73,checked
train,0000325_03801_d_0000681.txt,79,checked
train,0000325_04001_d_0000682.txt,82,checked
train,0000325_04201_d_0000683.txt,119,checked
train,0000325_04401_d_0000684.txt,104,checked
train,0000325_04601_d_0000685.txt,126,checked
train,0000325_04801_d_0000686.txt,57,checked
train,0000325_05601_d_0000690.txt,97,checked
train,0000325_05801_d_0000691.txt,91,checked
train,0000325_06001_d_0000692.txt,79,checked
train,0000325_06201_d_0000693.txt,77,checked
train,0000325_06401_d_0000694.txt,100,checked
train,0000325_06601_d_0000695.txt,80,checked
train,0000326_00001_d_0000696.txt,16,checked
train,0000326_00201_d_0000697.txt,34,checked
train,0000326_02801_d_0000710.txt,54,checked
train,0000329_00601_d_0000768.txt,78,checked
train,0000329_02001_d_0000775.txt,75,checked
train,0000329_02401_d_0000777.txt,80,checked
train,0000329_02601_d_0000778.txt,70,checked
train,0000329_03201_d_0000781.txt,48,checked
train,0000329_03601_d_0000783.txt,41,checked
train,0000329_04401_d_0000787.txt,70,checked
train,0000329_05401_d_0000792.txt,22,checked
train,0000329_05601_d_0000793.txt,23,checked
train,0000329_06001_d_0000795.txt,37,checked
train,0000329_06201_d_0000796.txt,35,checked
train,0000329_06401_d_0000797.txt,36,checked
train,0000329_06601_d_0000798.txt,34,checked
train,0000329_06801_d_0000799.txt,33,checked
train,0000331_00001_d_0000824.txt,41,checked
train,0000331_00001_d_0000841.txt,91,checked
train,0000331_00201_d_0000825.txt,71,checked
train,0000331_00201_d_0000842.txt,60,checked
train,0000331_00401_d_0000826.txt,91,checked
train,0000331_00401_d_0000843.txt,67,checked
train,0000331_00601_d_0000827.txt,72,checked
train,0000331_00601_d_0000844.txt,55,checked
train,0000331_00801_d_0000828.txt,29,checked
train,0000331_00801_d_0000845.txt,64,checked
train,0000331_01001_d_0000829.txt,23,checked
train,0000331_01001_d_0000846.txt,61,checked
train,0000331_01201_d_0000847.txt,52,checked
train,0000331_01401_d_0000831.txt,29,checked
train,0000331_01401_d_0000848.txt,47,checked
train,0000331_01601_d_0000832.txt,22,checked
train,0000331_01601_d_0000849.txt,68,checked
train,0000331_01801_d_0000850.txt,49,checked
train,0000331_02201_d_0000852.txt,83,checked
train,0000331_02401_d_0000853.txt,58,checked
train,0000331_02801_d_0000855.txt,95,checked
train,0000331_03001_d_0000839.txt,14,checked
train,0000331_03001_d_0000856.txt,92,checked
train,0000331_03201_d_0000840.txt,16,checked
train,0000331_03201_d_0000857.txt,102,checked
train,0000331_03601_d_0000859.txt,61,checked
train,0000331_04601_d_0000864.txt,43,checked
train,0000334_00001_d_0000021.txt,54,checked
train,0000334_00197_d_0000022.txt,79,checked
train,0000334_00393_d_0000023.txt,51,checked
train,0000334_00589_d_0000024.txt,34,checked
train,0000334_00785_d_0000025.txt,42,checked
train,0000334_00981_d_0000026.txt,71,checked
train,0000334_01177_d_0000027.txt,54,checked
train,0000334_01373_d_0000028.txt,60,checked
train,0000334_01569_d_0000029.txt,56,checked
train,0000334_01765_d_0000030.txt,67,checked
train,0000334_01961_d_0000031.txt,61,checked
train,0000334_02157_d_0000032.txt,82,checked
train,0000334_02353_d_0000033.txt,94,checked
train,0000334_02549_d_0000034.txt,71,checked
train,0000334_02745_d_0000035.txt,83,checked
train,0000334_02941_d_0000036.txt,126,checked
train,0000334_03137_d_0000037.txt,138,checked
train,0000334_03333_d_0000038.txt,70,checked
train,0000334_03529_d_0000039.txt,84,checked
train,0000334_03725_d_0000040.txt,54,checked
train,0000334_03921_d_0000041.txt,60,checked
train,0000334_04117_d_0000042.txt,82,checked
train,0000338_00001_d_0000138.txt,57,checked
train,0000338_00785_d_0000142.txt,53,checked
train,0000338_01177_d_0000144.txt,52,checked
train,0000338_01373_d_0000145.txt,50,checked
train,0000338_01569_d_0000146.txt,64,checked
train,0000338_01765_d_0000147.txt,68,checked
train,0000338_01961_d_0000148.txt,59,checked
train,0000338_02353_d_0000150.txt,66,checked
train,0000338_02745_d_0000152.txt,73,checked
train,0000338_03725_d_0000157.txt,72,checked
train,0000338_04313_d_0000160.txt,67,checked
train,0000339_00001_d_0000161.txt,93,checked
train,0000339_00197_d_0000162.txt,66,checked
train,0000339_00393_d_0000163.txt,52,checked
train,0000339_00589_d_0000164.txt,40,checked
train,0000339_00785_d_0000165.txt,24,checked
train,0000339_00981_d_0000166.txt,18,checked
train,0000339_01177_d_0000167.txt,96,checked
train,0000339_01569_d_0000169.txt,54,checked
train,0000339_01765_d_0000170.txt,71,checked
train,0000339_01961_d_0000171.txt,113,checked
train,0000339_02157_d_0000172.txt,58,checked
train,0000339_02353_d_0000173.txt,108,checked
train,0000339_02549_d_0000174.txt,81,checked
train,0000339_02745_d_0000175.txt,116,checked
train,0000339_02941_d_0000176.txt,99,checked
train,0000339_03137_d_0000177.txt,86,checked
train,0000339_03529_d_0000179.txt,73,checked
train,0000339_03725_d_0000180.txt,77,checked
train,0000342_00197_d_0000243.txt,104,checked
train,0000342_00589_d_0000245.txt,135,checked
train,0000342_00785_d_0000246.txt,177,checked
train,0000342_00981_d_0000247.txt,82,checked
train,0000342_01177_d_0000248.txt,99,checked
train,0000342_01569_d_0000250.txt,89,checked
train,0000342_01765_d_0000251.txt,96,checked
train,0000342_01961_d_0000252.txt,54,checked
train,0000342_02353_d_0000254.txt,37,checked
train,0000342_02549_d_0000255.txt,46,checked
train,0000342_02745_d_0000256.txt,52,checked
train,0000342_02941_d_0000257.txt,45,checked
train,0000342_03137_d_0000258.txt,87,checked
train,0000342_03333_d_0000259.txt,79,checked
train,0000342_03529_d_0000260.txt,47,checked
train,0000342_03725_d_0000261.txt,38,checked
train,0000342_03921_d_0000262.txt,43,checked
train,0000342_04117_d_0000263.txt,29,checked
train,0000342_04313_d_0000264.txt,28,checked
train,0000342_04509_d_0000265.txt,32,checked
train,0000342_04705_d_0000266.txt,30,checked
train,0000342_04901_d_0000267.txt,105,checked
train,0000342_05293_d_0000269.txt,68,checked
train,0000342_05489_d_0000270.txt,87,checked
train,0000342_05685_d_0000271.txt,49,checked
train,0000342_06273_d_0000274.txt,107,checked
train,0000343_00197_d_0000276.txt,61,checked
train,0000343_01373_d_0000282.txt,41,checked
train,0000343_01569_d_0000283.txt,66,checked
train,0000343_03137_d_0000291.txt,67,checked
train,0000344_00001_d_0000293.txt,64,checked
train,0000344_01177_d_0000299.txt,60,checked
train,0000344_01569_d_0000301.txt,79,checked
train,0000344_01765_d_0000302.txt,24,checked
train,0000344_01961_d_0000303.txt,45,checked
train,0000344_02157_d_0000304.txt,99,checked
train,0000344_02353_d_0000305.txt,65,checked
train,0000344_02549_d_0000306.txt,285,checked
train,0000344_02745_d_0000307.txt,82,checked
train,0000344_02941_d_0000308.txt,95,checked
train,0000345_00001_d_0000309.txt,76,checked
train,0000345_00197_d_0000310.txt,162,checked
train,0000345_00393_d_0000311.txt,134,checked
train,0000345_00589_d_0000312.txt,59,checked
train,0000345_00785_d_0000313.txt,18,checked
train,0000345_00981_d_0000314.txt,40,checked
train,0000345_01177_d_0000315.txt,106,checked
train,0000345_01373_d_0000316.txt,83,checked
train,0000345_01765_d_0000318.txt,120,checked
train,0000345_02549_d_0000322.txt,83,checked
train,0000345_02745_d_0000323.txt,76,checked
train,0000345_03137_d_0000325.txt,60,checked
train,0000348_00001_d_0000406.txt,64,checked
train,0000348_00197_d_0000407.txt,93,checked
train,0000348_00393_d_0000408.txt,99,checked
train,0000348_01373_d_0000413.txt,62,checked
train,0000348_01569_d_0000414.txt,71,checked
train,0000348_01765_d_0000415.txt,56,checked
train,0000348_01961_d_0000416.txt,42,checked
train,0000348_02157_d_0000417.txt,21,checked
train,0000348_02353_d_0000418.txt,28,checked
train,0000348_02745_d_0000420.txt,16,checked
train,0000348_02941_d_0000421.txt,23,checked
train,0000348_03137_d_0000422.txt,26,checked
train,0000348_03529_d_0000424.txt,11,checked
train,0000348_03725_d_0000425.txt,18,checked
train,0000348_03921_d_0000426.txt,65,checked
train,0000348_04117_d_0000427.txt,33,checked
train,0000348_04901_d_0000431.txt,60,checked
train,0000348_05097_d_0000432.txt,76,checked
train,0000348_05293_d_0000433.txt,67,checked
train,0000348_05489_d_0000434.txt,22,checked
train,0000348_06077_d_0000437.txt,59,checked
train,0000348_06469_d_0000439.txt,38,checked
train,0000349_00001_d_0000440.txt,87,checked
train,0000349_01961_d_0000450.txt,67,checked
train,0000349_02157_d_0000451.txt,87,checked
train,0000349_04313_d_0000462.txt,85,checked
train,0000349_04509_d_0000463.txt,47,checked
train,0000349_04705_d_0000464.txt,40,checked
train,0000349_04901_d_0000465.txt,28,checked
train,0000349_05097_d_0000466.txt,14,checked
train,0000349_05489_d_0000468.txt,7,checked
train,0000349_05685_d_0000469.txt,35,checked
train,0000349_05881_d_0000470.txt,12,checked
train,0000349_06077_d_0000471.txt,96,checked
train,0000351_00001_d_0000519.txt,113,checked
train,0000351_00197_d_0000520.txt,53,checked
train,0000351_00393_d_0000521.txt,102,checked
train,0000351_00589_d_0000522.txt,122,checked
train,0000351_00785_d_0000523.txt,104,checked
train,0000351_00981_d_0000524.txt,65,checked
train,0000351_01569_d_0000527.txt,56,checked
train,0000351_01765_d_0000528.txt,56,checked
train,0000351_01961_d_0000529.txt,74,checked
train,0000351_02157_d_0000530.txt,95,checked
train,0000351_02353_d_0000531.txt,89,checked
train,0000351_02549_d_0000532.txt,69,checked
train,0000351_02745_d_0000533.txt,58,checked
train,0000351_02941_d_0000534.txt,153,checked
train,0000351_03137_d_0000535.txt,100,checked
train,0000351_03333_d_0000536.txt,2,checked
train,0000351_03529_d_0000537.txt,5,checked
train,0000351_03725_d_0000538.txt,22,checked
train,0000352_00001_d_0000539.txt,177,checked
train,0000352_00197_d_0000540.txt,133,checked
train,0000352_00393_d_0000541.txt,105,checked
train,0000352_00785_d_0000543.txt,102,checked
train,0000352_00981_d_0000544.txt,82,checked
train,0000352_01177_d_0000545.txt,130,checked
train,0000352_01373_d_0000546.txt,86,checked
train,0000352_01569_d_0000547.txt,71,checked
train,0000352_01765_d_0000548.txt,39,checked
train,0000352_01961_d_0000549.txt,49,checked
train,0000352_02157_d_0000550.txt,31,checked
train,0000352_02353_d_0000551.txt,34,checked
train,0000352_02549_d_0000552.txt,35,checked
train,0000352_02745_d_0000553.txt,29,checked
train,0000352_02941_d_0000554.txt,42,checked
train,0000352_03137_d_0000555.txt,53,checked
train,0000352_03333_d_0000556.txt,59,checked
train,0000352_03529_d_0000557.txt,60,checked
train,0000352_04117_d_0000560.txt,72,checked
train,0000352_04313_d_0000561.txt,47,checked
train,0000352_04509_d_0000562.txt,96,checked
train,0000352_04705_d_0000563.txt,78,checked
train,0000352_04901_d_0000564.txt,86,checked
train,0000352_05097_d_0000565.txt,89,checked
train,0000352_05293_d_0000566.txt,106,checked
train,0000352_05489_d_0000567.txt,111,checked
train,0000352_05685_d_0000568.txt,97,checked
train,0000352_05881_d_0000569.txt,105,checked
train,0000352_06077_d_0000570.txt,90,checked
train,0000352_06273_d_0000571.txt,60,checked
train,0000352_06469_d_0000572.txt,77,checked
train,0000352_06665_d_0000573.txt,50,checked
train,0000357_00981_d_0000661.txt,134,checked
train,0000357_02549_d_0000669.txt,106,checked
train,0000357_04509_d_0000679.txt,101,checked
train,0000358_00393_d_0000682.txt,62,checked
train,0000358_01177_d_0000686.txt,107,checked
train,0000358_01765_d_0000689.txt,65,checked
train,0000358_02157_d_0000691.txt,76,checked
train,0000358_02353_d_0000692.txt,83,checked
train,0000358_02549_d_0000693.txt,69,checked
train,0000361_00001_d_0000753.txt,95,checked
train,0000361_00197_d_0000754.txt,104,checked
train,0000361_00589_d_0000756.txt,45,checked
train,0000361_00785_d_0000757.txt,152,checked
train,0000361_00981_d_0000758.txt,165,checked
train,0000361_04509_d_0000776.txt,120,checked
train,0000363_00589_d_0000786.txt,111,checked
train,0000363_00785_d_0000787.txt,120,checked
train,0000363_00981_d_0000788.txt,111,checked
train,0000363_01177_d_0000789.txt,97,checked
train,0000363_01373_d_0000790.txt,75,checked
train,0000363_01569_d_0000791.txt,54,checked
train,0000363_01961_d_0000792.txt,34,checked
train,0000363_02157_d_0000793.txt,89,checked
train,0000363_02353_d_0000794.txt,76,checked
train,0000363_02549_d_0000795.txt,45,checked
train,0000363_02745_d_0000796.txt,47,checked
train,0000363_03529_d_0000797.txt,74,checked
train,0000366_00197_d_0000787.txt,187,checked
train,0000366_00589_d_0000788.txt,108,checked
train,0000366_01569_d_0000790.txt,47,checked
train,0000366_01765_d_0000791.txt,34,checked
train,0000366_02745_d_0000793.txt,73,checked
train,0000366_03137_d_0000794.txt,119,checked
train,0000366_03333_d_0000795.txt,64,checked
train,0000366_03529_d_0000796.txt,106,checked
train,0000366_03921_d_0000797.txt,182,checked
train,0000366_04117_d_0000798.txt,119,checked
train,0000366_04313_d_0000799.txt,87,checked
train,0000366_04901_d_0000801.txt,12,checked
train,0000366_05097_d_0000802.txt,16,checked
train,0000366_05293_d_0000803.txt,28,checked
train,0000366_05489_d_0000804.txt,94,checked
train,0000366_05881_d_0000806.txt,32,checked
train,0000366_06077_d_0000807.txt,42,checked
train,0000366_06273_d_0000808.txt,43,checked
train,0000366_06469_d_0000809.txt,10,checked
train,0000366_07057_d_0000812.txt,7,checked
train,0000366_08233_d_0000814.txt,57,checked
train,0000366_08429_d_0000815.txt,163,checked
train,0000366_09605_d_0000817.txt,222,checked
train,0000366_09801_d_0000818.txt,236,checked
train,0000366_09997_d_0000819.txt,41,checked
train,9999937_00000_d_0000001.txt,42,checked
train,9999937_00000_d_0000002.txt,8,checked
train,9999937_00000_d_0000003.txt,251,checked
train,9999937_00000_d_0000004.txt,28,checked
train,9999937_00000_d_0000005.txt,16,checked
train,9999937_00000_d_0000006.txt,10,checked
train,9999937_00000_d_0000007.txt,43,checked
train,9999937_00000_d_0000008.txt,158,checked
train,9999937_00000_d_0000009.txt,6,checked
train,9999937_00000_d_0000010.txt,20,checked
train,9999937_00000_d_0000011.txt,76,checked
train,9999937_00000_d_0000012.txt,1,checked
train,9999937_00000_d_0000013.txt,65,checked
train,9999937_00000_d_0000014.txt,27,checked
train,9999937_00000_d_0000015.txt,57,checked
train,9999937_00000_d_0000016.txt,289,checked
train,9999937_00000_d_0000017.txt,17,checked
train,9999937_00000_d_0000018.txt,62,checked
train,9999937_00000_d_0000019.txt,10,checked
train,9999937_00000_d_0000020.txt,88,checked
train,9999937_00000_d_0000021.txt,95,checked
train,9999937_00000_d_0000022.txt,96,checked
train,9999937_00000_d_0000023.txt,59,checked
train,9999937_00000_d_0000024.txt,50,checked
train,9999937_00000_d_0000025.txt,80,checked
train,9999937_00000_d_0000026.txt,41,checked
train,9999937_00000_d_0000027.txt,34,checked
train,9999937_00000_d_0000028.txt,29,checked
train,9999937_00000_d_0000029.txt,26,checked
train,9999937_00000_d_0000030.txt,10,checked
train,9999937_00000_d_0000031.txt,21,checked
train,9999937_00000_d_0000032.txt,10,checked
train,9999937_00000_d_0000033.txt,10,checked
train,9999937_00000_d_0000034.txt,27,checked
train,9999937_00000_d_0000035.txt,45,checked
train,9999937_00000_d_0000036.txt,29,checked
train,9999937_00000_d_0000037.txt,28,checked
train,9999937_00000_d_0000038.txt,18,checked
train,9999937_00000_d_0000039.txt,37,checked
train,9999937_00000_d_0000040.txt,64,checked
train,9999937_00000_d_0000041.txt,11,checked
train,9999937_00000_d_0000042.txt,34,checked
train,9999937_00000_d_0000043.txt,30,checked
train,9999937_00000_d_0000044.txt,32,checked
train,9999937_00000_d_0000045.txt,21,checked
train,9999937_00000_d_0000046.txt,59,checked
train,9999937_00000_d_0000047.txt,52,checked
train,9999937_00000_d_0000048.txt,42,checked
train,9999937_00000_d_0000049.txt,28,checked
train,9999937_00000_d_0000050.txt,87,checked
train,9999937_00000_d_0000051.txt,69,checked
train,9999937_00000_d_0000052.txt,28,checked
train,9999937_00000_d_0000053.txt,54,checked
train,9999937_00000_d_0000054.txt,20,checked
train,9999937_00000_d_0000055.txt,32,checked
train,9999937_00000_d_0000056.txt,23,checked
train,9999937_00000_d_0000057.txt,82,checked
train,9999937_00000_d_0000058.txt,58,checked
train,9999937_00000_d_0000059.txt,125,checked
train,9999937_00000_d_0000060.txt,57,checked
train,9999937_00000_d_0000061.txt,20,checked
train,9999937_00000_d_0000062.txt,15,checked
train,9999937_00000_d_0000063.txt,11,checked
train,9999937_00000_d_0000064.txt,5,checked
train,9999937_00000_d_0000065.txt,9,checked
train,9999937_00000_d_0000066.txt,18,checked
train,9999937_00000_d_0000067.txt,9,checked
train,9999937_00000_d_0000068.txt,11,checked
train,9999937_00000_d_0000069.txt,13,checked
train,9999937_00000_d_0000070.txt,8,checked
train,9999937_00000_d_0000071.txt,7,checked
train,9999937_00000_d_0000072.txt,21,checked
train,9999937_00000_d_0000073.txt,8,checked
train,9999937_00000_d_0000074.txt,39,checked
train,9999937_00000_d_0000075.txt,11,checked
train,9999937_00000_d_0000076.txt,26,checked
train,9999937_00000_d_0000077.txt,28,checked
train,9999937_00000_d_0000078.txt,19,checked
train,9999937_00000_d_0000079.txt,14,checked
train,9999937_00000_d_0000080.txt,67,checked
train,9999937_00000_d_0000081.txt,66,checked
train,9999937_00000_d_0000082.txt,51,checked
train,9999937_00000_d_0000083.txt,13,checked
train,9999937_00000_d_0000084.txt,59,checked
train,9999937_00000_d_0000085.txt,86,checked
train,9999937_00000_d_0000086.txt,108,checked
train,9999937_00000_d_0000087.txt,75,checked
train,9999937_00000_d_0000088.txt,30,checked
train,9999937_00000_d_0000089.txt,170,checked
train,9999937_00000_d_0000090.txt,61,checked
train,9999937_00000_d_0000091.txt,80,checked
train,9999937_00000_d_0000092.txt,122,checked
train,9999937_00000_d_0000093.txt,84,checked
train,9999937_00000_d_0000094.txt,31,checked
train,9999937_00000_d_0000095.txt,18,checked
train,9999937_00000_d_0000096.txt,197,checked
train,9999937_00000_d_0000097.txt,147,checked
train,9999937_00000_d_0000098.txt,183,checked
train,9999937_00000_d_0000099.txt,57,checked
train,9999937_00000_d_0000100.txt,77,checked
train,9999937_00000_d_0000101.txt,167,checked
train,9999937_00000_d_0000102.txt,84,checked
train,9999937_00000_d_0000103.txt,55,checked
train,9999937_00000_d_0000104.txt,71,checked
train,9999937_00000_d_0000105.txt,24,checked
train,9999937_00000_d_0000106.txt,25,checked
train,9999937_00000_d_0000107.txt,40,checked
train,9999937_00000_d_0000108.txt,52,checked
train,9999937_00000_d_0000109.txt,65,checked
train,9999937_00000_d_0000110.txt,88,checked
train,9999937_00000_d_0000111.txt,115,checked
train,9999937_00000_d_0000112.txt,45,checked
train,9999937_00000_d_0000113.txt,103,checked
train,9999937_00000_d_0000114.txt,87,checked
train,9999937_00000_d_0000115.txt,16,checked
train,9999937_00000_d_0000116.txt,7,checked
train,9999937_00000_d_0000117.txt,11,checked
train,9999937_00000_d_0000118.txt,22,checked
train,9999937_00000_d_0000119.txt,81,checked
train,9999937_00000_d_0000120.txt,49,checked
train,9999937_00000_d_0000121.txt,34,checked
train,9999937_00000_d_0000122.txt,52,checked
train,9999937_00000_d_0000123.txt,75,checked
train,9999937_00000_d_0000124.txt,94,checked
train,9999937_00000_d_0000125.txt,105,checked
train,9999937_00000_d_0000126.txt,150,checked
train,9999937_00000_d_0000127.txt,179,checked
train,9999937_00000_d_0000128.txt,82,checked
train,9999937_00000_d_0000129.txt,83,checked
train,9999937_00000_d_0000130.txt,140,checked
train,9999937_00000_d_0000131.txt,100,checked
train,9999937_00000_d_0000132.txt,216,checked
train,9999937_00000_d_0000133.txt,106,checked
train,9999937_00000_d_0000134.txt,120,checked
train,9999937_00000_d_0000135.txt,43,checked
train,9999937_00000_d_0000136.txt,21,checked
train,9999937_00000_d_0000137.txt,13,checked
train,9999937_00000_d_0000138.txt,31,checked
train,9999937_00000_d_0000139.txt,24,checked
train,9999937_00000_d_0000140.txt,48,checked
train,9999937_00000_d_0000141.txt,74,checked
train,9999937_00000_d_0000142.txt,180,checked
train,9999937_00000_d_0000143.txt,189,checked
train,9999937_00000_d_0000144.txt,67,checked
train,9999937_00000_d_0000145.txt,161,checked
train,9999937_00000_d_0000146.txt,163,checked
train,9999937_00000_d_0000147.txt,62,checked
train,9999937_00000_d_0000148.txt,129,checked
train,9999937_00000_d_0000149.txt,30,checked
train,9999937_00000_d_0000150.txt,12,checked
train,9999937_00000_d_0000151.txt,16,checked
train,9999937_00000_d_0000152.txt,16,checked
train,9999937_00000_d_0000153.txt,19,checked
train,9999937_00000_d_0000154.txt,18,checked
train,9999937_00000_d_0000155.txt,68,checked
train,9999937_00000_d_0000156.txt,80,checked
train,9999937_00000_d_0000157.txt,87,checked
train,9999937_00000_d_0000158.txt,28,checked
train,9999937_00000_d_0000159.txt,56,checked
train,9999937_00000_d_0000160.txt,109,checked
train,9999937_00000_d_0000161.txt,28,checked
train,9999937_00000_d_0000162.txt,30,checked
train,9999937_00000_d_0000163.txt,78,checked
train,9999937_00000_d_0000164.txt,24,checked
train,9999937_00000_d_0000165.txt,18,checked
train,9999937_00000_d_0000166.txt,17,checked
train,9999937_00000_d_0000167.txt,35,checked
train,9999937_00000_d_0000168.txt,33,checked
train,9999937_00000_d_0000169.txt,21,checked
train,9999937_00000_d_0000170.txt,17,checked
train,9999937_00000_d_0000171.txt,29,checked
train,9999937_00000_d_0000172.txt,7,checked
train,9999937_00000_d_0000173.txt,13,checked
train,9999937_00000_d_0000174.txt,15,checked
train,9999937_00000_d_0000175.txt,12,checked
train,9999937_00000_d_0000176.txt,23,checked
train,9999937_00000_d_0000177.txt,78,checked
train,9999937_00000_d_0000178.txt,82,checked
train,9999937_00000_d_0000179.txt,108,checked
train,9999937_00000_d_0000180.txt,62,checked
train,9999937_00000_d_0000181.txt,97,checked
train,9999937_00000_d_0000182.txt,109,checked
train,9999937_00000_d_0000183.txt,12,checked
train,9999937_00000_d_0000184.txt,43,checked
train,9999937_00000_d_0000185.txt,32,checked
train,9999937_00000_d_0000186.txt,42,checked
train,9999937_00000_d_0000187.txt,55,checked
train,9999937_00000_d_0000188.txt,38,checked
train,9999937_00000_d_0000189.txt,214,checked
train,9999937_00000_d_0000190.txt,178,checked
train,9999937_00000_d_0000191.txt,119,checked
train,9999937_00000_d_0000192.txt,163,checked
train,9999937_00000_d_0000193.txt,10,checked
train,9999937_00000_d_0000194.txt,14,checked
train,9999937_00000_d_0000195.txt,73,checked
train,9999937_00000_d_0000196.txt,60,checked
train,9999937_00000_d_0000197.txt,31,checked
train,9999937_00000_d_0000198.txt,72,checked
train,9999937_00000_d_0000199.txt,69,checked
train,9999937_00000_d_0000200.txt,15,checked
train,9999937_00000_d_0000201.txt,54,checked
train,9999937_00000_d_0000202.txt,84,checked
train,9999937_00000_d_0000203.txt,17,checked
train,9999937_00000_d_0000204.txt,25,checked
train,9999937_00000_d_0000205.txt,149,checked
train,9999937_00000_d_0000206.txt,36,checked
train,9999937_00000_d_0000207.txt,106,checked
train,9999937_00000_d_0000208.txt,64,checked
train,9999937_00000_d_0000209.txt,26,checked
train,9999937_00000_d_0000210.txt,17,checked
train,9999937_00000_d_0000211.txt,101,checked
train,9999937_00000_d_0000212.txt,122,checked
train,9999937_00000_d_0000213.txt,86,checked
train,9999937_00000_d_0000214.txt,151,checked
train,9999937_00000_d_0000215.txt,64,checked
train,9999937_00000_d_0000216.txt,131,checked
train,9999937_00000_d_0000217.txt,91,checked
train,9999937_00000_d_0000218.txt,78,checked
train,9999937_00000_d_0000219.txt,59,checked
train,9999937_00000_d_0000220.txt,16,checked
train,9999937_00000_d_0000221.txt,60,checked
train,9999937_00000_d_0000222.txt,84,checked
train,9999937_00000_d_0000223.txt,22,checked
train,9999937_00000_d_0000224.txt,97,checked
train,9999937_00000_d_0000225.txt,62,checked
train,9999937_00000_d_0000226.txt,38,checked
train,9999937_00000_d_0000227.txt,23,checked
train,9999937_00000_d_0000228.txt,107,checked
train,9999940_00000_d_0000001.txt,68,checked
train,9999940_00000_d_0000002.txt,88,checked
train,9999940_00000_d_0000003.txt,83,checked
train,9999940_00000_d_0000004.txt,93,checked
train,9999940_00000_d_0000005.txt,106,checked
train,9999940_00000_d_0000006.txt,37,checked
train,9999940_00000_d_0000007.txt,49,checked
train,9999940_00000_d_0000008.txt,56,checked
train,9999940_00000_d_0000009.txt,123,checked
train,9999940_00000_d_0000010.txt,77,checked
train,9999940_00000_d_0000011.txt,42,checked
train,9999940_00000_d_0000012.txt,52,checked
train,9999940_00000_d_0000013.txt,48,checked
train,9999940_00000_d_0000014.txt,39,checked
train,9999940_00000_d_0000015.txt,28,checked
train,9999940_00000_d_0000016.txt,53,checked
train,9999940_00000_d_0000017.txt,18,checked
train,9999940_00000_d_0000018.txt,8,checked
train,9999940_00000_d_0000019.txt,20,checked
train,9999940_00000_d_0000020.txt,51,checked
train,9999940_00000_d_0000021.txt,29,checked
train,9999940_00000_d_0000022.txt,53,checked
train,9999940_00000_d_0000023.txt,24,checked
train,9999940_00000_d_0000024.txt,19,checked
train,9999940_00000_d_0000025.txt,39,checked
train,9999940_00000_d_0000026.txt,50,checked
train,9999940_00000_d_0000027.txt,19,checked
train,9999940_00000_d_0000028.txt,103,checked
train,9999940_00000_d_0000029.txt,47,checked
train,9999940_00000_d_0000030.txt,37,checked
train,9999940_00000_d_0000031.txt,56,checked
train,9999940_00000_d_0000032.txt,61,checked
train,9999940_00000_d_0000033.txt,27,checked
train,9999940_00000_d_0000034.txt,58,checked
train,9999940_00000_d_0000035.txt,47,checked
train,9999940_00000_d_0000036.txt,32,checked
train,9999940_00000_d_0000037.txt,32,checked
train,9999940_00000_d_0000038.txt,31,checked
train,9999940_00000_d_0000039.txt,47,checked
train,9999940_00000_d_0000040.txt,32,checked
train,9999940_00000_d_0000041.txt,94,checked
train,9999940_00000_d_0000042.txt,114,checked
train,9999940_00000_d_0000043.txt,111,checked
train,9999940_00000_d_0000044.txt,106,checked
train,9999940_00000_d_0000045.txt,39,checked
train,9999940_00000_d_0000046.txt,62,checked
train,9999940_00000_d_0000047.txt,104,checked
train,9999940_00000_d_0000048.txt,27,checked
train,9999940_00000_d_0000049.txt,70,checked
train,9999940_00000_d_0000050.txt,28,checked
train,9999940_00000_d_0000051.txt,44,checked
train,9999940_00000_d_0000052.txt,59,checked
train,9999940_00000_d_0000053.txt,97,checked
train,9999940_00000_d_0000054.txt,71,checked
train,9999940_00000_d_0000055.txt,190,checked
train,9999940_00000_d_0000056.txt,160,checked
train,9999940_00000_d_0000057.txt,107,checked
train,9999940_00000_d_0000058.txt,152,checked
train,9999940_00000_d_0000059.txt,84,checked
train,9999940_00000_d_0000060.txt,51,checked
train,9999940_00000_d_0000061.txt,73,checked
train,9999940_00000_d_0000062.txt,100,checked
train,9999940_00000_d_0000063.txt,15,checked
train,9999940_00000_d_0000064.txt,20,checked
train,9999940_00000_d_0000065.txt,97,checked
train,9999940_00000_d_0000066.txt,17,checked
train,9999940_00000_d_0000067.txt,30,checked
train,9999940_00000_d_0000068.txt,58,checked
train,9999940_00000_d_0000069.txt,51,checked
train,9999940_00000_d_0000070.txt,15,checked
train,9999940_00000_d_0000071.txt,36,checked
train,9999940_00000_d_0000072.txt,22,checked
train,9999940_00000_d_0000073.txt,33,checked
train,9999940_00000_d_0000074.txt,48,checked
train,9999940_00000_d_0000075.txt,46,checked
train,9999940_00000_d_0000076.txt,60,checked
train,9999940_00000_d_0000077.txt,29,checked
train,9999940_00000_d_0000078.txt,30,checked
train,9999940_00000_d_0000079.txt,22,checked
train,9999940_00000_d_0000080.txt,26,checked
train,9999940_00000_d_0000081.txt,29,checked
train,9999940_00000_d_0000082.txt,103,checked
train,9999940_00000_d_0000083.txt,11,checked
train,9999940_00000_d_0000084.txt,23,checked
train,9999940_00000_d_0000085.txt,41,checked
train,9999940_00000_d_0000086.txt,91,checked
train,9999940_00000_d_0000087.txt,68,checked
train,9999940_00000_d_0000088.txt,68,checked
train,9999940_00000_d_0000089.txt,75,checked
train,9999940_00000_d_0000090.txt,82,checked
train,9999940_00000_d_0000091.txt,35,checked
train,9999940_00000_d_0000092.txt,42,checked
train,9999940_00000_d_0000093.txt,23,checked
train,9999940_00000_d_0000094.txt,15,checked
train,9999940_00000_d_0000095.txt,38,checked
train,9999940_00000_d_0000096.txt,77,checked
train,9999940_00000_d_0000097.txt,30,checked
train,9999940_00000_d_0000098.txt,21,checked
train,9999940_00000_d_0000099.txt,21,checked
train,9999940_00000_d_0000100.txt,8,checked
train,9999940_00000_d_0000101.txt,6,checked
train,9999942_00000_d_0000001.txt,50,checked
train,9999942_00000_d_0000002.txt,69,checked
train,9999942_00000_d_0000003.txt,43,checked
train,9999942_00000_d_0000004.txt,37,checked
train,9999942_00000_d_0000005.txt,55,checked
train,9999942_00000_d_0000006.txt,38,checked
train,9999942_00000_d_0000007.txt,53,checked
train,9999942_00000_d_0000008.txt,54,checked
train,9999942_00000_d_0000009.txt,61,checked
train,9999942_00000_d_0000010.txt,20,checked
train,9999942_00000_d_0000011.txt,44,checked
train,9999942_00000_d_0000012.txt,54,checked
train,9999942_00000_d_0000013.txt,40,checked
train,9999942_00000_d_0000014.txt,16,checked
train,9999942_00000_d_0000015.txt,24,checked
train,9999942_00000_d_0000016.txt,35,checked
train,9999942_00000_d_0000017.txt,52,checked
train,9999942_00000_d_0000018.txt,27,checked
train,9999942_00000_d_0000019.txt,37,checked
train,9999942_00000_d_0000020.txt,34,checked
train,9999942_00000_d_0000021.txt,16,checked
train,9999942_00000_d_0000022.txt,21,checked
train,9999942_00000_d_0000023.txt,22,checked
train,9999942_00000_d_0000024.txt,19,checked
train,9999942_00000_d_0000025.txt,22,checked
train,9999942_00000_d_0000026.txt,27,checked
train,9999942_00000_d_0000027.txt,28,checked
train,9999942_00000_d_0000028.txt,24,checked
train,9999942_00000_d_0000029.txt,27,checked
train,9999942_00000_d_0000030.txt,27,checked
train,9999942_00000_d_0000031.txt,33,checked
train,9999942_00000_d_0000032.txt,34,checked
train,9999942_00000_d_0000033.txt,37,checked
train,9999942_00000_d_0000034.txt,35,checked
train,9999942_00000_d_0000035.txt,29,checked
train,9999942_00000_d_0000036.txt,32,checked
train,9999942_00000_d_0000037.txt,34,checked
train,9999942_00000_d_0000038.txt,25,checked
train,9999942_00000_d_0000039.txt,31,checked
train,9999942_00000_d_0000040.txt,32,checked
train,9999942_00000_d_0000041.txt,50,checked
train,9999942_00000_d_0000042.txt,63,checked
train,9999942_00000_d_0000043.txt,44,checked
train,9999942_00000_d_0000044.txt,32,checked
train,9999942_00000_d_0000045.txt,40,checked
train,9999942_00000_d_0000046.txt,42,checked
train,9999942_00000_d_0000047.txt,52,checked
train,9999942_00000_d_0000048.txt,15,checked
train,9999942_00000_d_0000049.txt,51,checked
train,9999942_00000_d_0000050.txt,54,checked
train,9999942_00000_d_0000051.txt,41,checked
train,9999942_00000_d_0000052.txt,47,checked
train,9999942_00000_d_0000053.txt,41,checked
train,9999942_00000_d_0000054.txt,17,checked
train,9999942_00000_d_0000055.txt,19,checked
train,9999942_00000_d_0000056.txt,3,checked
train,9999942_00000_d_0000057.txt,11,checked
train,9999942_00000_d_0000058.txt,23,checked
train,9999942_00000_d_0000059.txt,37,checked
train,9999942_00000_d_0000060.txt,62,checked
train,9999942_00000_d_0000061.txt,83,checked
train,9999942_00000_d_0000062.txt,72,checked
train,9999942_00000_d_0000063.txt,59,checked
train,9999942_00000_d_0000064.txt,74,checked
train,9999942_00000_d_0000065.txt,77,checked
train,9999942_00000_d_0000066.txt,89,checked
train,9999942_00000_d_0000067.txt,119,checked
train,9999942_00000_d_0000068.txt,89,checked
train,9999942_00000_d_0000069.txt,116,checked
train,9999942_00000_d_0000070.txt,36,checked
train,9999942_00000_d_0000071.txt,35,checked
train,9999942_00000_d_0000072.txt,48,checked
train,9999942_00000_d_0000073.txt,26,checked
train,9999942_00000_d_0000074.txt,33,checked
train,9999942_00000_d_0000075.txt,41,checked
train,9999942_00000_d_0000076.txt,38,checked
train,9999942_00000_d_0000077.txt,75,checked
train,9999942_00000_d_0000078.txt,58,checked
train,9999942_00000_d_0000079.txt,51,checked
train,9999942_00000_d_0000080.txt,53,checked
train,9999942_00000_d_0000081.txt,46,checked
train,9999942_00000_d_0000082.txt,33,checked
train,9999942_00000_d_0000083.txt,31,checked
train,9999942_00000_d_0000084.txt,27,checked
train,9999942_00000_d_0000085.txt,20,checked
train,9999942_00000_d_0000086.txt,26,checked
train,9999942_00000_d_0000087.txt,38,checked
train,9999942_00000_d_0000088.txt,41,checked
train,9999942_00000_d_0000089.txt,38,checked
train,9999942_00000_d_0000090.txt,44,checked
train,9999942_00000_d_0000091.txt,29,checked
train,9999942_00000_d_0000092.txt,20,checked
train,9999942_00000_d_0000093.txt,12,checked
train,9999942_00000_d_0000094.txt,20,checked
train,9999942_00000_d_0000095.txt,22,checked
train,9999942_00000_d_0000096.txt,30,checked
train,9999942_00000_d_0000097.txt,24,checked
train,9999942_00000_d_0000098.txt,16,checked
train,9999942_00000_d_0000099.txt,27,checked
train,9999942_00000_d_0000100.txt,18,checked
train,9999942_00000_d_0000101.txt,20,checked
train,9999942_00000_d_0000102.txt,16,checked
train,9999942_00000_d_0000103.txt,13,checked
train,9999942_00000_d_0000104.txt,29,checked
train,9999942_00000_d_0000105.txt,25,checked
train,9999942_00000_d_0000106.txt,22,checked
train,9999942_00000_d_0000107.txt,20,checked
train,9999942_00000_d_0000108.txt,26,checked
train,9999942_00000_d_0000109.txt,26,checked
train,9999942_00000_d_0000110.txt,43,checked
train,9999942_00000_d_0000111.txt,28,checked
train,9999942_00000_d_0000112.txt,28,checked
train,9999942_00000_d_0000113.txt,37,checked
train,9999942_00000_d_0000114.txt,26,checked
train,9999942_00000_d_0000115.txt,42,checked
train,9999942_00000_d_0000116.txt,63,checked
train,9999942_00000_d_0000117.txt,31,checked
train,9999942_00000_d_0000118.txt,29,checked
train,9999942_00000_d_0000119.txt,33,checked
train,9999942_00000_d_0000120.txt,44,checked
train,9999942_00000_d_0000121.txt,47,checked
train,9999942_00000_d_0000122.txt,34,checked
train,9999942_00000_d_0000123.txt,29,checked
train,9999942_00000_d_0000124.txt,32,checked
train,9999942_00000_d_0000125.txt,31,checked
train,9999942_00000_d_0000126.txt,32,checked
train,9999942_00000_d_0000127.txt,29,checked
train,9999942_00000_d_0000128.txt,25,checked
train,9999942_00000_d_0000129.txt,36,checked
train,9999942_00000_d_0000130.txt,19,checked
train,9999942_00000_d_0000131.txt,31,checked
train,9999942_00000_d_0000132.txt,25,checked
train,9999942_00000_d_0000133.txt,40,checked
train,9999942_00000_d_0000134.txt,56,checked
train,9999942_00000_d_0000135.txt,50,checked
train,9999942_00000_d_0000136.txt,73,checked
train,9999942_00000_d_0000137.txt,100,checked
train,9999942_00000_d_0000138.txt,113,checked
train,9999942_00000_d_0000139.txt,137,checked
train,9999942_00000_d_0000140.txt,166,checked
train,9999942_00000_d_0000141.txt,118,checked
train,9999942_00000_d_0000142.txt,102,checked
train,9999942_00000_d_0000143.txt,87,checked
train,9999942_00000_d_0000144.txt,78,checked
train,9999942_00000_d_0000145.txt,77,checked
train,9999942_00000_d_0000146.txt,69,checked
train,9999942_00000_d_0000147.txt,60,checked
train,9999942_00000_d_0000148.txt,62,checked
train,9999942_00000_d_0000149.txt,64,checked
train,9999942_00000_d_0000150.txt,34,checked
train,9999942_00000_d_0000151.txt,50,checked
train,9999942_00000_d_0000152.txt,56,checked
train,9999942_00000_d_0000153.txt,69,checked
train,9999942_00000_d_0000154.txt,61,checked
train,9999942_00000_d_0000155.txt,54,checked
train,9999942_00000_d_0000156.txt,41,checked
train,9999942_00000_d_0000157.txt,56,checked
train,9999942_00000_d_0000158.txt,36,checked
train,9999942_00000_d_0000159.txt,19,checked
train,9999942_00000_d_0000160.txt,24,checked
train,9999942_00000_d_0000161.txt,26,checked
train,9999942_00000_d_0000162.txt,40,checked
train,9999942_00000_d_0000163.txt,34,checked
train,9999942_00000_d_0000164.txt,18,checked
train,9999942_00000_d_0000165.txt,34,checked
train,9999942_00000_d_0000166.txt,39,checked
train,9999942_00000_d_0000167.txt,73,checked
train,9999942_00000_d_0000168.txt,73,checked
train,9999942_00000_d_0000169.txt,82,checked
train,9999942_00000_d_0000170.txt,56,checked
train,9999942_00000_d_0000171.txt,38,checked
train,9999942_00000_d_0000172.txt,26,checked
train,9999942_00000_d_0000173.txt,51,checked
train,9999942_00000_d_0000174.txt,76,checked
train,9999942_00000_d_0000175.txt,14,checked
train,9999942_00000_d_0000176.txt,83,checked
train,9999942_00000_d_0000177.txt,52,checked
train,9999942_00000_d_0000178.txt,34,checked
train,9999942_00000_d_0000179.txt,36,checked
train,9999942_00000_d_0000180.txt,16,checked
train,9999942_00000_d_0000181.txt,24,checked
train,9999942_00000_d_0000182.txt,50,checked
train,9999942_00000_d_0000183.txt,81,checked
train,9999942_00000_d_0000184.txt,85,checked
train,9999942_00000_d_0000185.txt,56,checked
train,9999942_00000_d_0000186.txt,69,checked
train,9999942_00000_d_0000187.txt,95,checked
train,9999942_00000_d_0000188.txt,38,checked
train,9999942_00000_d_0000189.txt,38,checked
train,9999942_00000_d_0000190.txt,36,checked
train,9999942_00000_d_0000191.txt,35,checked
train,9999942_00000_d_0000192.txt,47,checked
train,9999942_00000_d_0000193.txt,35,checked
train,9999942_00000_d_0000194.txt,35,checked
train,9999942_00000_d_0000195.txt,45,checked
train,9999942_00000_d_0000196.txt,46,checked
train,9999942_00000_d_0000197.txt,41,checked
train,9999942_00000_d_0000198.txt,35,checked
train,9999942_00000_d_0000199.txt,48,checked
train,9999942_00000_d_0000200.txt,50,checked
train,9999942_00000_d_0000201.txt,55,checked
train,9999942_00000_d_0000202.txt,41,checked
train,9999942_00000_d_0000203.txt,57,checked
train,9999942_00000_d_0000204.txt,65,checked
train,9999942_00000_d_0000205.txt,68,checked
train,9999942_00000_d_0000206.txt,39,checked
train,9999942_00000_d_0000207.txt,36,checked
train,9999942_00000_d_0000208.txt,31,checked
train,9999942_00000_d_0000209.txt,30,checked
train,9999942_00000_d_0000210.txt,31,checked
train,9999942_00000_d_0000211.txt,38,checked
train,9999942_00000_d_0000212.txt,56,checked
train,9999942_00000_d_0000213.txt,49,checked
train,9999942_00000_d_0000214.txt,41,checked
train,9999942_00000_d_0000215.txt,37,checked
train,9999942_00000_d_0000216.txt,39,checked
train,9999942_00000_d_0000217.txt,29,checked
train,9999942_00000_d_0000218.txt,29,checked
train,9999942_00000_d_0000219.txt,29,checked
train,9999942_00000_d_0000220.txt,35,checked
train,9999942_00000_d_0000221.txt,39,checked
train,9999942_00000_d_0000222.txt,45,checked
train,9999942_00000_d_0000223.txt,42,checked
train,9999942_00000_d_0000224.txt,34,checked
train,9999942_00000_d_0000225.txt,28,checked
train,9999942_00000_d_0000226.txt,33,checked
train,9999942_00000_d_0000227.txt,37,checked
train,9999942_00000_d_0000228.txt,33,checked
train,9999942_00000_d_0000229.txt,34,checked
train,9999942_00000_d_0000230.txt,36,checked
train,9999942_00000_d_0000231.txt,36,checked
train,9999942_00000_d_0000232.txt,19,checked
train,9999942_00000_d_0000233.txt,26,checked
train,9999942_00000_d_0000234.txt,28,checked
train,9999942_00000_d_0000235.txt,28,checked
train,9999942_00000_d_0000236.txt,33,checked
train,9999942_00000_d_0000237.txt,32,checked
train,9999942_00000_d_0000238.txt,39,checked
train,9999942_00000_d_0000239.txt,36,checked
train,9999942_00000_d_0000240.txt,45,checked
train,9999942_00000_d_0000241.txt,48,checked
train,9999942_00000_d_0000242.txt,30,checked
train,9999942_00000_d_0000243.txt,45,checked
train,9999942_00000_d_0000244.txt,28,checked
train,9999942_00000_d_0000245.txt,31,checked
train,9999942_00000_d_0000246.txt,30,checked
train,9999942_00000_d_0000247.txt,34,checked
train,9999942_00000_d_0000248.txt,35,checked
train,9999942_00000_d_0000249.txt,33,checked
train,9999942_00000_d_0000250.txt,29,checked
train,9999942_00000_d_0000251.txt,47,checked
train,9999942_00000_d_0000252.txt,55,checked
train,9999942_00000_d_0000253.txt,49,checked
train,9999942_00000_d_0000254.txt,55,checked
train,9999942_00000_d_0000255.txt,40,checked
train,9999942_00000_d_0000256.txt,34,checked
train,9999942_00000_d_0000257.txt,30,checked
train,9999942_00000_d_0000258.txt,16,checked
train,9999942_00000_d_0000259.txt,12,checked
train,9999942_00000_d_0000260.txt,13,checked
train,9999942_00000_d_0000261.txt,13,checked
train,9999942_00000_d_0000262.txt,15,checked
train,9999942_00000_d_0000263.txt,22,checked
train,9999942_00000_d_0000264.txt,29,checked
train,9999942_00000_d_0000265.txt,27,checked
train,9999942_00000_d_0000266.txt,21,checked
train,9999942_00000_d_0000267.txt,12,checked
train,9999942_00000_d_0000268.txt,19,checked
train,9999942_00000_d_0000269.txt,16,checked
train,9999942_00000_d_0000270.txt,11,checked
train,9999943_00000_d_0000001.txt,22,checked
train,9999943_00000_d_0000002.txt,39,checked
train,9999943_00000_d_0000003.txt,73,checked
train,9999943_00000_d_0000004.txt,21,checked
train,9999943_00000_d_0000005.txt,21,checked
train,9999943_00000_d_0000006.txt,44,checked
train,9999943_00000_d_0000007.txt,21,checked
train,9999943_00000_d_0000008.txt,33,checked
train,9999943_00000_d_0000009.txt,82,checked
train,9999943_00000_d_0000010.txt,89,checked
train,9999943_00000_d_0000011.txt,53,checked
train,9999943_00000_d_0000012.txt,54,checked
train,9999943_00000_d_0000013.txt,88,checked
train,9999943_00000_d_0000014.txt,44,checked
train,9999943_00000_d_0000015.txt,37,checked
train,9999943_00000_d_0000016.txt,51,checked
train,9999943_00000_d_0000017.txt,53,checked
train,9999943_00000_d_0000018.txt,81,checked
train,9999943_00000_d_0000019.txt,94,checked
train,9999943_00000_d_0000020.txt,81,checked
train,9999943_00000_d_0000021.txt,63,checked
train,9999943_00000_d_0000022.txt,51,checked
train,9999943_00000_d_0000023.txt,52,checked
train,9999943_00000_d_0000024.txt,50,checked
train,9999943_00000_d_0000025.txt,61,checked
train,9999943_00000_d_0000026.txt,52,checked
train,9999943_00000_d_0000027.txt,78,checked
train,9999943_00000_d_0000028.txt,91,checked
train,9999943_00000_d_0000029.txt,57,checked
train,9999943_00000_d_0000030.txt,65,checked
train,9999943_00000_d_0000031.txt,62,checked
train,9999943_00000_d_0000032.txt,54,checked
train,9999943_00000_d_0000033.txt,45,checked
train,9999943_00000_d_0000034.txt,40,checked
train,9999943_00000_d_0000035.txt,26,checked
train,9999943_00000_d_0000036.txt,31,checked
train,9999943_00000_d_0000037.txt,41,checked
train,9999943_00000_d_0000038.txt,43,checked
train,9999943_00000_d_0000039.txt,43,checked
train,9999943_00000_d_0000040.txt,42,checked
train,9999943_00000_d_0000041.txt,27,checked
train,9999943_00000_d_0000042.txt,30,checked
train,9999943_00000_d_0000043.txt,77,checked
train,9999943_00000_d_0000044.txt,70,checked
train,9999943_00000_d_0000045.txt,53,checked
train,9999943_00000_d_0000046.txt,205,checked
train,9999943_00000_d_0000047.txt,197,checked
train,9999943_00000_d_0000048.txt,266,checked
train,9999943_00000_d_0000049.txt,351,checked
train,9999943_00000_d_0000050.txt,161,checked
train,9999943_00000_d_0000051.txt,88,checked
train,9999943_00000_d_0000052.txt,55,checked
train,9999943_00000_d_0000053.txt,78,checked
train,9999943_00000_d_0000054.txt,70,checked
train,9999943_00000_d_0000055.txt,54,checked
train,9999943_00000_d_0000056.txt,58,checked
train,9999943_00000_d_0000057.txt,49,checked
train,9999943_00000_d_0000058.txt,91,checked
train,9999943_00000_d_0000059.txt,65,checked
train,9999943_00000_d_0000060.txt,32,checked
train,9999943_00000_d_0000061.txt,22,checked
train,9999943_00000_d_0000062.txt,36,checked
train,9999943_00000_d_0000063.txt,55,checked
train,9999943_00000_d_0000064.txt,36,checked
train,9999943_00000_d_0000065.txt,26,checked
train,9999943_00000_d_0000066.txt,19,checked
train,9999943_00000_d_0000067.txt,70,checked
train,9999943_00000_d_0000068.txt,62,checked
train,9999943_00000_d_0000069.txt,82,checked
train,9999943_00000_d_0000070.txt,65,checked
train,9999943_00000_d_0000071.txt,66,checked
train,9999943_00000_d_0000072.txt,67,checked
train,9999943_00000_d_0000073.txt,59,checked
train,9999943_00000_d_0000074.txt,70,checked
train,9999943_00000_d_0000075.txt,73,checked
train,9999943_00000_d_0000076.txt,54,checked
train,9999943_00000_d_0000077.txt,34,checked
train,9999943_00000_d_0000078.txt,35,checked
train,9999943_00000_d_0000079.txt,42,checked
train,9999943_00000_d_0000080.txt,28,checked
train,9999943_00000_d_0000081.txt,34,checked
train,9999943_00000_d_0000082.txt,21,checked
train,9999943_00000_d_0000083.txt,26,checked
train,9999943_00000_d_0000084.txt,28,checked
train,9999943_00000_d_0000085.txt,28,checked
train,9999943_00000_d_0000086.txt,35,checked
train,9999943_00000_d_0000087.txt,35,checked
train,9999943_00000_d_0000088.txt,29,checked
train,9999943_00000_d_0000089.txt,28,checked
train,9999943_00000_d_0000090.txt,24,checked
train,9999943_00000_d_0000091.txt,28,checked
train,9999943_00000_d_0000092.txt,21,checked
train,9999945_00000_d_0000001.txt,20,checked
train,9999945_00000_d_0000002.txt,92,checked
train,9999945_00000_d_0000003.txt,74,checked
train,9999945_00000_d_0000004.txt,178,checked
train,9999945_00000_d_0000005.txt,48,checked
train,9999945_00000_d_0000006.txt,25,checked
train,9999945_00000_d_0000007.txt,22,checked
train,9999945_00000_d_0000008.txt,19,checked
train,9999945_00000_d_0000009.txt,12,checked
train,9999945_00000_d_0000010.txt,50,checked
train,9999945_00000_d_0000011.txt,28,checked
train,9999945_00000_d_0000012.txt,28,checked
train,9999945_00000_d_0000013.txt,123,checked
train,9999945_00000_d_0000014.txt,16,checked
train,9999945_00000_d_0000015.txt,8,checked
train,9999945_00000_d_0000016.txt,33,checked
train,9999945_00000_d_0000017.txt,17,checked
train,9999945_00000_d_0000018.txt,12,checked
train,9999945_00000_d_0000019.txt,14,checked
train,9999945_00000_d_0000020.txt,29,checked
train,9999945_00000_d_0000021.txt,16,checked
train,9999945_00000_d_0000022.txt,36,checked
train,9999945_00000_d_0000023.txt,78,checked
train,9999945_00000_d_0000024.txt,43,checked
train,9999945_00000_d_0000025.txt,13,checked
train,9999945_00000_d_0000026.txt,24,checked
train,9999945_00000_d_0000027.txt,4,checked
train,9999945_00000_d_0000028.txt,35,checked
train,9999945_00000_d_0000029.txt,7,checked
train,9999945_00000_d_0000030.txt,26,checked
train,9999945_00000_d_0000031.txt,14,checked
train,9999945_00000_d_0000032.txt,19,checked
train,9999945_00000_d_0000033.txt,49,checked
train,9999945_00000_d_0000034.txt,41,checked
train,9999945_00000_d_0000035.txt,30,checked
train,9999945_00000_d_0000036.txt,78,checked
train,9999945_00000_d_0000037.txt,66,checked
train,9999945_00000_d_0000038.txt,78,checked
train,9999945_00000_d_0000039.txt,48,checked
train,9999945_00000_d_0000040.txt,35,checked
train,9999945_00000_d_0000041.txt,104,checked
train,9999945_00000_d_0000042.txt,54,checked
train,9999945_00000_d_0000043.txt,51,checked
train,9999945_00000_d_0000044.txt,55,checked
train,9999945_00000_d_0000045.txt,67,checked
train,9999945_00000_d_0000046.txt,19,checked
train,9999945_00000_d_0000047.txt,8,checked
train,9999945_00000_d_0000048.txt,61,checked
train,9999945_00000_d_0000049.txt,22,checked
train,9999945_00000_d_0000050.txt,57,checked
train,9999945_00000_d_0000051.txt,38,checked
train,9999945_00000_d_0000052.txt,45,checked
train,9999945_00000_d_0000053.txt,44,checked
train,9999945_00000_d_0000054.txt,36,checked
train,9999945_00000_d_0000055.txt,23,checked
train,9999945_00000_d_0000056.txt,44,checked
train,9999945_00000_d_0000057.txt,49,checked
train,9999945_00000_d_0000058.txt,82,checked
train,9999945_00000_d_0000059.txt,63,checked
train,9999945_00000_d_0000060.txt,62,checked
train,9999945_00000_d_0000061.txt,85,checked
train,9999945_00000_d_0000062.txt,80,checked
train,9999945_00000_d_0000063.txt,34,checked
train,9999945_00000_d_0000064.txt,37,checked
train,9999945_00000_d_0000065.txt,92,checked
train,9999945_00000_d_0000066.txt,36,checked
train,9999945_00000_d_0000067.txt,67,checked
train,9999945_00000_d_0000068.txt,67,checked
train,9999945_00000_d_0000069.txt,57,checked
train,9999945_00000_d_0000070.txt,52,checked
train,9999945_00000_d_0000071.txt,11,checked
train,9999945_00000_d_0000072.txt,32,checked
train,9999945_00000_d_0000073.txt,36,checked
train,9999945_00000_d_0000074.txt,85,checked
train,9999945_00000_d_0000075.txt,74,checked
train,9999945_00000_d_0000076.txt,48,checked
train,9999945_00000_d_0000077.txt,87,checked
train,9999945_00000_d_0000078.txt,47,checked
train,9999945_00000_d_0000079.txt,43,checked
train,9999945_00000_d_0000080.txt,32,checked
train,9999945_00000_d_0000081.txt,52,checked
train,9999945_00000_d_0000082.txt,60,checked
train,9999945_00000_d_0000083.txt,72,checked
train,9999945_00000_d_0000084.txt,43,checked
train,9999945_00000_d_0000085.txt,28,checked
train,9999945_00000_d_0000086.txt,24,checked
train,9999945_00000_d_0000087.txt,32,checked
train,9999945_00000_d_0000088.txt,30,checked
train,9999945_00000_d_0000089.txt,11,checked
train,9999945_00000_d_0000090.txt,60,checked
train,9999945_00000_d_0000091.txt,51,checked
train,9999945_00000_d_0000092.txt,68,checked
train,9999945_00000_d_0000093.txt,77,checked
train,9999945_00000_d_0000094.txt,83,checked
train,9999945_00000_d_0000095.txt,13,checked
train,9999945_00000_d_0000096.txt,61,checked
train,9999945_00000_d_0000097.txt,92,checked
train,9999945_00000_d_0000098.txt,1,checked
train,9999945_00000_d_0000099.txt,40,checked
train,9999945_00000_d_0000100.txt,46,checked
train,9999945_00000_d_0000101.txt,52,checked
train,9999945_00000_d_0000102.txt,32,checked
train,9999945_00000_d_0000103.txt,79,checked
train,9999945_00000_d_0000104.txt,142,checked
train,9999945_00000_d_0000105.txt,151,checked
train,9999945_00000_d_0000106.txt,127,checked
train,9999945_00000_d_0000107.txt,26,checked
train,9999945_00000_d_0000108.txt,15,checked
train,9999945_00000_d_0000109.txt,111,checked
train,9999945_00000_d_0000110.txt,97,checked
train,9999945_00000_d_0000111.txt,70,checked
train,9999945_00000_d_0000112.txt,86,checked
train,9999945_00000_d_0000113.txt,84,checked
train,9999945_00000_d_0000114.txt,94,checked
train,9999945_00000_d_0000115.txt,50,checked
train,9999945_00000_d_0000116.txt,171,checked
train,9999945_00000_d_0000117.txt,63,checked
train,9999945_00000_d_0000118.txt,154,checked
train,9999945_00000_d_0000119.txt,255,checked
train,9999945_00000_d_0000120.txt,176,checked
train,9999945_00000_d_0000121.txt,158,checked
train,9999945_00000_d_0000122.txt,165,checked
train,9999945_00000_d_0000123.txt,148,checked
train,9999945_00000_d_0000124.txt,166,checked
train,9999945_00000_d_0000125.txt,80,checked
train,9999945_00000_d_0000126.txt,82,checked
train,9999945_00000_d_0000127.txt,91,checked
train,9999945_00000_d_0000128.txt,69,checked
train,9999945_00000_d_0000129.txt,75,checked
train,9999945_00000_d_0000130.txt,64,checked
train,9999945_00000_d_0000131.txt,59,checked
train,9999945_00000_d_0000132.txt,213,checked
train,9999945_00000_d_0000133.txt,170,checked
train,9999945_00000_d_0000134.txt,31,checked
train,9999945_00000_d_0000135.txt,104,checked
train,9999945_00000_d_0000136.txt,236,checked
train,9999945_00000_d_0000137.txt,74,checked
train,9999945_00000_d_0000138.txt,15,checked
train,9999945_00000_d_0000139.txt,54,checked
train,9999945_00000_d_0000140.txt,39,checked
train,9999945_00000_d_0000141.txt,50,checked
train,9999945_00000_d_0000142.txt,79,checked
train,9999945_00000_d_0000143.txt,32,checked
train,9999945_00000_d_0000144.txt,17,checked
train,9999945_00000_d_0000145.txt,19,checked
train,9999945_00000_d_0000146.txt,48,checked
train,9999945_00000_d_0000147.txt,44,checked
train,9999945_00000_d_0000148.txt,37,checked
train,9999945_00000_d_0000149.txt,50,checked
train,9999945_00000_d_0000150.txt,91,checked
train,9999945_00000_d_0000151.txt,21,checked
train,9999945_00000_d_0000152.txt,28,checked
train,9999945_00000_d_0000153.txt,24,checked
train,9999945_00000_d_0000154.txt,16,checked
train,9999945_00000_d_0000155.txt,21,checked
train,9999945_00000_d_0000156.txt,24,checked
train,9999945_00000_d_0000157.txt,46,checked
train,9999945_00000_d_0000158.txt,35,checked
train,9999945_00000_d_0000159.txt,8,checked
train,9999945_00000_d_0000160.txt,31,checked
train,9999945_00000_d_0000161.txt,35,checked
train,9999945_00000_d_0000162.txt,23,checked
train,9999945_00000_d_0000163.txt,9,checked
train,9999945_00000_d_0000164.txt,59,checked
train,9999945_00000_d_0000165.txt,12,checked
train,9999945_00000_d_0000166.txt,18,checked
train,9999945_00000_d_0000167.txt,17,checked
train,9999945_00000_d_0000168.txt,16,checked
train,9999945_00000_d_0000169.txt,9,checked
train,9999945_00000_d_0000170.txt,51,checked
train,9999945_00000_d_0000171.txt,48,checked
train,9999945_00000_d_0000172.txt,39,checked
train,9999945_00000_d_0000173.txt,24,checked
train,9999945_00000_d_0000174.txt,52,checked
train,9999945_00000_d_0000175.txt,16,checked
train,9999945_00000_d_0000176.txt,24,checked
train,9999945_00000_d_0000177.txt,11,checked
train,9999945_00000_d_0000178.txt,73,checked
train,9999945_00000_d_0000179.txt,42,checked
train,9999948_00000_d_0000001.txt,23,checked
train,9999948_00000_d_0000002.txt,67,checked
train,9999948_00000_d_0000003.txt,28,checked
train,9999948_00000_d_0000004.txt,31,checked
train,9999948_00000_d_0000005.txt,61,checked
train,9999948_00000_d_0000006.txt,25,checked
train,9999948_00000_d_0000007.txt,82,checked
train,9999948_00000_d_0000008.txt,60,checked
train,9999948_00000_d_0000009.txt,84,checked
train,9999948_00000_d_0000010.txt,49,checked
train,9999948_00000_d_0000011.txt,37,checked
train,9999948_00000_d_0000012.txt,75,checked
train,9999948_00000_d_0000013.txt,54,checked
train,9999948_00000_d_0000014.txt,25,checked
train,9999948_00000_d_0000015.txt,17,checked
train,9999948_00000_d_0000016.txt,68,checked
train,9999948_00000_d_0000017.txt,33,checked
train,9999948_00000_d_0000018.txt,61,checked
train,9999948_00000_d_0000019.txt,98,checked
train,9999948_00000_d_0000020.txt,81,checked
train,9999948_00000_d_0000021.txt,47,checked
train,9999948_00000_d_0000022.txt,39,checked
train,9999948_00000_d_0000023.txt,6,checked
train,9999948_00000_d_0000024.txt,9,checked
train,9999948_00000_d_0000025.txt,10,checked
train,9999948_00000_d_0000026.txt,30,checked
train,9999948_00000_d_0000027.txt,27,checked
train,9999948_00000_d_0000028.txt,15,checked
train,9999948_00000_d_0000029.txt,32,checked
train,9999948_00000_d_0000030.txt,24,checked
train,9999948_00000_d_0000031.txt,18,checked
train,9999948_00000_d_0000032.txt,30,checked
train,9999948_00000_d_0000033.txt,38,checked
train,9999948_00000_d_0000034.txt,52,checked
train,9999948_00000_d_0000035.txt,10,checked
train,9999948_00000_d_0000036.txt,14,checked
train,9999948_00000_d_0000037.txt,12,checked
train,9999948_00000_d_0000038.txt,57,checked
train,9999948_00000_d_0000039.txt,22,checked
train,9999948_00000_d_0000040.txt,54,checked
train,9999948_00000_d_0000041.txt,57,checked
train,9999950_00000_d_0000001.txt,42,checked
train,9999950_00000_d_0000002.txt,37,checked
train,9999950_00000_d_0000003.txt,35,checked
train,9999950_00000_d_0000004.txt,39,checked
train,9999950_00000_d_0000005.txt,40,checked
train,9999950_00000_d_0000006.txt,62,checked
train,9999950_00000_d_0000007.txt,36,checked
train,9999950_00000_d_0000008.txt,35,checked
train,9999950_00000_d_0000009.txt,36,checked
train,9999950_00000_d_0000010.txt,69,checked
train,9999950_00000_d_0000011.txt,17,checked
train,9999950_00000_d_0000012.txt,71,checked
train,9999950_00000_d_0000013.txt,52,checked
train,9999950_00000_d_0000014.txt,68,checked
train,9999950_00000_d_0000015.txt,15,checked
train,9999950_00000_d_0000016.txt,12,checked
train,9999950_00000_d_0000017.txt,26,checked
train,9999950_00000_d_0000018.txt,34,checked
train,9999950_00000_d_0000019.txt,26,checked
train,9999950_00000_d_0000020.txt,61,checked
train,9999950_00000_d_0000021.txt,10,checked
train,9999950_00000_d_0000022.txt,13,checked
train,9999950_00000_d_0000023.txt,19,checked
train,9999950_00000_d_0000024.txt,11,checked
train,9999950_00000_d_0000025.txt,9,checked
train,9999950_00000_d_0000026.txt,20,checked
train,9999950_00000_d_0000027.txt,27,checked
train,9999950_00000_d_0000028.txt,12,checked
train,9999950_00000_d_0000029.txt,13,checked
train,9999950_00000_d_0000030.txt,24,checked
train,9999950_00000_d_0000031.txt,15,checked
train,9999950_00000_d_0000032.txt,22,checked
train,9999950_00000_d_0000033.txt,22,checked
train,9999950_00000_d_0000034.txt,18,checked
train,9999950_00000_d_0000035.txt,20,checked
train,9999950_00000_d_0000036.txt,19,checked
train,9999950_00000_d_0000037.txt,15,checked
train,9999950_00000_d_0000038.txt,24,checked
train,9999950_00000_d_0000039.txt,25,checked
train,9999950_00000_d_0000040.txt,18,checked
train,9999950_00000_d_0000041.txt,17,checked
train,9999950_00000_d_0000042.txt,22,checked
train,9999950_00000_d_0000043.txt,27,checked
train,9999950_00000_d_0000044.txt,19,checked
train,9999950_00000_d_0000045.txt,21,checked
train,9999950_00000_d_0000046.txt,22,checked
train,9999950_00000_d_0000047.txt,42,checked
train,9999950_00000_d_0000048.txt,48,checked
train,9999950_00000_d_0000049.txt,40,checked
train,9999950_00000_d_0000050.txt,42,checked
train,9999950_00000_d_0000051.txt,27,checked
train,9999950_00000_d_0000052.txt,21,checked
train,9999950_00000_d_0000053.txt,17,checked
train,9999950_00000_d_0000054.txt,22,checked
train,9999950_00000_d_0000055.txt,15,checked
train,9999950_00000_d_0000056.txt,26,checked
train,9999950_00000_d_0000057.txt,42,checked
train,9999950_00000_d_0000058.txt,6,checked
train,9999950_00000_d_0000059.txt,13,checked
train,9999950_00000_d_0000060.txt,15,checked
train,9999950_00000_d_0000061.txt,31,checked
train,9999950_00000_d_0000062.txt,40,checked
train,9999950_00000_d_0000063.txt,34,checked
train,9999950_00000_d_0000064.txt,16,checked
train,9999950_00000_d_0000065.txt,8,checked
train,9999950_00000_d_0000066.txt,29,checked
train,9999950_00000_d_0000067.txt,25,checked
train,9999950_00000_d_0000068.txt,12,checked
train,9999950_00000_d_0000069.txt,15,checked
train,9999950_00000_d_0000070.txt,14,checked
train,9999950_00000_d_0000071.txt,23,checked
train,9999950_00000_d_0000072.txt,33,checked
train,9999950_00000_d_0000073.txt,21,checked
train,9999950_00000_d_0000074.txt,32,checked
train,9999950_00000_d_0000075.txt,16,checked
train,9999950_00000_d_0000076.txt,10,checked
train,9999950_00000_d_0000077.txt,18,checked
train,9999950_00000_d_0000078.txt,8,checked
train,9999950_00000_d_0000079.txt,9,checked
train,9999950_00000_d_0000081.txt,10,checked
train,9999950_00000_d_0000082.txt,17,checked
train,9999950_00000_d_0000083.txt,14,checked
train,9999950_00000_d_0000088.txt,79,checked
train,9999950_00000_d_0000089.txt,39,checked
train,9999950_00000_d_0000090.txt,46,checked
train,9999950_00000_d_10000080.txt,9,checked
train,9999950_00000_d_1007082.txt,38,checked
train,9999950_00000_d_1007083.txt,62,checked
train,9999950_00000_d_1007084.txt,33,checked
train,9999950_00000_d_1007223.txt,43,checked
train,9999951_00000_d_0000001.txt,28,checked
train,9999951_00000_d_0000002.txt,30,checked
train,9999951_00000_d_0000003.txt,25,checked
train,9999951_00000_d_0000004.txt,30,checked
train,9999951_00000_d_0000005.txt,30,checked
train,9999951_00000_d_0000006.txt,30,checked
train,9999951_00000_d_0000007.txt,46,checked
train,9999951_00000_d_0000008.txt,43,checked
train,9999951_00000_d_0000009.txt,69,checked
train,9999951_00000_d_0000010.txt,40,checked
train,9999951_00000_d_0000011.txt,36,checked
train,9999951_00000_d_0000012.txt,31,checked
train,9999951_00000_d_0000013.txt,20,checked
train,9999951_00000_d_0000014.txt,30,checked
train,9999951_00000_d_0000015.txt,13,checked
train,9999951_00000_d_0000016.txt,54,checked
train,9999951_00000_d_0000017.txt,52,checked
train,9999951_00000_d_0000018.txt,68,checked
train,9999951_00000_d_0000019.txt,68,checked
train,9999951_00000_d_0000020.txt,57,checked
train,9999951_00000_d_0000021.txt,77,checked
train,9999951_00000_d_0000022.txt,97,checked
train,9999951_00000_d_0000023.txt,96,checked
train,9999951_00000_d_0000024.txt,90,checked
train,9999951_00000_d_0000025.txt,61,checked
train,9999951_00000_d_0000026.txt,63,checked
train,9999951_00000_d_0000027.txt,32,checked
train,9999951_00000_d_0000028.txt,37,checked
train,9999951_00000_d_0000029.txt,39,checked
train,9999951_00000_d_0000030.txt,67,checked
train,9999951_00000_d_0000031.txt,88,checked
train,9999951_00000_d_0000032.txt,75,checked
train,9999951_00000_d_0000033.txt,71,checked
train,9999951_00000_d_0000034.txt,41,checked
train,9999951_00000_d_0000035.txt,30,checked
train,9999951_00000_d_0000036.txt,56,checked
train,9999951_00000_d_0000037.txt,39,checked
train,9999951_00000_d_0000038.txt,38,checked
train,9999951_00000_d_0000039.txt,33,checked
train,9999951_00000_d_0000040.txt,41,checked
train,9999951_00000_d_0000041.txt,33,checked
train,9999951_00000_d_0000042.txt,30,checked
train,9999951_00000_d_0000043.txt,35,checked
train,9999951_00000_d_0000044.txt,17,checked
train,9999951_00000_d_0000045.txt,21,checked
train,9999951_00000_d_0000046.txt,29,checked
train,9999951_00000_d_0000047.txt,44,checked
train,9999951_00000_d_0000048.txt,20,checked
train,9999951_00000_d_0000049.txt,22,checked
train,9999951_00000_d_0000050.txt,17,checked
train,9999951_00000_d_0000051.txt,41,checked
train,9999951_00000_d_0000052.txt,41,checked
train,9999951_00000_d_0000053.txt,42,checked
train,9999951_00000_d_0000054.txt,46,checked
train,9999951_00000_d_0000055.txt,46,checked
train,9999951_00000_d_0000056.txt,52,checked
train,9999951_00000_d_0000057.txt,50,checked
train,9999951_00000_d_0000058.txt,40,checked
train,9999951_00000_d_0000059.txt,81,checked
train,9999951_00000_d_0000060.txt,53,checked
train,9999951_00000_d_0000061.txt,45,checked
train,9999951_00000_d_0000062.txt,42,checked
train,9999951_00000_d_0000063.txt,40,checked
train,9999951_00000_d_0000064.txt,12,checked
train,9999951_00000_d_0000065.txt,31,checked
train,9999951_00000_d_0000066.txt,54,checked
train,9999951_00000_d_0000067.txt,64,checked
train,9999951_00000_d_0000068.txt,45,checked
train,9999951_00000_d_0000069.txt,63,checked
train,9999951_00000_d_0000070.txt,42,checked
train,9999951_00000_d_0000071.txt,56,checked
train,9999951_00000_d_0000072.txt,36,checked
train,9999951_00000_d_0000073.txt,20,checked
train,9999951_00000_d_0000074.txt,50,checked
train,9999951_00000_d_0000075.txt,36,checked
train,9999951_00000_d_0000076.txt,43,checked
train,9999951_00000_d_0000077.txt,44,checked
train,9999951_00000_d_0000078.txt,57,checked
train,9999951_00000_d_0000079.txt,40,checked
train,9999951_00000_d_0000080.txt,76,checked
train,9999951_00000_d_0000081.txt,37,checked
train,9999951_00000_d_0000082.txt,13,checked
train,9999951_00000_d_0000083.txt,69,checked
train,9999951_00000_d_0000084.txt,39,checked
train,9999951_00000_d_0000085.txt,40,checked
train,9999951_00000_d_0000086.txt,31,checked
train,9999951_00000_d_0000087.txt,50,checked
train,9999951_00000_d_0000088.txt,30,checked
train,9999951_00000_d_0000089.txt,39,checked
train,9999951_00000_d_0000090.txt,26,checked
train,9999951_00000_d_0000091.txt,26,checked
train,9999951_00000_d_0000092.txt,70,checked
train,9999951_00000_d_0000093.txt,26,checked
train,9999951_00000_d_0000094.txt,20,checked
train,9999951_00000_d_0000095.txt,15,checked
train,9999951_00000_d_0000096.txt,88,checked
train,9999951_00000_d_0000097.txt,5,checked
train,9999951_00000_d_0000098.txt,12,checked
train,9999951_00000_d_0000099.txt,49,checked
train,9999951_00000_d_0000100.txt,51,checked
train,9999951_00000_d_0000101.txt,73,checked
train,9999951_00000_d_0000102.txt,39,checked
train,9999951_00000_d_0000103.txt,34,checked
train,9999951_00000_d_0000104.txt,43,checked
train,9999951_00000_d_0000105.txt,8,checked
train,9999951_00000_d_0000106.txt,34,checked
train,9999951_00000_d_0000107.txt,165,checked
train,9999951_00000_d_0000108.txt,85,checked
train,9999951_00000_d_0000109.txt,93,checked
train,9999951_00000_d_0000110.txt,111,checked
train,9999951_00000_d_0000111.txt,55,checked
train,9999951_00000_d_0000112.txt,39,checked
train,9999951_00000_d_0000113.txt,40,checked
train,9999951_00000_d_0000114.txt,68,checked
train,9999951_00000_d_0000115.txt,54,checked
train,9999951_00000_d_0000116.txt,50,checked
train,9999951_00000_d_0000117.txt,57,checked
train,9999951_00000_d_0000118.txt,61,checked
train,9999951_00000_d_0000119.txt,54,checked
train,9999951_00000_d_0000120.txt,33,checked
train,9999951_00000_d_0000121.txt,42,checked
train,9999951_00000_d_0000122.txt,60,checked
train,9999951_00000_d_0000123.txt,49,checked
train,9999951_00000_d_0000124.txt,14,checked
train,9999951_00000_d_0000125.txt,49,checked
train,9999951_00000_d_0000126.txt,32,checked
train,9999951_00000_d_0000127.txt,56,checked
train,9999951_00000_d_0000128.txt,25,checked
train,9999951_00000_d_0000129.txt,21,checked
train,9999951_00000_d_0000130.txt,18,checked
train,9999951_00000_d_0000131.txt,12,checked
train,9999951_00000_d_0000132.txt,15,checked
train,9999951_00000_d_0000133.txt,6,checked
train,9999951_00000_d_0000134.txt,4,checked
train,9999951_00000_d_0000135.txt,12,checked
train,9999951_00000_d_0000136.txt,3,checked
train,9999951_00000_d_0000137.txt,11,checked
train,9999951_00000_d_0000138.txt,11,checked
train,9999951_00000_d_0000139.txt,9,checked
train,9999951_00000_d_0000140.txt,16,checked
train,9999951_00000_d_0000141.txt,16,checked
train,9999951_00000_d_0000142.txt,8,checked
train,9999951_00000_d_0000143.txt,17,checked
train,9999951_00000_d_0000144.txt,38,checked
train,9999951_00000_d_0000145.txt,56,checked
train,9999951_00000_d_0000146.txt,72,checked
train,9999951_00000_d_0000147.txt,74,checked
train,9999951_00000_d_0000148.txt,71,checked
train,9999951_00000_d_0000149.txt,51,checked
train,9999951_00000_d_0000150.txt,39,checked
train,9999951_00000_d_0000151.txt,22,checked
train,9999951_00000_d_0000152.txt,16,checked
train,9999951_00000_d_0000153.txt,6,checked
train,9999951_00000_d_0000154.txt,35,checked
train,9999951_00000_d_0000155.txt,27,checked
train,9999951_00000_d_0000156.txt,59,checked
train,9999951_00000_d_0000157.txt,89,checked
train,9999951_00000_d_0000158.txt,38,checked
train,9999951_00000_d_0000159.txt,11,checked
train,9999951_00000_d_0000160.txt,7,checked
train,9999951_00000_d_0000161.txt,12,checked
train,9999951_00000_d_0000162.txt,13,checked
train,9999951_00000_d_0000163.txt,59,checked
train,9999951_00000_d_0000164.txt,39,checked
train,9999951_00000_d_0000165.txt,24,checked
train,9999951_00000_d_0000166.txt,29,checked
train,9999951_00000_d_0000167.txt,17,checked
train,9999951_00000_d_0000168.txt,2,checked
train,9999951_00000_d_0000169.txt,40,checked
train,9999951_00000_d_0000170.txt,65,checked
train,9999951_00000_d_0000171.txt,185,checked
train,9999951_00000_d_0000172.txt,166,checked
train,9999951_00000_d_0000173.txt,58,checked
train,9999951_00000_d_0000174.txt,75,checked
train,9999951_00000_d_0000175.txt,42,checked
train,9999951_00000_d_0000176.txt,26,checked
train,9999951_00000_d_0000177.txt,53,checked
train,9999951_00000_d_0000178.txt,36,checked
train,9999951_00000_d_0000179.txt,29,checked
train,9999951_00000_d_0000180.txt,27,checked
train,9999951_00000_d_0000181.txt,24,checked
train,9999951_00000_d_0000182.txt,30,checked
train,9999951_00000_d_0000183.txt,122,checked
train,9999951_00000_d_0000184.txt,167,checked
train,9999951_00000_d_0000185.txt,104,checked
train,9999951_00000_d_0000186.txt,55,checked
train,9999951_00000_d_0000187.txt,47,checked
train,9999951_00000_d_0000188.txt,38,checked
train,9999951_00000_d_0000189.txt,22,checked
train,9999951_00000_d_0000190.txt,82,checked
train,9999951_00000_d_0000191.txt,58,checked
train,9999951_00000_d_0000192.txt,31,checked
train,9999951_00000_d_0000193.txt,29,checked
train,9999951_00000_d_0000194.txt,44,checked
train,9999951_00000_d_0000195.txt,48,checked
train,9999951_00000_d_0000196.txt,8,checked
train,9999951_00000_d_0000197.txt,13,checked
train,9999951_00000_d_0000198.txt,12,checked
train,9999951_00000_d_0000199.txt,10,checked
train,9999951_00000_d_0000200.txt,50,checked
train,9999951_00000_d_0000201.txt,99,checked
train,9999951_00000_d_0000202.txt,73,checked
train,9999951_00000_d_0000203.txt,61,checked
train,9999951_00000_d_0000204.txt,57,checked
train,9999951_00000_d_0000205.txt,45,checked
train,9999951_00000_d_0000206.txt,46,checked
train,9999951_00000_d_0000207.txt,29,checked
train,9999951_00000_d_0000208.txt,106,checked
train,9999951_00000_d_0000209.txt,61,checked
train,9999951_00000_d_0000210.txt,179,checked
train,9999951_00000_d_0000211.txt,73,checked
train,9999951_00000_d_0000212.txt,94,checked
train,9999951_00000_d_0000213.txt,12,checked
train,9999951_00000_d_0000214.txt,31,checked
train,9999951_00000_d_0000215.txt,24,checked
train,9999951_00000_d_0000216.txt,18,checked
train,9999951_00000_d_0000217.txt,41,checked
train,9999951_00000_d_0000218.txt,41,checked
train,9999951_00000_d_0000219.txt,16,checked
train,9999951_00000_d_0000220.txt,40,checked
train,9999951_00000_d_0000221.txt,37,checked
train,9999951_00000_d_0000222.txt,48,checked
train,9999951_00000_d_0000223.txt,22,checked
train,9999951_00000_d_0000224.txt,69,checked
train,9999951_00000_d_0000225.txt,63,checked
train,9999951_00000_d_0000226.txt,88,checked
train,9999951_00000_d_0000227.txt,82,checked
train,9999951_00000_d_0000228.txt,10,checked
train,9999951_00000_d_0000229.txt,55,checked
train,9999951_00000_d_0000230.txt,10,checked
train,9999951_00000_d_0000231.txt,12,checked
train,9999951_00000_d_0000232.txt,34,checked
train,9999951_00000_d_0000233.txt,112,checked
train,9999951_00000_d_0000234.txt,13,checked
train,9999951_00000_d_0000235.txt,38,checked
train,9999951_00000_d_0000236.txt,52,checked
train,9999951_00000_d_0000237.txt,10,checked
train,9999951_00000_d_0000238.txt,71,checked
train,9999951_00000_d_0000239.txt,75,checked
train,9999951_00000_d_0000240.txt,84,checked
train,9999951_00000_d_0000241.txt,16,checked
train,9999951_00000_d_0000242.txt,27,checked
train,9999951_00000_d_0000243.txt,41,checked
train,9999951_00000_d_0000244.txt,55,checked
train,9999951_00000_d_0000245.txt,10,checked
train,9999951_00000_d_0000246.txt,9,checked
train,9999951_00000_d_0000247.txt,21,checked
train,9999951_00000_d_0000248.txt,46,checked
train,9999951_00000_d_0000249.txt,32,checked
train,9999951_00000_d_0000250.txt,33,checked
train,9999951_00000_d_0000251.txt,37,checked
train,9999951_00000_d_0000252.txt,29,checked
train,9999951_00000_d_0000253.txt,29,checked
train,9999951_00000_d_0000254.txt,27,checked
train,9999951_00000_d_0000255.txt,28,checked
train,9999951_00000_d_0000256.txt,50,checked
train,9999951_00000_d_0000257.txt,43,checked
train,9999951_00000_d_0000258.txt,25,checked
train,9999951_00000_d_0000259.txt,30,checked
train,9999951_00000_d_0000260.txt,15,checked
train,9999951_00000_d_0000261.txt,17,checked
train,9999951_00000_d_0000262.txt,8,checked
train,9999951_00000_d_0000263.txt,12,checked
train,9999951_00000_d_0000264.txt,6,checked
train,9999951_00000_d_0000265.txt,11,checked
train,9999951_00000_d_0000266.txt,8,checked
train,9999951_00000_d_0000267.txt,19,checked
train,9999951_00000_d_0000268.txt,33,checked
train,9999951_00000_d_0000269.txt,54,checked
train,9999951_00000_d_0000270.txt,56,checked
train,9999951_00000_d_0000271.txt,66,checked
train,9999951_00000_d_0000272.txt,74,checked
train,9999951_00000_d_0000273.txt,74,checked
train,9999951_00000_d_0000274.txt,47,checked
train,9999951_00000_d_0000275.txt,50,checked
train,9999951_00000_d_0000276.txt,49,checked
train,9999951_00000_d_0000277.txt,44,checked
train,9999951_00000_d_0000278.txt,60,checked
train,9999951_00000_d_0000279.txt,60,checked
train,9999951_00000_d_0000280.txt,49,checked
train,9999951_00000_d_0000281.txt,54,checked
train,9999951_00000_d_0000282.txt,69,checked
train,9999951_00000_d_0000283.txt,72,checked
train,9999951_00000_d_0000284.txt,75,checked
train,9999951_00000_d_0000285.txt,58,checked
train,9999951_00000_d_0000286.txt,70,checked
train,9999951_00000_d_0000287.txt,68,checked
train,9999951_00000_d_0000288.txt,91,checked
train,9999951_00000_d_0000289.txt,69,checked
train,9999951_00000_d_0000290.txt,73,checked
train,9999951_00000_d_0000291.txt,60,checked
train,9999951_00000_d_0000292.txt,46,checked
train,9999951_00000_d_0000293.txt,28,checked
train,9999951_00000_d_0000294.txt,38,checked
train,9999951_00000_d_0000295.txt,23,checked
train,9999951_00000_d_0000296.txt,36,checked
train,9999951_00000_d_0000297.txt,51,checked
train,9999951_00000_d_0000298.txt,92,checked
train,9999951_00000_d_0000299.txt,37,checked
train,9999951_00000_d_0000300.txt,33,checked
train,9999951_00000_d_0000301.txt,97,checked
train,9999951_00000_d_0000302.txt,40,checked
train,9999951_00000_d_0000303.txt,64,checked
train,9999951_00000_d_0000304.txt,88,checked
train,9999951_00000_d_0000305.txt,23,checked
train,9999951_00000_d_0000306.txt,30,checked
train,9999951_00000_d_0000307.txt,11,checked
train,9999951_00000_d_0000308.txt,21,checked
train,9999951_00000_d_0000309.txt,28,checked
train,9999951_00000_d_0000310.txt,25,checked
train,9999951_00000_d_0000311.txt,39,checked
train,9999951_00000_d_0000312.txt,40,checked
train,9999951_00000_d_0000313.txt,40,checked
train,9999951_00000_d_0000314.txt,44,checked
train,9999951_00000_d_0000315.txt,44,checked
train,9999951_00000_d_0000316.txt,43,checked
train,9999951_00000_d_0000317.txt,45,checked
train,9999951_00000_d_0000318.txt,44,checked
train,9999951_00000_d_0000319.txt,42,checked
train,9999951_00000_d_0000320.txt,24,checked
train,9999951_00000_d_0000321.txt,30,checked
train,9999951_00000_d_0000322.txt,29,checked
train,9999951_00000_d_0000323.txt,41,checked
train,9999951_00000_d_0000324.txt,28,checked
train,9999951_00000_d_0000325.txt,24,checked
train,9999951_00000_d_0000326.txt,36,checked
train,9999951_00000_d_0000327.txt,41,checked
train,9999951_00000_d_0000328.txt,31,checked
train,9999951_00000_d_0000329.txt,19,checked
train,9999951_00000_d_0000330.txt,31,checked
train,9999951_00000_d_0000331.txt,26,checked
train,9999951_00000_d_0000332.txt,8,checked
train,9999951_00000_d_0000333.txt,24,checked
train,9999951_00000_d_0000334.txt,26,checked
train,9999953_00000_d_0000001.txt,19,checked
train,9999953_00000_d_0000002.txt,23,checked
train,9999953_00000_d_0000003.txt,4,checked
train,9999953_00000_d_0000004.txt,11,checked
train,9999953_00000_d_0000005.txt,13,checked
train,9999953_00000_d_0000006.txt,15,checked
train,9999953_00000_d_0000007.txt,21,checked
train,9999953_00000_d_0000008.txt,20,checked
train,9999953_00000_d_0000009.txt,14,checked
train,9999953_00000_d_0000010.txt,75,checked
train,9999953_00000_d_0000011.txt,9,checked
train,9999953_00000_d_0000012.txt,13,checked
train,9999953_00000_d_0000013.txt,23,checked
train,9999953_00000_d_0000014.txt,17,checked
train,9999953_00000_d_0000015.txt,23,checked
train,9999953_00000_d_0000016.txt,7,checked
train,9999953_00000_d_0000017.txt,14,checked
train,9999953_00000_d_0000018.txt,11,checked
train,9999953_00000_d_0000019.txt,4,checked
train,9999953_00000_d_0000020.txt,12,checked
train,9999953_00000_d_0000021.txt,13,checked
train,9999953_00000_d_0000022.txt,8,checked
train,9999953_00000_d_0000023.txt,7,checked
train,9999953_00000_d_0000024.txt,8,checked
train,9999953_00000_d_0000025.txt,25,checked
train,9999953_00000_d_0000026.txt,15,checked
train,9999953_00000_d_0000027.txt,15,checked
train,9999953_00000_d_0000028.txt,18,checked
train,9999953_00000_d_0000029.txt,35,checked
train,9999953_00000_d_0000030.txt,37,checked
train,9999953_00000_d_0000031.txt,25,checked
train,9999953_00000_d_0000032.txt,20,checked
train,9999953_00000_d_0000033.txt,34,checked
train,9999953_00000_d_0000034.txt,40,checked
train,9999953_00000_d_0000035.txt,39,checked
train,9999953_00000_d_0000036.txt,16,checked
train,9999953_00000_d_0000037.txt,14,checked
train,9999953_00000_d_0000038.txt,14,checked
train,9999953_00000_d_0000039.txt,12,checked
train,9999953_00000_d_0000040.txt,13,checked
train,9999953_00000_d_0000041.txt,8,checked
train,9999953_00000_d_0000042.txt,22,checked
train,9999953_00000_d_0000043.txt,19,checked
train,9999953_00000_d_0000044.txt,11,checked
train,9999953_00000_d_0000045.txt,10,checked
train,9999953_00000_d_0000046.txt,8,checked
train,9999953_00000_d_0000047.txt,27,checked
train,9999953_00000_d_0000048.txt,19,checked
train,9999953_00000_d_0000049.txt,7,checked
train,9999953_00000_d_0000050.txt,21,checked
train,9999953_00000_d_0000051.txt,12,checked
train,9999953_00000_d_0000052.txt,7,checked
train,9999953_00000_d_0000053.txt,4,checked
train,9999953_00000_d_0000054.txt,25,checked
train,9999953_00000_d_0000055.txt,11,checked
train,9999953_00000_d_0000056.txt,17,checked
train,9999953_00000_d_0000057.txt,8,checked
train,9999953_00000_d_0000058.txt,11,checked
train,9999953_00000_d_0000059.txt,12,checked
train,9999953_00000_d_0000060.txt,9,checked
train,9999953_00000_d_0000061.txt,6,checked
train,9999953_00000_d_0000062.txt,27,checked
train,9999953_00000_d_0000063.txt,12,checked
train,9999953_00000_d_0000064.txt,12,checked
train,9999953_00000_d_0000065.txt,8,checked
train,9999953_00000_d_0000066.txt,6,checked
train,9999953_00000_d_0000067.txt,9,checked
train,9999953_00000_d_0000068.txt,8,checked
train,9999953_00000_d_0000069.txt,4,checked
train,9999953_00000_d_0000070.txt,11,checked
train,9999953_00000_d_0000071.txt,7,checked
train,9999953_00000_d_0000072.txt,18,checked
train,9999953_00000_d_0000073.txt,18,checked
train,9999953_00000_d_0000074.txt,6,checked
train,9999953_00000_d_0000075.txt,24,checked
train,9999953_00000_d_0000076.txt,34,checked
train,9999953_00000_d_0000077.txt,23,checked
train,9999953_00000_d_0000078.txt,23,checked
train,9999953_00000_d_0000079.txt,19,checked
train,9999953_00000_d_0000080.txt,24,checked
train,9999953_00000_d_0000081.txt,20,checked
train,9999953_00000_d_0000082.txt,10,checked
train,9999953_00000_d_0000083.txt,16,checked
train,9999953_00000_d_0000084.txt,5,checked
train,9999953_00000_d_0000085.txt,28,checked
train,9999953_00000_d_0000086.txt,5,checked
train,9999953_00000_d_0000087.txt,9,checked
train,9999953_00000_d_0000088.txt,8,checked
train,9999953_00000_d_0000089.txt,8,checked
train,9999953_00000_d_0000090.txt,5,checked
train,9999953_00000_d_0000091.txt,6,checked
train,9999953_00000_d_0000092.txt,8,checked
train,9999953_00000_d_0000093.txt,25,checked
train,9999953_00000_d_0000094.txt,2,checked
train,9999953_00000_d_0000095.txt,12,checked
train,9999953_00000_d_0000096.txt,12,checked
train,9999953_00000_d_0000097.txt,8,checked
train,9999953_00000_d_0000098.txt,11,checked
train,9999953_00000_d_0000099.txt,13,checked
train,9999953_00000_d_0000100.txt,4,checked
train,9999953_00000_d_0000101.txt,7,checked
train,9999953_00000_d_0000102.txt,18,checked
train,9999953_00000_d_0000103.txt,18,checked
train,9999953_00000_d_0000104.txt,17,checked
train,9999953_00000_d_0000105.txt,17,checked
train,9999953_00000_d_0000106.txt,11,checked
train,9999953_00000_d_0000107.txt,20,checked
train,9999953_00000_d_0000108.txt,13,checked
train,9999953_00000_d_0000109.txt,25,checked
train,9999953_00000_d_0000110.txt,22,checked
train,9999953_00000_d_0000111.txt,8,checked
train,9999953_00000_d_0000112.txt,32,checked
train,9999953_00000_d_0000113.txt,22,checked
train,9999953_00000_d_0000114.txt,13,checked
train,9999953_00000_d_0000115.txt,14,checked
train,9999953_00000_d_0000116.txt,13,checked
train,9999953_00000_d_0000117.txt,8,checked
train,9999953_00000_d_0000118.txt,29,checked
train,9999953_00000_d_0000119.txt,5,checked
train,9999953_00000_d_0000120.txt,22,checked
train,9999953_00000_d_0000121.txt,35,checked
train,9999953_00000_d_0000122.txt,14,checked
train,9999953_00000_d_0000123.txt,28,checked
train,9999953_00000_d_0000124.txt,18,checked
train,9999953_00000_d_0000125.txt,42,checked
train,9999953_00000_d_0000126.txt,33,checked
train,9999953_00000_d_0000127.txt,32,checked
train,9999953_00000_d_0000128.txt,9,checked
train,9999953_00000_d_0000129.txt,23,checked
train,9999953_00000_d_0000130.txt,26,checked
train,9999953_00000_d_0000131.txt,34,checked
train,9999953_00000_d_0000132.txt,45,checked
train,9999953_00000_d_0000133.txt,23,checked
train,9999953_00000_d_0000134.txt,29,checked
train,9999953_00000_d_0000135.txt,21,checked
train,9999953_00000_d_0000136.txt,19,checked
train,9999953_00000_d_0000137.txt,12,checked
train,9999953_00000_d_0000138.txt,11,checked
train,9999953_00000_d_0000139.txt,10,checked
train,9999953_00000_d_0000140.txt,11,checked
train,9999953_00000_d_0000141.txt,14,checked
train,9999953_00000_d_0000142.txt,9,checked
train,9999953_00000_d_0000143.txt,9,checked
train,9999953_00000_d_0000144.txt,6,checked
train,9999953_00000_d_0000145.txt,13,checked
train,9999953_00000_d_0000146.txt,52,checked
train,9999953_00000_d_0000147.txt,32,checked
train,9999953_00000_d_0000148.txt,29,checked
train,9999953_00000_d_0000149.txt,23,checked
train,9999953_00000_d_0000150.txt,18,checked
train,9999953_00000_d_0000151.txt,13,checked
train,9999953_00000_d_0000152.txt,8,checked
train,9999953_00000_d_0000153.txt,23,checked
train,9999953_00000_d_0000154.txt,14,checked
train,9999953_00000_d_0000155.txt,31,checked
train,9999953_00000_d_0000156.txt,5,checked
train,9999953_00000_d_0000157.txt,12,checked
train,9999953_00000_d_0000158.txt,21,checked
train,9999953_00000_d_0000159.txt,7,checked
train,9999953_00000_d_0000160.txt,5,checked
train,9999953_00000_d_0000161.txt,15,checked
train,9999953_00000_d_0000162.txt,22,checked
train,9999953_00000_d_0000163.txt,16,checked
train,9999953_00000_d_0000164.txt,7,checked
train,9999953_00000_d_0000165.txt,4,checked
train,9999953_00000_d_0000166.txt,19,checked
train,9999953_00000_d_0000167.txt,13,checked
train,9999953_00000_d_0000168.txt,8,checked
train,9999953_00000_d_0000169.txt,5,checked
train,9999953_00000_d_0000170.txt,3,checked
train,9999953_00000_d_0000171.txt,7,checked
train,9999953_00000_d_0000172.txt,6,checked
train,9999953_00000_d_0000173.txt,6,checked
train,9999953_00000_d_0000174.txt,5,checked
train,9999953_00000_d_0000175.txt,4,checked
train,9999953_00000_d_0000176.txt,5,checked
train,9999953_00000_d_0000177.txt,4,checked
train,9999953_00000_d_0000178.txt,5,checked
train,9999953_00000_d_0000179.txt,5,checked
train,9999953_00000_d_0000180.txt,4,checked
train,9999953_00000_d_0000181.txt,14,checked
train,9999953_00000_d_0000182.txt,3,checked
train,9999953_00000_d_0000183.txt,23,checked
train,9999953_00000_d_0000184.txt,3,checked
train,9999953_00000_d_0000185.txt,2,checked
train,9999953_00000_d_0000186.txt,10,checked
train,9999953_00000_d_0000187.txt,5,checked
train,9999953_00000_d_0000188.txt,5,checked
train,9999953_00000_d_0000189.txt,6,checked
train,9999953_00000_d_0000190.txt,7,checked
train,9999953_00000_d_0000191.txt,17,checked
train,9999953_00000_d_0000192.txt,5,checked
train,9999953_00000_d_0000193.txt,6,checked
train,9999953_00000_d_0000194.txt,21,checked
train,9999953_00000_d_0000195.txt,9,checked
train,9999953_00000_d_0000196.txt,80,checked
train,9999953_00000_d_0000197.txt,23,checked
train,9999953_00000_d_0000198.txt,8,checked
train,9999953_00000_d_0000199.txt,11,checked
train,9999953_00000_d_0000200.txt,4,checked
train,9999953_00000_d_0000201.txt,6,checked
train,9999953_00000_d_0000202.txt,4,checked
train,9999953_00000_d_0000203.txt,1,checked
train,9999953_00000_d_0000204.txt,8,checked
train,9999953_00000_d_0000205.txt,7,checked
train,9999953_00000_d_0000206.txt,6,checked
train,9999953_00000_d_0000207.txt,3,checked
train,9999953_00000_d_0000208.txt,12,checked
train,9999953_00000_d_0000209.txt,11,checked
train,9999953_00000_d_0000210.txt,14,checked
train,9999953_00000_d_0000211.txt,6,checked
train,9999953_00000_d_0000212.txt,7,checked
train,9999953_00000_d_0000213.txt,8,checked
train,9999953_00000_d_0000214.txt,11,checked
train,9999953_00000_d_0000215.txt,9,checked
train,9999953_00000_d_0000216.txt,4,checked
train,9999953_00000_d_0000217.txt,11,checked
train,9999953_00000_d_0000218.txt,38,checked
train,9999953_00000_d_0000219.txt,6,checked
train,9999953_00000_d_0000220.txt,8,checked
train,9999953_00000_d_0000221.txt,12,checked
train,9999953_00000_d_0000222.txt,11,checked
train,9999953_00000_d_0000223.txt,14,checked
train,9999953_00000_d_0000224.txt,10,checked
train,9999953_00000_d_0000225.txt,8,checked
train,9999953_00000_d_0000226.txt,20,checked
train,9999953_00000_d_0000227.txt,9,checked
train,9999953_00000_d_0000228.txt,14,checked
train,9999953_00000_d_0000229.txt,8,checked
train,9999953_00000_d_0000230.txt,9,checked
train,9999953_00000_d_0000231.txt,16,checked
train,9999953_00000_d_0000232.txt,11,checked
train,9999953_00000_d_0000233.txt,8,checked
train,9999955_00000_d_0000001.txt,39,checked
train,9999955_00000_d_0000002.txt,17,checked
train,9999955_00000_d_0000003.txt,21,checked
train,9999955_00000_d_0000004.txt,15,checked
train,9999955_00000_d_0000005.txt,21,checked
train,9999955_00000_d_0000006.txt,26,checked
train,9999955_00000_d_0000007.txt,32,checked
train,9999955_00000_d_0000008.txt,38,checked
train,9999955_00000_d_0000009.txt,16,checked
train,9999955_00000_d_0000010.txt,31,checked
train,9999955_00000_d_0000011.txt,20,checked
train,9999955_00000_d_0000012.txt,24,checked
train,9999955_00000_d_0000013.txt,9,checked
train,9999955_00000_d_0000014.txt,20,checked
train,9999955_00000_d_0000015.txt,19,checked
train,9999955_00000_d_0000016.txt,21,checked
train,9999955_00000_d_0000017.txt,39,checked
train,9999955_00000_d_0000018.txt,94,checked
train,9999955_00000_d_0000019.txt,83,checked
train,9999955_00000_d_0000020.txt,91,checked
train,9999955_00000_d_0000021.txt,123,checked
train,9999955_00000_d_0000022.txt,48,checked
train,9999955_00000_d_0000023.txt,43,checked
train,9999955_00000_d_0000024.txt,37,checked
train,9999955_00000_d_0000025.txt,72,checked
train,9999955_00000_d_0000026.txt,67,checked
train,9999955_00000_d_0000027.txt,55,checked
train,9999955_00000_d_0000028.txt,62,checked
train,9999955_00000_d_0000029.txt,48,checked
train,9999955_00000_d_0000030.txt,46,checked
train,9999955_00000_d_0000031.txt,60,checked
train,9999955_00000_d_0000032.txt,66,checked
train,9999955_00000_d_0000033.txt,59,checked
train,9999955_00000_d_0000034.txt,39,checked
train,9999955_00000_d_0000035.txt,32,checked
train,9999955_00000_d_0000036.txt,29,checked
train,9999955_00000_d_0000037.txt,34,checked
train,9999955_00000_d_0000038.txt,64,checked
train,9999955_00000_d_0000039.txt,19,checked
train,9999955_00000_d_0000040.txt,43,checked
train,9999955_00000_d_0000041.txt,78,checked
train,9999955_00000_d_0000042.txt,24,checked
train,9999955_00000_d_0000043.txt,18,checked
train,9999955_00000_d_0000044.txt,35,checked
train,9999955_00000_d_0000045.txt,36,checked
train,9999955_00000_d_0000046.txt,52,checked
train,9999955_00000_d_0000047.txt,56,checked
train,9999955_00000_d_0000048.txt,29,checked
train,9999955_00000_d_0000049.txt,55,checked
train,9999955_00000_d_0000050.txt,51,checked
train,9999955_00000_d_0000051.txt,37,checked
train,9999955_00000_d_0000052.txt,40,checked
train,9999955_00000_d_0000053.txt,33,checked
train,9999955_00000_d_0000054.txt,43,checked
train,9999955_00000_d_0000055.txt,69,checked
train,9999955_00000_d_0000056.txt,68,checked
train,9999955_00000_d_0000057.txt,68,checked
train,9999955_00000_d_0000058.txt,23,checked
train,9999955_00000_d_0000059.txt,23,checked
train,9999955_00000_d_0000060.txt,21,checked
train,9999955_00000_d_0000061.txt,24,checked
train,9999955_00000_d_0000062.txt,19,checked
train,9999955_00000_d_0000063.txt,10,checked
train,9999955_00000_d_0000064.txt,12,checked
train,9999955_00000_d_0000065.txt,14,checked
train,9999955_00000_d_0000066.txt,37,checked
train,9999955_00000_d_0000067.txt,36,checked
train,9999955_00000_d_0000068.txt,36,checked
train,9999955_00000_d_0000069.txt,48,checked
train,9999955_00000_d_0000070.txt,50,checked
train,9999955_00000_d_0000071.txt,38,checked
train,9999955_00000_d_0000072.txt,21,checked
train,9999955_00000_d_0000073.txt,28,checked
train,9999955_00000_d_0000074.txt,26,checked
train,9999955_00000_d_0000075.txt,49,checked
train,9999955_00000_d_0000076.txt,26,checked
train,9999955_00000_d_0000077.txt,6,checked
train,9999955_00000_d_0000078.txt,24,checked
train,9999955_00000_d_0000079.txt,47,checked
train,9999955_00000_d_0000080.txt,16,checked
train,9999955_00000_d_0000081.txt,47,checked
train,9999955_00000_d_0000082.txt,25,checked
train,9999955_00000_d_0000083.txt,20,checked
train,9999955_00000_d_0000084.txt,56,checked
train,9999955_00000_d_0000085.txt,56,checked
train,9999955_00000_d_0000086.txt,23,checked
train,9999955_00000_d_0000087.txt,31,checked
train,9999955_00000_d_0000088.txt,35,checked
train,9999955_00000_d_0000089.txt,13,checked
train,9999955_00000_d_0000090.txt,28,checked
train,9999955_00000_d_0000091.txt,26,checked
train,9999955_00000_d_0000092.txt,32,checked
train,9999955_00000_d_0000093.txt,23,checked
train,9999955_00000_d_0000094.txt,40,checked
train,9999955_00000_d_0000095.txt,25,checked
train,9999955_00000_d_0000096.txt,12,checked
train,9999955_00000_d_0000097.txt,18,checked
train,9999955_00000_d_0000098.txt,31,checked
train,9999955_00000_d_0000099.txt,20,checked
train,9999955_00000_d_0000100.txt,20,checked
train,9999955_00000_d_0000101.txt,37,checked
train,9999955_00000_d_0000102.txt,44,checked
train,9999955_00000_d_0000103.txt,14,checked
train,9999955_00000_d_0000104.txt,26,checked
train,9999955_00000_d_0000105.txt,18,checked
train,9999955_00000_d_0000106.txt,32,checked
train,9999955_00000_d_0000107.txt,34,checked
train,9999955_00000_d_0000108.txt,33,checked
train,9999955_00000_d_0000109.txt,26,checked
train,9999955_00000_d_0000110.txt,24,checked
train,9999955_00000_d_0000111.txt,22,checked
train,9999955_00000_d_0000112.txt,20,checked
train,9999955_00000_d_0000113.txt,10,checked
train,9999955_00000_d_0000114.txt,22,checked
train,9999955_00000_d_0000115.txt,38,checked
train,9999955_00000_d_0000116.txt,14,checked
train,9999955_00000_d_0000117.txt,26,checked
train,9999955_00000_d_0000118.txt,20,checked
train,9999955_00000_d_0000119.txt,15,checked
train,9999955_00000_d_0000120.txt,12,checked
train,9999955_00000_d_0000121.txt,31,checked
train,9999955_00000_d_0000122.txt,27,checked
train,9999955_00000_d_0000123.txt,45,checked
train,9999955_00000_d_0000124.txt,30,checked
train,9999955_00000_d_0000125.txt,12,checked
train,9999955_00000_d_0000126.txt,15,checked
train,9999955_00000_d_0000127.txt,17,checked
train,9999955_00000_d_0000128.txt,26,checked
train,9999955_00000_d_0000129.txt,46,checked
train,9999955_00000_d_0000130.txt,21,checked
train,9999955_00000_d_0000131.txt,24,checked
train,9999955_00000_d_0000132.txt,7,checked
train,9999955_00000_d_0000133.txt,13,checked
train,9999955_00000_d_0000134.txt,16,checked
train,9999955_00000_d_0000135.txt,23,checked
train,9999955_00000_d_0000136.txt,21,checked
train,9999955_00000_d_0000137.txt,30,checked
train,9999955_00000_d_0000138.txt,21,checked
train,9999955_00000_d_0000139.txt,21,checked
train,9999955_00000_d_0000140.txt,6,checked
train,9999955_00000_d_0000141.txt,10,checked
train,9999955_00000_d_0000142.txt,33,checked
train,9999955_00000_d_0000143.txt,47,checked
train,9999955_00000_d_0000144.txt,20,checked
train,9999955_00000_d_0000145.txt,36,checked
train,9999955_00000_d_0000146.txt,53,checked
train,9999955_00000_d_0000147.txt,19,checked
train,9999955_00000_d_0000148.txt,21,checked
train,9999955_00000_d_0000149.txt,34,checked
train,9999955_00000_d_0000150.txt,53,checked
train,9999955_00000_d_0000151.txt,63,checked
train,9999955_00000_d_0000152.txt,72,checked
train,9999955_00000_d_0000153.txt,11,checked
train,9999955_00000_d_0000154.txt,47,checked
train,9999955_00000_d_0000155.txt,39,checked
train,9999955_00000_d_0000156.txt,77,checked
train,9999955_00000_d_0000157.txt,28,checked
train,9999955_00000_d_0000158.txt,35,checked
train,9999955_00000_d_0000159.txt,4,checked
train,9999955_00000_d_0000160.txt,15,checked
train,9999955_00000_d_0000161.txt,24,checked
train,9999955_00000_d_0000162.txt,13,checked
train,9999955_00000_d_0000163.txt,5,checked
train,9999955_00000_d_0000164.txt,9,checked
train,9999955_00000_d_0000165.txt,40,checked
train,9999955_00000_d_0000166.txt,7,checked
train,9999955_00000_d_0000167.txt,91,checked
train,9999955_00000_d_0000168.txt,27,checked
train,9999955_00000_d_0000169.txt,21,checked
train,9999955_00000_d_0000170.txt,8,checked
train,9999955_00000_d_0000171.txt,43,checked
train,9999955_00000_d_0000172.txt,39,checked
train,9999955_00000_d_0000173.txt,20,checked
train,9999955_00000_d_0000174.txt,24,checked
train,9999955_00000_d_0000175.txt,16,checked
train,9999955_00000_d_0000176.txt,29,checked
train,9999955_00000_d_0000177.txt,25,checked
train,9999955_00000_d_0000178.txt,42,checked
train,9999955_00000_d_0000179.txt,33,checked
train,9999955_00000_d_0000180.txt,34,checked
train,9999955_00000_d_0000181.txt,37,checked
train,9999955_00000_d_0000182.txt,45,checked
train,9999955_00000_d_0000183.txt,38,checked
train,9999955_00000_d_0000184.txt,23,checked
train,9999955_00000_d_0000185.txt,28,checked
train,9999955_00000_d_0000186.txt,24,checked
train,9999955_00000_d_0000187.txt,10,checked
train,9999955_00000_d_0000188.txt,34,checked
train,9999955_00000_d_0000189.txt,83,checked
train,9999955_00000_d_0000190.txt,43,checked
train,9999955_00000_d_0000191.txt,62,checked
train,9999955_00000_d_0000192.txt,44,checked
train,9999955_00000_d_0000193.txt,42,checked
train,9999955_00000_d_0000194.txt,42,checked
train,9999955_00000_d_0000195.txt,23,checked
train,9999955_00000_d_0000196.txt,27,checked
train,9999955_00000_d_0000197.txt,58,checked
train,9999955_00000_d_0000198.txt,54,checked
train,9999955_00000_d_0000199.txt,110,checked
train,9999955_00000_d_0000200.txt,39,checked
train,9999955_00000_d_0000201.txt,84,checked
train,9999955_00000_d_0000202.txt,53,checked
train,9999955_00000_d_0000203.txt,103,checked
train,9999955_00000_d_0000204.txt,65,checked
train,9999955_00000_d_0000205.txt,53,checked
train,9999955_00000_d_0000206.txt,41,checked
train,9999955_00000_d_0000207.txt,24,checked
train,9999955_00000_d_0000208.txt,61,checked
train,9999955_00000_d_0000209.txt,51,checked
train,9999955_00000_d_0000210.txt,61,checked
train,9999955_00000_d_0000211.txt,123,checked
train,9999955_00000_d_0000212.txt,145,checked
train,9999955_00000_d_0000213.txt,106,checked
train,9999955_00000_d_0000214.txt,67,checked
train,9999955_00000_d_0000215.txt,57,checked
train,9999955_00000_d_0000216.txt,33,checked
train,9999955_00000_d_0000217.txt,58,checked
train,9999955_00000_d_0000218.txt,70,checked
train,9999955_00000_d_0000219.txt,57,checked
train,9999955_00000_d_0000220.txt,60,checked
train,9999955_00000_d_0000221.txt,7,checked
train,9999955_00000_d_0000222.txt,82,checked
train,9999955_00000_d_0000223.txt,204,checked
train,9999955_00000_d_0000224.txt,274,checked
train,9999955_00000_d_0000225.txt,69,checked
train,9999955_00000_d_0000226.txt,166,checked
train,9999955_00000_d_0000227.txt,131,checked
train,9999955_00000_d_0000228.txt,55,checked
train,9999955_00000_d_0000229.txt,144,checked
train,9999955_00000_d_0000230.txt,93,checked
train,9999955_00000_d_0000231.txt,78,checked
train,9999955_00000_d_0000232.txt,66,checked
train,9999955_00000_d_0000233.txt,55,checked
train,9999955_00000_d_0000234.txt,54,checked
train,9999955_00000_d_0000235.txt,205,checked
train,9999955_00000_d_0000236.txt,158,checked
train,9999955_00000_d_0000237.txt,85,checked
train,9999955_00000_d_0000238.txt,79,checked
train,9999955_00000_d_0000239.txt,32,checked
train,9999955_00000_d_0000240.txt,28,checked
train,9999955_00000_d_0000241.txt,49,checked
train,9999955_00000_d_0000242.txt,73,checked
train,9999955_00000_d_0000243.txt,57,checked
train,9999955_00000_d_0000244.txt,46,checked
train,9999955_00000_d_0000245.txt,108,checked
train,9999955_00000_d_0000246.txt,129,checked
train,9999955_00000_d_0000247.txt,43,checked
train,9999955_00000_d_0000248.txt,46,checked
train,9999955_00000_d_0000249.txt,86,checked
train,9999955_00000_d_0000250.txt,123,checked
train,9999955_00000_d_0000251.txt,77,checked
train,9999955_00000_d_0000252.txt,66,checked
train,9999955_00000_d_0000253.txt,49,checked
train,9999955_00000_d_0000254.txt,60,checked
train,9999955_00000_d_0000255.txt,59,checked
train,9999955_00000_d_0000256.txt,12,checked
train,9999955_00000_d_0000257.txt,75,checked
train,9999955_00000_d_0000258.txt,68,checked
train,9999955_00000_d_0000259.txt,44,checked
train,9999955_00000_d_0000260.txt,21,checked
train,9999955_00000_d_0000261.txt,19,checked
train,9999955_00000_d_0000262.txt,19,checked
train,9999955_00000_d_0000263.txt,21,checked
train,9999955_00000_d_0000264.txt,12,checked
train,9999955_00000_d_0000265.txt,13,checked
train,9999955_00000_d_0000266.txt,9,checked
train,9999955_00000_d_0000267.txt,11,checked
train,9999955_00000_d_0000268.txt,44,checked
train,9999955_00000_d_0000269.txt,57,checked
train,9999955_00000_d_0000270.txt,49,checked
train,9999955_00000_d_0000271.txt,76,checked
train,9999955_00000_d_0000272.txt,34,checked
train,9999955_00000_d_0000273.txt,72,checked
train,9999955_00000_d_0000274.txt,64,checked
train,9999955_00000_d_0000275.txt,62,checked
train,9999955_00000_d_0000276.txt,21,checked
train,9999955_00000_d_0000277.txt,19,checked
train,9999955_00000_d_0000278.txt,23,checked
train,9999955_00000_d_0000279.txt,33,checked
train,9999955_00000_d_0000280.txt,31,checked
train,9999955_00000_d_0000281.txt,48,checked
train,9999955_00000_d_0000282.txt,71,checked
train,9999955_00000_d_0000283.txt,16,checked
train,9999955_00000_d_0000284.txt,138,checked
train,9999955_00000_d_0000285.txt,178,checked
train,9999955_00000_d_0000286.txt,128,checked
train,9999955_00000_d_0000287.txt,38,checked
train,9999955_00000_d_0000288.txt,32,checked
train,9999955_00000_d_0000289.txt,74,checked
train,9999955_00000_d_0000290.txt,99,checked
train,9999955_00000_d_0000291.txt,33,checked
train,9999955_00000_d_0000292.txt,40,checked
train,9999955_00000_d_0000293.txt,6,checked
train,9999955_00000_d_0000294.txt,14,checked
train,9999955_00000_d_0000295.txt,18,checked
train,9999955_00000_d_0000296.txt,12,checked
train,9999955_00000_d_0000297.txt,19,checked
train,9999955_00000_d_0000298.txt,7,checked
train,9999955_00000_d_0000299.txt,53,checked
train,9999955_00000_d_0000300.txt,55,checked
train,9999955_00000_d_0000301.txt,24,checked
train,9999955_00000_d_0000302.txt,4,checked
train,9999955_00000_d_0000303.txt,33,checked
train,9999955_00000_d_0000304.txt,46,checked
train,9999955_00000_d_0000305.txt,41,checked
train,9999955_00000_d_0000306.txt,34,checked
train,9999955_00000_d_0000307.txt,101,checked
train,9999955_00000_d_0000308.txt,85,checked
train,9999955_00000_d_0000309.txt,93,checked
train,9999955_00000_d_0000310.txt,63,checked
train,9999955_00000_d_0000311.txt,27,checked
train,9999955_00000_d_0000312.txt,161,checked
train,9999955_00000_d_0000313.txt,219,checked
train,9999955_00000_d_0000314.txt,179,checked
train,9999955_00000_d_0000315.txt,143,checked
train,9999955_00000_d_0000316.txt,71,checked
train,9999955_00000_d_0000317.txt,86,checked
train,9999955_00000_d_0000318.txt,123,checked
train,9999955_00000_d_0000319.txt,142,checked
train,9999955_00000_d_0000320.txt,96,checked
train,9999955_00000_d_0000321.txt,54,checked
train,9999955_00000_d_0000322.txt,162,checked
train,9999955_00000_d_0000323.txt,135,checked
train,9999955_00000_d_0000324.txt,65,checked
train,9999955_00000_d_0000325.txt,86,checked
train,9999955_00000_d_0000326.txt,58,checked
train,9999955_00000_d_0000327.txt,66,checked
train,9999955_00000_d_0000328.txt,56,checked
train,9999955_00000_d_0000329.txt,38,checked
train,9999955_00000_d_0000330.txt,75,checked
train,9999955_00000_d_0000331.txt,93,checked
train,9999955_00000_d_0000332.txt,83,checked
train,9999955_00000_d_0000333.txt,90,checked
train,9999955_00000_d_0000334.txt,39,checked
train,9999955_00000_d_0000335.txt,45,checked
train,9999955_00000_d_0000336.txt,36,checked
train,9999955_00000_d_0000337.txt,61,checked
train,9999955_00000_d_0000338.txt,47,checked
train,9999955_00000_d_0000339.txt,47,checked
train,9999955_00000_d_0000340.txt,83,checked
train,9999955_00000_d_0000341.txt,42,checked
train,9999955_00000_d_0000342.txt,36,checked
train,9999955_00000_d_0000343.txt,28,checked
train,9999955_00000_d_0000344.txt,50,checked
train,9999955_00000_d_0000345.txt,87,checked
train,9999955_00000_d_0000346.txt,104,checked
train,9999955_00000_d_0000347.txt,82,checked
train,9999955_00000_d_0000348.txt,91,checked
train,9999955_00000_d_0000349.txt,94,checked
train,9999955_00000_d_0000350.txt,78,checked
train,9999955_00000_d_0000351.txt,139,checked
train,9999955_00000_d_0000352.txt,122,checked
train,9999955_00000_d_0000353.txt,120,checked
train,9999955_00000_d_0000354.txt,111,checked
train,9999955_00000_d_0000355.txt,47,checked
train,9999955_00000_d_0000356.txt,57,checked
train,9999955_00000_d_0000357.txt,38,checked
train,9999955_00000_d_0000358.txt,30,checked
train,9999955_00000_d_0000359.txt,23,checked
train,9999955_00000_d_0000360.txt,38,checked
train,9999955_00000_d_0000361.txt,39,checked
train,9999955_00000_d_0000362.txt,66,checked
train,9999955_00000_d_0000363.txt,82,checked
train,9999955_00000_d_0000364.txt,35,checked
train,9999955_00000_d_0000365.txt,21,checked
train,9999955_00000_d_0000366.txt,44,checked
train,9999955_00000_d_0000367.txt,91,checked
train,9999955_00000_d_0000368.txt,62,checked
train,9999955_00000_d_0000369.txt,49,checked
train,9999955_00000_d_0000370.txt,29,checked
train,9999955_00000_d_0000371.txt,39,checked
train,9999955_00000_d_0000372.txt,59,checked
train,9999955_00000_d_0000373.txt,64,checked
train,9999955_00000_d_0000374.txt,42,checked
train,9999955_00000_d_0000375.txt,83,checked
train,9999955_00000_d_0000376.txt,49,checked
train,9999955_00000_d_0000377.txt,33,checked
train,9999955_00000_d_0000378.txt,19,checked
train,9999955_00000_d_0000379.txt,24,checked
train,9999955_00000_d_0000380.txt,40,checked
train,9999955_00000_d_0000381.txt,152,checked
train,9999955_00000_d_0000382.txt,112,checked
train,9999955_00000_d_0000383.txt,56,checked
train,9999955_00000_d_0000384.txt,40,checked
train,9999955_00000_d_0000385.txt,46,checked
train,9999955_00000_d_0000386.txt,57,checked
train,9999955_00000_d_0000387.txt,59,checked
train,9999955_00000_d_0000388.txt,117,checked
train,9999955_00000_d_0000389.txt,53,checked
train,9999955_00000_d_0000390.txt,14,checked
train,9999955_00000_d_0000391.txt,55,checked
train,9999955_00000_d_0000392.txt,63,checked
train,9999955_00000_d_0000393.txt,120,checked
train,9999955_00000_d_0000394.txt,124,checked
train,9999955_00000_d_0000395.txt,88,checked
train,9999955_00000_d_0000396.txt,68,checked
train,9999955_00000_d_0000397.txt,59,checked
train,9999955_00000_d_0000398.txt,109,checked
train,9999955_00000_d_0000399.txt,72,checked
train,9999955_00000_d_0000400.txt,53,checked
train,9999955_00000_d_0000401.txt,54,checked
train,9999955_00000_d_0000402.txt,32,checked
train,9999955_00000_d_0000403.txt,30,checked
train,9999955_00000_d_0000404.txt,35,checked
train,9999955_00000_d_0000405.txt,16,checked
train,9999955_00000_d_0000406.txt,24,checked
train,9999955_00000_d_0000407.txt,44,checked
train,9999955_00000_d_0000408.txt,87,checked
train,9999955_00000_d_0000409.txt,30,checked
train,9999955_00000_d_0000410.txt,24,checked
train,9999955_00000_d_0000411.txt,18,checked
train,9999955_00000_d_0000412.txt,61,checked
train,9999955_00000_d_0000413.txt,158,checked
train,9999955_00000_d_0000414.txt,194,checked
train,9999955_00000_d_0000415.txt,168,checked
train,9999955_00000_d_0000416.txt,19,checked
train,9999955_00000_d_0000417.txt,15,checked
train,9999955_00000_d_0000418.txt,39,checked
train,9999955_00000_d_0000419.txt,73,checked
train,9999955_00000_d_0000420.txt,101,checked
train,9999955_00000_d_0000421.txt,52,checked
train,9999955_00000_d_0000422.txt,121,checked
train,9999955_00000_d_0000423.txt,122,checked
train,9999955_00000_d_0000424.txt,123,checked
train,9999955_00000_d_0000425.txt,41,checked
train,9999955_00000_d_0000426.txt,51,checked
train,9999955_00000_d_0000427.txt,57,checked
train,9999955_00000_d_0000428.txt,54,checked
train,9999955_00000_d_0000429.txt,60,checked
train,9999955_00000_d_0000430.txt,69,checked
train,9999955_00000_d_0000431.txt,73,checked
train,9999955_00000_d_0000432.txt,49,checked
train,9999955_00000_d_0000433.txt,47,checked
train,9999955_00000_d_0000434.txt,63,checked
train,9999956_00000_d_0000001.txt,9,checked
train,9999956_00000_d_0000002.txt,19,checked
train,9999956_00000_d_0000003.txt,16,checked
train,9999956_00000_d_0000004.txt,17,checked
train,9999956_00000_d_0000005.txt,13,checked
train,9999956_00000_d_0000006.txt,7,checked
train,9999956_00000_d_0000007.txt,8,checked
train,9999956_00000_d_0000008.txt,11,checked
train,9999956_00000_d_0000009.txt,23,checked
train,9999956_00000_d_0000010.txt,23,checked
train,9999956_00000_d_0000011.txt,47,checked
train,9999956_00000_d_0000012.txt,23,checked
train,9999956_00000_d_0000013.txt,20,checked
train,9999956_00000_d_0000014.txt,26,checked
train,9999956_00000_d_0000015.txt,56,checked
train,9999956_00000_d_0000016.txt,15,checked
train,9999956_00000_d_0000017.txt,23,checked
train,9999956_00000_d_0000018.txt,19,checked
train,9999956_00000_d_0000019.txt,42,checked
train,9999956_00000_d_0000020.txt,23,checked
train,9999956_00000_d_0000021.txt,29,checked
train,9999956_00000_d_0000022.txt,61,checked
train,9999956_00000_d_0000023.txt,8,checked
train,9999956_00000_d_0000024.txt,99,checked
train,9999956_00000_d_0000025.txt,70,checked
train,9999956_00000_d_0000026.txt,12,checked
train,9999956_00000_d_0000027.txt,50,checked
train,9999956_00000_d_0000028.txt,69,checked
train,9999956_00000_d_0000029.txt,25,checked
train,9999956_00000_d_0000030.txt,18,checked
train,9999956_00000_d_0000031.txt,10,checked
train,9999956_00000_d_0000032.txt,5,checked
train,9999956_00000_d_0000033.txt,19,checked
train,9999956_00000_d_0000034.txt,19,checked
train,9999956_00000_d_0000035.txt,35,checked
train,9999956_00000_d_0000036.txt,32,checked
train,9999956_00000_d_0000037.txt,14,checked
train,9999956_00000_d_0000038.txt,20,checked
train,9999956_00000_d_0000039.txt,14,checked
train,9999956_00000_d_0000040.txt,45,checked
train,9999956_00000_d_0000041.txt,64,checked
train,9999956_00000_d_0000042.txt,71,checked
train,9999956_00000_d_0000043.txt,34,checked
train,9999956_00000_d_0000044.txt,19,checked
train,9999956_00000_d_0000045.txt,24,checked
train,9999956_00000_d_0000046.txt,11,checked
train,9999956_00000_d_0000047.txt,30,checked
train,9999956_00000_d_0000048.txt,19,checked
train,9999956_00000_d_0000049.txt,17,checked
train,9999956_00000_d_0000050.txt,10,checked
train,9999956_00000_d_0000051.txt,77,checked
train,9999956_00000_d_0000052.txt,53,checked
train,9999956_00000_d_0000053.txt,9,checked
train,9999956_00000_d_0000054.txt,8,checked
train,9999956_00000_d_0000055.txt,10,checked
train,9999956_00000_d_0000056.txt,28,checked
train,9999956_00000_d_0000057.txt,9,checked
train,9999956_00000_d_0000058.txt,11,checked
train,9999956_00000_d_0000059.txt,13,checked
train,9999956_00000_d_0000060.txt,12,checked
train,9999956_00000_d_0000061.txt,11,checked
train,9999956_00000_d_0000062.txt,18,checked
train,9999956_00000_d_0000063.txt,20,checked
train,9999956_00000_d_0000064.txt,8,checked
train,9999956_00000_d_0000065.txt,5,checked
train,9999956_00000_d_0000066.txt,5,checked
train,9999956_00000_d_0000067.txt,6,checked
train,9999956_00000_d_0000068.txt,16,checked
train,9999956_00000_d_0000069.txt,31,checked
train,9999956_00000_d_0000070.txt,23,checked
train,9999956_00000_d_0000071.txt,25,checked
train,9999956_00000_d_0000072.txt,63,checked
train,9999956_00000_d_0000073.txt,67,checked
train,9999956_00000_d_0000074.txt,65,checked
train,9999956_00000_d_0000075.txt,59,checked
train,9999956_00000_d_0000076.txt,54,checked
train,9999956_00000_d_0000077.txt,42,checked
train,9999956_00000_d_0000078.txt,40,checked
train,9999956_00000_d_0000079.txt,40,checked
train,9999956_00000_d_0000080.txt,38,checked
train,9999956_00000_d_0000081.txt,49,checked
train,9999956_00000_d_0000082.txt,95,checked
train,9999956_00000_d_0000083.txt,60,checked
train,9999956_00000_d_0000084.txt,25,checked
train,9999956_00000_d_0000085.txt,35,checked
train,9999956_00000_d_0000086.txt,9,checked
train,9999956_00000_d_0000087.txt,12,checked
train,9999956_00000_d_0000088.txt,15,checked
train,9999956_00000_d_0000089.txt,32,checked
train,9999956_00000_d_0000090.txt,33,checked
train,9999956_00000_d_0000091.txt,46,checked
train,9999956_00000_d_0000092.txt,54,checked
train,9999956_00000_d_0000093.txt,17,checked
train,9999956_00000_d_0000094.txt,14,checked
train,9999956_00000_d_0000095.txt,17,checked
train,9999956_00000_d_0000096.txt,37,checked
train,9999956_00000_d_0000097.txt,41,checked
train,9999956_00000_d_0000098.txt,32,checked
train,9999956_00000_d_0000099.txt,56,checked
train,9999956_00000_d_0000100.txt,26,checked
train,9999956_00000_d_0000101.txt,48,checked
train,9999956_00000_d_0000102.txt,10,checked
train,9999956_00000_d_0000103.txt,6,checked
train,9999956_00000_d_0000104.txt,18,checked
train,9999956_00000_d_0000105.txt,39,checked
train,9999956_00000_d_0000106.txt,19,checked
train,9999956_00000_d_0000107.txt,32,checked
train,9999956_00000_d_0000108.txt,23,checked
train,9999956_00000_d_0000109.txt,39,checked
train,9999956_00000_d_0000110.txt,17,checked
train,9999956_00000_d_0000111.txt,45,checked
train,9999956_00000_d_0000112.txt,20,checked
train,9999956_00000_d_0000113.txt,31,checked
train,9999956_00000_d_0000114.txt,17,checked
train,9999956_00000_d_0000115.txt,8,checked
train,9999956_00000_d_0000116.txt,15,checked
train,9999956_00000_d_0000117.txt,20,checked
train,9999956_00000_d_0000118.txt,22,checked
train,9999960_00000_d_0000001.txt,63,checked
train,9999960_00000_d_0000002.txt,57,checked
train,9999960_00000_d_0000003.txt,16,checked
train,9999960_00000_d_0000004.txt,18,checked
train,9999960_00000_d_0000005.txt,17,checked
train,9999960_00000_d_0000006.txt,36,checked
train,9999960_00000_d_0000007.txt,42,checked
train,9999960_00000_d_0000008.txt,60,checked
train,9999960_00000_d_0000009.txt,21,checked
train,9999960_00000_d_0000010.txt,60,checked
train,9999960_00000_d_0000011.txt,38,checked
train,9999960_00000_d_0000012.txt,36,checked
train,9999960_00000_d_0000013.txt,30,checked
train,9999960_00000_d_0000014.txt,33,checked
train,9999960_00000_d_0000015.txt,10,checked
train,9999960_00000_d_0000016.txt,53,checked
train,9999960_00000_d_0000017.txt,53,checked
train,9999960_00000_d_0000018.txt,45,checked
train,9999960_00000_d_0000019.txt,38,checked
train,9999960_00000_d_0000020.txt,31,checked
train,9999960_00000_d_0000021.txt,15,checked
train,9999960_00000_d_0000022.txt,38,checked
train,9999960_00000_d_0000023.txt,35,checked
train,9999960_00000_d_0000024.txt,27,checked
train,9999960_00000_d_0000025.txt,20,checked
train,9999960_00000_d_0000026.txt,33,checked
train,9999960_00000_d_0000027.txt,30,checked
train,9999960_00000_d_0000028.txt,30,checked
train,9999960_00000_d_0000029.txt,25,checked
train,9999960_00000_d_0000030.txt,21,checked
train,9999960_00000_d_0000031.txt,6,checked
train,9999960_00000_d_0000032.txt,26,checked
train,9999960_00000_d_0000033.txt,45,checked
train,9999960_00000_d_0000034.txt,50,checked
train,9999960_00000_d_0000035.txt,47,checked
train,9999960_00000_d_0000036.txt,38,checked
train,9999960_00000_d_0000037.txt,23,checked
train,9999960_00000_d_0000038.txt,27,checked
train,9999960_00000_d_0000039.txt,18,checked
train,9999960_00000_d_0000040.txt,13,checked
train,9999960_00000_d_0000041.txt,34,checked
train,9999960_00000_d_0000042.txt,47,checked
train,9999960_00000_d_0000043.txt,35,checked
train,9999960_00000_d_0000044.txt,31,checked
train,9999960_00000_d_0000045.txt,25,checked
train,9999960_00000_d_0000046.txt,23,checked
train,9999960_00000_d_0000047.txt,11,checked
train,9999960_00000_d_0000048.txt,48,checked
train,9999960_00000_d_0000049.txt,26,checked
train,9999960_00000_d_0000050.txt,11,checked
train,9999960_00000_d_0000051.txt,41,checked
train,9999960_00000_d_0000052.txt,35,checked
train,9999960_00000_d_0000053.txt,24,checked
train,9999960_00000_d_0000054.txt,33,checked
train,9999960_00000_d_0000055.txt,22,checked
train,9999960_00000_d_0000056.txt,22,checked
train,9999960_00000_d_0000057.txt,17,checked
train,9999960_00000_d_0000058.txt,16,checked
train,9999960_00000_d_0000059.txt,47,checked
train,9999960_00000_d_0000060.txt,32,checked
train,9999960_00000_d_0000061.txt,16,checked
train,9999960_00000_d_0000062.txt,13,checked
train,9999960_00000_d_0000063.txt,18,checked
train,9999960_00000_d_0000064.txt,18,checked
train,9999960_00000_d_0000065.txt,19,checked
train,9999960_00000_d_0000066.txt,21,checked
train,9999960_00000_d_0000067.txt,17,checked
train,9999960_00000_d_0000068.txt,16,checked
train,9999960_00000_d_0000069.txt,16,checked
train,9999960_00000_d_0000070.txt,16,checked
train,9999960_00000_d_0000071.txt,8,checked
train,9999960_00000_d_0000072.txt,20,checked
train,9999960_00000_d_0000073.txt,24,checked
train,9999960_00000_d_0000074.txt,15,checked
train,9999960_00000_d_0000075.txt,17,checked
train,9999960_00000_d_0000076.txt,31,checked
train,9999960_00000_d_0000077.txt,29,checked
train,9999960_00000_d_0000078.txt,7,checked
train,9999960_00000_d_0000079.txt,27,checked
train,9999960_00000_d_0000080.txt,4,checked
train,9999960_00000_d_0000081.txt,17,checked
train,9999960_00000_d_0000082.txt,14,checked
train,9999960_00000_d_0000083.txt,13,checked
train,9999960_00000_d_0000084.txt,16,checked
train,9999960_00000_d_0000085.txt,23,checked
train,9999960_00000_d_0000086.txt,24,checked
train,9999960_00000_d_0000087.txt,26,checked
train,9999960_00000_d_0000088.txt,25,checked
train,9999960_00000_d_0000089.txt,29,checked
train,9999960_00000_d_0000090.txt,13,checked
train,9999960_00000_d_0000091.txt,27,checked
train,9999960_00000_d_0000092.txt,79,checked
train,9999960_00000_d_0000093.txt,50,checked
train,9999960_00000_d_0000094.txt,32,checked
train,9999960_00000_d_0000095.txt,76,checked
train,9999960_00000_d_0000096.txt,44,checked
train,9999960_00000_d_0000097.txt,6,checked
train,9999960_00000_d_0000098.txt,43,checked
train,9999960_00000_d_0000099.txt,7,checked
train,9999960_00000_d_0000100.txt,37,checked
train,9999960_00000_d_0000101.txt,12,checked
train,9999960_00000_d_0000102.txt,27,checked
train,9999960_00000_d_0000103.txt,33,checked
train,9999960_00000_d_0000104.txt,15,checked
train,9999960_00000_d_0000105.txt,29,checked
train,9999960_00000_d_0000106.txt,30,checked
train,9999960_00000_d_0000107.txt,18,checked
train,9999960_00000_d_0000108.txt,23,checked
train,9999960_00000_d_0000109.txt,17,checked
train,9999960_00000_d_0000110.txt,51,checked
train,9999960_00000_d_0000111.txt,7,checked
train,9999960_00000_d_0000112.txt,18,checked
train,9999960_00000_d_0000113.txt,22,checked
train,9999960_00000_d_0000114.txt,24,checked
train,9999960_00000_d_0000115.txt,27,checked
train,9999960_00000_d_0000116.txt,34,checked
train,9999960_00000_d_0000117.txt,47,checked
train,9999960_00000_d_0000118.txt,45,checked
train,9999960_00000_d_0000119.txt,39,checked
train,9999960_00000_d_0000120.txt,25,checked
train,9999960_00000_d_0000121.txt,42,checked
train,9999960_00000_d_0000122.txt,43,checked
train,9999960_00000_d_0000123.txt,41,checked
train,9999960_00000_d_0000124.txt,34,checked
train,9999960_00000_d_0000125.txt,16,checked
train,9999960_00000_d_0000126.txt,32,checked
train,9999960_00000_d_0000127.txt,34,checked
train,9999960_00000_d_0000128.txt,48,checked
train,9999960_00000_d_0000129.txt,51,checked
train,9999960_00000_d_0000130.txt,11,checked
train,9999960_00000_d_0000131.txt,18,checked
train,9999960_00000_d_0000132.txt,12,checked
train,9999960_00000_d_0000133.txt,11,checked
train,9999960_00000_d_0000134.txt,22,checked
train,9999960_00000_d_0000135.txt,22,checked
train,9999960_00000_d_0000136.txt,15,checked
train,9999960_00000_d_0000137.txt,56,checked
train,9999960_00000_d_0000138.txt,37,checked
train,9999960_00000_d_0000139.txt,15,checked
train,9999960_00000_d_0000140.txt,17,checked
train,9999960_00000_d_0000141.txt,67,checked
train,9999960_00000_d_0000142.txt,8,checked
train,9999960_00000_d_0000143.txt,20,checked
train,9999960_00000_d_0000144.txt,45,checked
train,9999960_00000_d_0000145.txt,31,checked
train,9999960_00000_d_0000146.txt,49,checked
train,9999960_00000_d_0000147.txt,21,checked
train,9999960_00000_d_0000148.txt,48,checked
train,9999960_00000_d_0000149.txt,18,checked
train,9999960_00000_d_0000150.txt,55,checked
train,9999960_00000_d_0000151.txt,73,checked
train,9999960_00000_d_0000152.txt,22,checked
train,9999960_00000_d_0000153.txt,19,checked
train,9999960_00000_d_0000154.txt,46,checked
train,9999960_00000_d_0000155.txt,32,checked
train,9999960_00000_d_0000156.txt,27,checked
train,9999960_00000_d_0000157.txt,17,checked
train,9999960_00000_d_0000158.txt,18,checked
train,9999960_00000_d_0000159.txt,13,checked
train,9999960_00000_d_0000160.txt,12,checked
train,9999960_00000_d_0000161.txt,41,checked
train,9999960_00000_d_0000162.txt,34,checked
train,9999960_00000_d_0000163.txt,12,checked
train,9999960_00000_d_0000164.txt,9,checked
train,9999960_00000_d_0000165.txt,78,checked
train,9999960_00000_d_0000166.txt,93,checked
train,9999960_00000_d_0000167.txt,90,checked
train,9999960_00000_d_0000168.txt,17,checked
train,9999960_00000_d_0000169.txt,15,checked
train,9999960_00000_d_0000170.txt,65,checked
train,9999960_00000_d_0000171.txt,47,checked
train,9999960_00000_d_0000172.txt,65,checked
train,9999960_00000_d_0000173.txt,67,checked
train,9999960_00000_d_0000174.txt,23,checked
train,9999960_00000_d_0000175.txt,42,checked
train,9999960_00000_d_0000176.txt,22,checked
train,9999960_00000_d_0000177.txt,46,checked
train,9999960_00000_d_0000178.txt,25,checked
train,9999960_00000_d_0000179.txt,17,checked
train,9999960_00000_d_0000180.txt,21,checked
train,9999960_00000_d_0000181.txt,20,checked
train,9999960_00000_d_0000182.txt,19,checked
train,9999960_00000_d_0000183.txt,22,checked
train,9999960_00000_d_0000184.txt,44,checked
train,9999960_00000_d_0000185.txt,25,checked
train,9999962_00000_d_0000001.txt,20,checked
train,9999962_00000_d_0000002.txt,43,checked
train,9999962_00000_d_0000003.txt,29,checked
train,9999962_00000_d_0000004.txt,23,checked
train,9999962_00000_d_0000005.txt,14,checked
train,9999962_00000_d_0000006.txt,22,checked
train,9999962_00000_d_0000007.txt,18,checked
train,9999962_00000_d_0000008.txt,26,checked
train,9999962_00000_d_0000009.txt,28,checked
train,9999962_00000_d_0000010.txt,18,checked
train,9999962_00000_d_0000011.txt,47,checked
train,9999962_00000_d_0000012.txt,42,checked
train,9999962_00000_d_0000013.txt,51,checked
train,9999962_00000_d_0000014.txt,66,checked
train,9999962_00000_d_0000015.txt,88,checked
train,9999962_00000_d_0000016.txt,79,checked
train,9999962_00000_d_0000017.txt,35,checked
train,9999962_00000_d_0000018.txt,33,checked
train,9999962_00000_d_0000019.txt,28,checked
train,9999962_00000_d_0000020.txt,24,checked
train,9999962_00000_d_0000021.txt,39,checked
train,9999962_00000_d_0000022.txt,31,checked
train,9999962_00000_d_0000023.txt,53,checked
train,9999962_00000_d_0000024.txt,61,checked
train,9999962_00000_d_0000025.txt,57,checked
train,9999962_00000_d_0000026.txt,51,checked
train,9999962_00000_d_0000027.txt,22,checked
train,9999962_00000_d_0000028.txt,31,checked
train,9999962_00000_d_0000029.txt,48,checked
train,9999962_00000_d_0000030.txt,19,checked
train,9999962_00000_d_0000031.txt,31,checked
train,9999962_00000_d_0000032.txt,36,checked
train,9999962_00000_d_0000033.txt,23,checked
train,9999962_00000_d_0000034.txt,20,checked
train,9999962_00000_d_0000035.txt,41,checked
train,9999962_00000_d_0000036.txt,40,checked
train,9999962_00000_d_0000037.txt,68,checked
train,9999962_00000_d_0000038.txt,55,checked
train,9999962_00000_d_0000039.txt,68,checked
train,9999962_00000_d_0000040.txt,35,checked
train,9999962_00000_d_0000041.txt,29,checked
train,9999962_00000_d_0000042.txt,15,checked
train,9999962_00000_d_0000043.txt,27,checked
train,9999962_00000_d_0000044.txt,22,checked
train,9999962_00000_d_0000045.txt,18,checked
train,9999962_00000_d_0000046.txt,28,checked
train,9999962_00000_d_0000047.txt,30,checked
train,9999962_00000_d_0000048.txt,20,checked
train,9999962_00000_d_0000049.txt,14,checked
train,9999962_00000_d_0000050.txt,19,checked
train,9999962_00000_d_0000051.txt,44,checked
train,9999962_00000_d_0000052.txt,27,checked
train,9999962_00000_d_0000053.txt,28,checked
train,9999962_00000_d_0000054.txt,28,checked
train,9999962_00000_d_0000055.txt,34,checked
train,9999962_00000_d_0000056.txt,26,checked
train,9999962_00000_d_0000057.txt,43,checked
train,9999962_00000_d_0000058.txt,37,checked
train,9999962_00000_d_0000059.txt,46,checked
train,9999962_00000_d_0000060.txt,49,checked
train,9999962_00000_d_0000061.txt,74,checked
train,9999962_00000_d_0000062.txt,35,checked
train,9999962_00000_d_0000063.txt,32,checked
train,9999962_00000_d_0000064.txt,44,checked
train,9999962_00000_d_0000065.txt,71,checked
train,9999962_00000_d_0000066.txt,56,checked
train,9999962_00000_d_0000067.txt,79,checked
train,9999962_00000_d_0000068.txt,33,checked
train,9999962_00000_d_0000069.txt,44,checked
train,9999962_00000_d_0000070.txt,35,checked
train,9999962_00000_d_0000071.txt,43,checked
train,9999962_00000_d_0000072.txt,38,checked
train,9999962_00000_d_0000073.txt,24,checked
train,9999962_00000_d_0000074.txt,36,checked
train,9999962_00000_d_0000075.txt,10,checked
train,9999962_00000_d_0000076.txt,46,checked
train,9999962_00000_d_0000077.txt,129,checked
train,9999962_00000_d_0000078.txt,32,checked
train,9999962_00000_d_0000079.txt,41,checked
train,9999962_00000_d_0000080.txt,77,checked
train,9999962_00000_d_0000081.txt,73,checked
train,9999962_00000_d_0000082.txt,51,checked
train,9999962_00000_d_0000083.txt,26,checked
train,9999962_00000_d_0000084.txt,33,checked
train,9999962_00000_d_0000085.txt,30,checked
train,9999962_00000_d_0000086.txt,85,checked
train,9999962_00000_d_0000087.txt,25,checked
train,9999962_00000_d_0000088.txt,47,checked
train,9999962_00000_d_0000089.txt,52,checked
train,9999962_00000_d_0000090.txt,38,checked
train,9999962_00000_d_0000091.txt,58,checked
train,9999962_00000_d_0000092.txt,78,checked
train,9999962_00000_d_0000093.txt,92,checked
train,9999962_00000_d_0000094.txt,85,checked
train,9999962_00000_d_0000095.txt,21,checked
train,9999962_00000_d_0000096.txt,27,checked
train,9999962_00000_d_0000097.txt,44,checked
train,9999962_00000_d_0000098.txt,46,checked
train,9999962_00000_d_0000099.txt,41,checked
train,9999962_00000_d_0000100.txt,36,checked
train,9999962_00000_d_0000101.txt,37,checked
train,9999962_00000_d_0000102.txt,60,checked
train,9999962_00000_d_0000103.txt,72,checked
train,9999962_00000_d_0000104.txt,76,checked
train,9999962_00000_d_0000105.txt,28,checked
train,9999962_00000_d_0000106.txt,51,checked
train,9999962_00000_d_0000107.txt,78,checked
train,9999962_00000_d_0000108.txt,77,checked
train,9999962_00000_d_0000109.txt,90,checked
train,9999962_00000_d_0000110.txt,39,checked
train,9999962_00000_d_0000111.txt,45,checked
train,9999962_00000_d_0000112.txt,44,checked
train,9999962_00000_d_0000113.txt,53,checked
train,9999962_00000_d_0000114.txt,43,checked
train,9999962_00000_d_0000115.txt,40,checked
train,9999962_00000_d_0000116.txt,43,checked
train,9999962_00000_d_0000117.txt,38,checked
train,9999962_00000_d_0000118.txt,57,checked
train,9999962_00000_d_0000119.txt,59,checked
train,9999962_00000_d_0000120.txt,43,checked
train,9999962_00000_d_0000121.txt,66,checked
train,9999962_00000_d_0000122.txt,44,checked
train,9999962_00000_d_0000123.txt,48,checked
train,9999962_00000_d_0000124.txt,31,checked
train,9999962_00000_d_0000125.txt,22,checked
train,9999962_00000_d_0000126.txt,28,checked
train,9999962_00000_d_0000127.txt,33,checked
train,9999962_00000_d_0000128.txt,18,checked
train,9999962_00000_d_0000129.txt,27,checked
train,9999962_00000_d_0000130.txt,30,checked
train,9999962_00000_d_0000131.txt,28,checked
train,9999962_00000_d_0000132.txt,29,checked
train,9999962_00000_d_0000133.txt,34,checked
train,9999962_00000_d_0000134.txt,40,checked
train,9999962_00000_d_0000135.txt,17,checked
train,9999962_00000_d_0000136.txt,57,checked
train,9999962_00000_d_0000137.txt,48,checked
train,9999962_00000_d_0000138.txt,27,checked
train,9999962_00000_d_0000139.txt,15,checked
train,9999962_00000_d_0000140.txt,11,checked
train,9999962_00000_d_0000141.txt,25,checked
train,9999962_00000_d_0000142.txt,37,checked
train,9999962_00000_d_0000143.txt,100,checked
train,9999962_00000_d_0000144.txt,20,checked
train,9999962_00000_d_0000145.txt,24,checked
train,9999962_00000_d_0000146.txt,15,checked
train,9999962_00000_d_0000147.txt,29,checked
train,9999962_00000_d_0000148.txt,7,checked
train,9999962_00000_d_0000149.txt,14,checked
train,9999962_00000_d_0000150.txt,28,checked
train,9999962_00000_d_0000151.txt,13,checked
train,9999962_00000_d_0000152.txt,18,checked
train,9999962_00000_d_0000153.txt,41,checked
train,9999962_00000_d_0000154.txt,30,checked
train,9999962_00000_d_0000155.txt,21,checked
train,9999962_00000_d_0000156.txt,46,checked
train,9999962_00000_d_0000157.txt,63,checked
train,9999962_00000_d_0000158.txt,42,checked
train,9999962_00000_d_0000159.txt,54,checked
train,9999962_00000_d_0000160.txt,35,checked
train,9999962_00000_d_0000161.txt,25,checked
train,9999962_00000_d_0000162.txt,28,checked
train,9999962_00000_d_0000163.txt,27,checked
train,9999962_00000_d_0000164.txt,29,checked
train,9999962_00000_d_0000165.txt,12,checked
train,9999962_00000_d_0000166.txt,25,checked
train,9999964_00000_d_0000001.txt,52,checked
train,9999964_00000_d_0000002.txt,13,checked
train,9999964_00000_d_0000003.txt,57,checked
train,9999964_00000_d_0000004.txt,21,checked
train,9999964_00000_d_0000005.txt,40,checked
train,9999964_00000_d_0000006.txt,69,checked
train,9999964_00000_d_0000007.txt,76,checked
train,9999964_00000_d_0000008.txt,71,checked
train,9999964_00000_d_0000009.txt,47,checked
train,9999964_00000_d_0000010.txt,45,checked
train,9999964_00000_d_0000011.txt,23,checked
train,9999964_00000_d_0000012.txt,15,checked
train,9999964_00000_d_0000013.txt,86,checked
train,9999964_00000_d_0000014.txt,39,checked
train,9999964_00000_d_0000015.txt,36,checked
train,9999964_00000_d_0000016.txt,80,checked
train,9999964_00000_d_0000017.txt,72,checked
train,9999964_00000_d_0000018.txt,76,checked
train,9999964_00000_d_0000019.txt,57,checked
train,9999964_00000_d_0000020.txt,57,checked
train,9999964_00000_d_0000021.txt,91,checked
train,9999964_00000_d_0000022.txt,57,checked
train,9999964_00000_d_0000023.txt,76,checked
train,9999964_00000_d_0000024.txt,103,checked
train,9999964_00000_d_0000025.txt,65,checked
train,9999964_00000_d_0000026.txt,101,checked
train,9999964_00000_d_0000027.txt,69,checked
train,9999964_00000_d_0000028.txt,69,checked
train,9999964_00000_d_0000029.txt,63,checked
train,9999964_00000_d_0000030.txt,45,checked
train,9999964_00000_d_0000031.txt,22,checked
train,9999964_00000_d_0000032.txt,81,checked
train,9999964_00000_d_0000033.txt,48,checked
train,9999964_00000_d_0000034.txt,31,checked
train,9999964_00000_d_0000035.txt,112,checked
train,9999964_00000_d_0000036.txt,61,checked
train,9999964_00000_d_0000037.txt,24,checked
train,9999964_00000_d_0000038.txt,67,checked
train,9999964_00000_d_0000039.txt,79,checked
train,9999964_00000_d_0000040.txt,103,checked
train,9999964_00000_d_0000041.txt,86,checked
train,9999964_00000_d_0000042.txt,28,checked
train,9999964_00000_d_0000043.txt,66,checked
train,9999964_00000_d_0000044.txt,76,checked
train,9999964_00000_d_0000045.txt,45,checked
train,9999964_00000_d_0000046.txt,30,checked
train,9999964_00000_d_0000047.txt,60,checked
train,9999964_00000_d_0000048.txt,60,checked
train,9999964_00000_d_0000049.txt,99,checked
train,9999964_00000_d_0000050.txt,98,checked
train,9999964_00000_d_0000051.txt,38,checked
train,9999964_00000_d_0000052.txt,68,checked
train,9999964_00000_d_0000053.txt,64,checked
train,9999964_00000_d_0000054.txt,72,checked
train,9999964_00000_d_0000055.txt,84,checked
train,9999964_00000_d_0000056.txt,32,checked
train,9999964_00000_d_0000057.txt,62,checked
train,9999964_00000_d_0000058.txt,131,checked
train,9999964_00000_d_0000059.txt,114,checked
train,9999964_00000_d_0000060.txt,43,checked
train,9999964_00000_d_0000061.txt,22,checked
train,9999964_00000_d_0000062.txt,64,checked
train,9999964_00000_d_0000063.txt,78,checked
train,9999964_00000_d_0000064.txt,50,checked
train,9999964_00000_d_0000065.txt,71,checked
train,9999964_00000_d_0000066.txt,93,checked
train,9999964_00000_d_0000067.txt,103,checked
train,9999964_00000_d_0000068.txt,118,checked
train,9999964_00000_d_0000069.txt,55,checked
train,9999964_00000_d_0000070.txt,74,checked
train,9999964_00000_d_0000071.txt,56,checked
train,9999964_00000_d_0000072.txt,67,checked
train,9999964_00000_d_0000073.txt,87,checked
train,9999964_00000_d_0000074.txt,160,checked
train,9999964_00000_d_0000075.txt,129,checked
train,9999964_00000_d_0000076.txt,38,checked
train,9999964_00000_d_0000077.txt,24,checked
train,9999964_00000_d_0000078.txt,26,checked
train,9999964_00000_d_0000079.txt,28,checked
train,9999964_00000_d_0000080.txt,27,checked
train,9999964_00000_d_0000081.txt,66,checked
train,9999964_00000_d_0000082.txt,73,checked
train,9999964_00000_d_0000083.txt,15,checked
train,9999964_00000_d_0000084.txt,43,checked
train,9999965_00000_d_0000001.txt,55,checked
train,9999965_00000_d_0000002.txt,41,checked
train,9999965_00000_d_0000003.txt,46,checked
train,9999965_00000_d_0000004.txt,67,checked
train,9999965_00000_d_0000005.txt,37,checked
train,9999965_00000_d_0000006.txt,106,checked
train,9999965_00000_d_0000007.txt,44,checked
train,9999965_00000_d_0000008.txt,41,checked
train,9999965_00000_d_0000009.txt,107,checked
train,9999965_00000_d_0000010.txt,23,checked
train,9999965_00000_d_0000011.txt,24,checked
train,9999965_00000_d_0000012.txt,35,checked
train,9999965_00000_d_0000013.txt,58,checked
train,9999965_00000_d_0000014.txt,47,checked
train,9999965_00000_d_0000015.txt,13,checked
train,9999965_00000_d_0000016.txt,22,checked
train,9999965_00000_d_0000017.txt,16,checked
train,9999965_00000_d_0000018.txt,28,checked
train,9999965_00000_d_0000019.txt,29,checked
train,9999965_00000_d_0000020.txt,29,checked
train,9999965_00000_d_0000021.txt,22,checked
train,9999965_00000_d_0000022.txt,53,checked
train,9999965_00000_d_0000023.txt,41,checked
train,9999965_00000_d_0000024.txt,53,checked
train,9999965_00000_d_0000025.txt,59,checked
train,9999965_00000_d_0000026.txt,161,checked
train,9999965_00000_d_0000027.txt,99,checked
train,9999965_00000_d_0000028.txt,222,checked
train,9999965_00000_d_0000029.txt,67,checked
train,9999965_00000_d_0000030.txt,76,checked
train,9999965_00000_d_0000031.txt,68,checked
train,9999965_00000_d_0000032.txt,78,checked
train,9999965_00000_d_0000033.txt,213,checked
train,9999965_00000_d_0000034.txt,58,checked
train,9999965_00000_d_0000035.txt,66,checked
train,9999965_00000_d_0000036.txt,75,checked
train,9999965_00000_d_0000037.txt,31,checked
train,9999965_00000_d_0000038.txt,64,checked
train,9999965_00000_d_0000039.txt,82,checked
train,9999965_00000_d_0000040.txt,57,checked
train,9999965_00000_d_0000041.txt,61,checked
train,9999965_00000_d_0000042.txt,142,checked
train,9999965_00000_d_0000043.txt,64,checked
train,9999965_00000_d_0000044.txt,59,checked
train,9999965_00000_d_0000045.txt,22,checked
train,9999965_00000_d_0000046.txt,87,checked
train,9999965_00000_d_0000047.txt,77,checked
train,9999965_00000_d_0000048.txt,109,checked
train,9999965_00000_d_0000049.txt,32,checked
train,9999965_00000_d_0000050.txt,94,checked
train,9999965_00000_d_0000051.txt,148,checked
train,9999965_00000_d_0000052.txt,121,checked
train,9999965_00000_d_0000053.txt,29,checked
train,9999965_00000_d_0000054.txt,91,checked
train,9999965_00000_d_0000055.txt,63,checked
train,9999965_00000_d_0000056.txt,35,checked
train,9999965_00000_d_0000057.txt,52,checked
train,9999965_00000_d_0000058.txt,96,checked
train,9999965_00000_d_0000059.txt,49,checked
train,9999965_00000_d_0000060.txt,51,checked
train,9999965_00000_d_0000061.txt,85,checked
train,9999965_00000_d_0000062.txt,47,checked
train,9999965_00000_d_0000063.txt,40,checked
train,9999965_00000_d_0000064.txt,31,checked
train,9999965_00000_d_0000065.txt,44,checked
train,9999965_00000_d_0000066.txt,21,checked
train,9999965_00000_d_0000067.txt,17,checked
train,9999965_00000_d_0000068.txt,26,checked
train,9999965_00000_d_0000069.txt,13,checked
train,9999965_00000_d_0000070.txt,9,checked
train,9999965_00000_d_0000071.txt,21,checked
train,9999965_00000_d_0000072.txt,10,checked
train,9999965_00000_d_0000073.txt,20,checked
train,9999965_00000_d_0000074.txt,12,checked
train,9999965_00000_d_0000075.txt,12,checked
train,9999965_00000_d_0000076.txt,9,checked
train,9999965_00000_d_0000077.txt,83,checked
train,9999965_00000_d_0000078.txt,32,checked
train,9999965_00000_d_0000079.txt,66,checked
train,9999966_00000_d_0000001.txt,39,checked
train,9999966_00000_d_0000002.txt,45,checked
train,9999966_00000_d_0000003.txt,42,checked
train,9999966_00000_d_0000004.txt,50,checked
train,9999966_00000_d_0000005.txt,62,checked
train,9999966_00000_d_0000006.txt,173,checked
train,9999966_00000_d_0000007.txt,82,checked
train,9999966_00000_d_0000008.txt,66,checked
train,9999966_00000_d_0000009.txt,42,checked
train,9999966_00000_d_0000010.txt,38,checked
train,9999966_00000_d_0000011.txt,57,checked
train,9999966_00000_d_0000012.txt,75,checked
train,9999966_00000_d_0000013.txt,21,checked
train,9999966_00000_d_0000014.txt,91,checked
train,9999966_00000_d_0000015.txt,42,checked
train,9999966_00000_d_0000016.txt,40,checked
train,9999966_00000_d_0000017.txt,47,checked
train,9999966_00000_d_0000018.txt,44,checked
train,9999966_00000_d_0000019.txt,41,checked
train,9999966_00000_d_0000020.txt,38,checked
train,9999966_00000_d_0000021.txt,17,checked
train,9999966_00000_d_0000022.txt,26,checked
train,9999966_00000_d_0000023.txt,30,checked
train,9999966_00000_d_0000024.txt,54,checked
train,9999966_00000_d_0000025.txt,23,checked
train,9999966_00000_d_0000026.txt,72,checked
train,9999966_00000_d_0000027.txt,76,checked
train,9999966_00000_d_0000028.txt,18,checked
train,9999966_00000_d_0000029.txt,181,checked
train,9999966_00000_d_0000030.txt,65,checked
train,9999966_00000_d_0000031.txt,94,checked
train,9999966_00000_d_0000032.txt,192,checked
train,9999966_00000_d_0000033.txt,94,checked
train,9999966_00000_d_0000034.txt,72,checked
train,9999966_00000_d_0000035.txt,59,checked
train,9999966_00000_d_0000036.txt,111,checked
train,9999966_00000_d_0000037.txt,81,checked
train,9999966_00000_d_0000038.txt,65,checked
train,9999966_00000_d_0000039.txt,37,checked
train,9999966_00000_d_0000040.txt,124,checked
train,9999966_00000_d_0000041.txt,97,checked
train,9999966_00000_d_0000042.txt,18,checked
train,9999966_00000_d_0000043.txt,86,checked
train,9999966_00000_d_0000044.txt,37,checked
train,9999966_00000_d_0000045.txt,27,checked
train,9999966_00000_d_0000046.txt,92,checked
train,9999966_00000_d_0000047.txt,44,checked
train,9999966_00000_d_0000048.txt,42,checked
train,9999966_00000_d_0000049.txt,109,checked
train,9999966_00000_d_0000050.txt,28,checked
train,9999966_00000_d_0000051.txt,75,checked
train,9999966_00000_d_0000052.txt,14,checked
train,9999966_00000_d_0000053.txt,44,checked
train,9999966_00000_d_0000054.txt,97,checked
train,9999966_00000_d_0000055.txt,85,checked
train,9999966_00000_d_0000056.txt,70,checked
train,9999966_00000_d_0000057.txt,122,checked
train,9999966_00000_d_0000058.txt,111,checked
train,9999966_00000_d_0000059.txt,75,checked
train,9999966_00000_d_0000060.txt,12,checked
train,9999966_00000_d_0000061.txt,40,checked
train,9999966_00000_d_0000062.txt,74,checked
train,9999966_00000_d_0000063.txt,135,checked
train,9999966_00000_d_0000064.txt,85,checked
train,9999966_00000_d_0000065.txt,24,checked
train,9999966_00000_d_0000066.txt,12,checked
train,9999966_00000_d_0000067.txt,26,checked
train,9999966_00000_d_0000068.txt,28,checked
train,9999966_00000_d_0000069.txt,13,checked
train,9999966_00000_d_0000070.txt,13,checked
train,9999966_00000_d_0000071.txt,20,checked
train,9999966_00000_d_0000072.txt,23,checked
train,9999966_00000_d_0000073.txt,32,checked
train,9999966_00000_d_0000074.txt,19,checked
train,9999966_00000_d_0000075.txt,29,checked
train,9999966_00000_d_0000076.txt,23,checked
train,9999966_00000_d_0000077.txt,24,checked
train,9999966_00000_d_0000078.txt,79,checked
train,9999966_00000_d_0000079.txt,56,checked
train,9999966_00000_d_0000080.txt,65,checked
train,9999966_00000_d_0000081.txt,38,checked
train,9999966_00000_d_0000082.txt,67,checked
train,9999966_00000_d_0000083.txt,33,checked
train,9999966_00000_d_0000084.txt,31,checked
train,9999966_00000_d_0000085.txt,16,checked
train,9999966_00000_d_0000086.txt,34,checked
train,9999966_00000_d_0000087.txt,31,checked
train,9999966_00000_d_0000088.txt,146,checked
train,9999966_00000_d_0000089.txt,170,checked
train,9999966_00000_d_0000090.txt,204,checked
train,9999966_00000_d_0000091.txt,129,checked
train,9999966_00000_d_0000092.txt,128,checked
train,9999966_00000_d_0000093.txt,80,checked
train,9999966_00000_d_0000094.txt,56,checked
train,9999966_00000_d_0000095.txt,95,checked
train,9999966_00000_d_0000096.txt,84,checked
train,9999966_00000_d_0000097.txt,44,checked
train,9999966_00000_d_0000098.txt,98,checked
train,9999966_00000_d_0000099.txt,27,checked
train,9999966_00000_d_0000100.txt,35,checked
train,9999966_00000_d_0000101.txt,20,checked
train,9999966_00000_d_0000102.txt,18,checked
train,9999966_00000_d_0000103.txt,62,checked
train,9999966_00000_d_0000104.txt,84,checked
train,9999966_00000_d_0000105.txt,104,checked
train,9999966_00000_d_0000106.txt,65,checked
train,9999966_00000_d_0000107.txt,102,checked
train,9999966_00000_d_0000108.txt,19,checked
train,9999966_00000_d_0000109.txt,27,checked
train,9999966_00000_d_0000110.txt,65,checked
train,9999966_00000_d_0000111.txt,67,checked
train,9999966_00000_d_0000112.txt,67,checked
train,9999966_00000_d_0000113.txt,33,checked
train,9999966_00000_d_0000114.txt,115,checked
train,9999966_00000_d_0000115.txt,33,checked
train,9999966_00000_d_0000116.txt,89,checked
train,9999966_00000_d_0000117.txt,15,checked
train,9999966_00000_d_0000118.txt,26,checked
train,9999966_00000_d_0000119.txt,21,checked
train,9999966_00000_d_0000120.txt,22,checked
train,9999966_00000_d_0000121.txt,42,checked
train,9999966_00000_d_0000122.txt,48,checked
train,9999966_00000_d_0000123.txt,35,checked
train,9999966_00000_d_0000124.txt,22,checked
train,9999966_00000_d_0000125.txt,20,checked
train,9999966_00000_d_0000126.txt,176,checked
train,9999966_00000_d_0000127.txt,120,checked
train,9999966_00000_d_0000128.txt,108,checked
train,9999966_00000_d_0000129.txt,132,checked
train,9999966_00000_d_0000130.txt,40,checked
train,9999966_00000_d_0000131.txt,143,checked
train,9999966_00000_d_0000132.txt,152,checked
train,9999966_00000_d_0000133.txt,95,checked
train,9999966_00000_d_0000134.txt,147,checked
train,9999966_00000_d_0000135.txt,50,checked
train,9999966_00000_d_0000136.txt,32,checked
train,9999966_00000_d_0000137.txt,38,checked
train,9999966_00000_d_0000138.txt,19,checked
train,9999966_00000_d_0000139.txt,17,checked
train,9999966_00000_d_0000140.txt,20,checked
train,9999967_00000_d_0000001.txt,45,checked
train,9999967_00000_d_0000002.txt,37,checked
train,9999967_00000_d_0000003.txt,24,checked
train,9999967_00000_d_0000004.txt,33,checked
train,9999967_00000_d_0000005.txt,26,checked
train,9999967_00000_d_0000006.txt,27,checked
train,9999967_00000_d_0000007.txt,40,checked
train,9999967_00000_d_0000008.txt,13,checked
train,9999967_00000_d_0000009.txt,21,checked
train,9999967_00000_d_0000010.txt,15,checked
train,9999967_00000_d_0000011.txt,20,checked
train,9999967_00000_d_0000012.txt,67,checked
train,9999967_00000_d_0000013.txt,20,checked
train,9999967_00000_d_0000014.txt,46,checked
train,9999967_00000_d_0000015.txt,21,checked
train,9999967_00000_d_0000016.txt,55,checked
train,9999967_00000_d_0000017.txt,81,checked
train,9999967_00000_d_0000018.txt,49,checked
train,9999967_00000_d_0000019.txt,37,checked
train,9999967_00000_d_0000020.txt,73,checked
train,9999967_00000_d_0000021.txt,124,checked
train,9999967_00000_d_0000022.txt,104,checked
train,9999967_00000_d_0000023.txt,38,checked
train,9999967_00000_d_0000024.txt,184,checked
train,9999967_00000_d_0000025.txt,69,checked
train,9999967_00000_d_0000026.txt,31,checked
train,9999967_00000_d_0000027.txt,25,checked
train,9999967_00000_d_0000028.txt,25,checked
train,9999967_00000_d_0000029.txt,98,checked
train,9999967_00000_d_0000030.txt,48,checked
train,9999967_00000_d_0000031.txt,56,checked
train,9999967_00000_d_0000032.txt,24,checked
train,9999967_00000_d_0000033.txt,49,checked
train,9999967_00000_d_0000034.txt,83,checked
train,9999967_00000_d_0000035.txt,59,checked
train,9999967_00000_d_0000036.txt,92,checked
train,9999967_00000_d_0000037.txt,26,checked
train,9999967_00000_d_0000038.txt,35,checked
train,9999967_00000_d_0000039.txt,59,checked
train,9999967_00000_d_0000040.txt,77,checked
train,9999967_00000_d_0000041.txt,37,checked
train,9999967_00000_d_0000042.txt,63,checked
train,9999967_00000_d_0000043.txt,34,checked
train,9999967_00000_d_0000044.txt,39,checked
train,9999967_00000_d_0000045.txt,76,checked
train,9999967_00000_d_0000046.txt,95,checked
train,9999967_00000_d_0000047.txt,58,checked
train,9999967_00000_d_0000048.txt,36,checked
train,9999967_00000_d_0000049.txt,52,checked
train,9999967_00000_d_0000050.txt,107,checked
train,9999967_00000_d_0000051.txt,94,checked
train,9999967_00000_d_0000052.txt,89,checked
train,9999967_00000_d_0000053.txt,81,checked
train,9999967_00000_d_0000054.txt,46,checked
train,9999967_00000_d_0000055.txt,62,checked
train,9999967_00000_d_0000056.txt,85,checked
train,9999967_00000_d_0000057.txt,39,checked
train,9999967_00000_d_0000058.txt,142,checked
train,9999967_00000_d_0000059.txt,88,checked
train,9999967_00000_d_0000060.txt,111,checked
train,9999967_00000_d_0000061.txt,76,checked
train,9999967_00000_d_0000062.txt,115,checked
train,9999967_00000_d_0000063.txt,118,checked
train,9999967_00000_d_0000064.txt,24,checked
train,9999967_00000_d_0000065.txt,24,checked
train,9999967_00000_d_0000066.txt,17,checked
train,9999967_00000_d_0000067.txt,46,checked
train,9999969_00000_d_0000001.txt,16,checked
train,9999969_00000_d_0000002.txt,66,checked
train,9999969_00000_d_0000003.txt,67,checked
train,9999969_00000_d_0000004.txt,42,checked
train,9999969_00000_d_0000005.txt,110,checked
train,9999969_00000_d_0000006.txt,55,checked
train,9999969_00000_d_0000007.txt,90,checked
train,9999969_00000_d_0000008.txt,85,checked
train,9999969_00000_d_0000009.txt,56,checked
train,9999969_00000_d_0000010.txt,63,checked
train,9999969_00000_d_0000011.txt,56,checked
train,9999969_00000_d_0000012.txt,94,checked
train,9999969_00000_d_0000013.txt,65,checked
train,9999969_00000_d_0000014.txt,30,checked
train,9999969_00000_d_0000015.txt,40,checked
train,9999969_00000_d_0000016.txt,79,checked
train,9999969_00000_d_0000017.txt,71,checked
train,9999969_00000_d_0000018.txt,60,checked
train,9999969_00000_d_0000019.txt,22,checked
train,9999969_00000_d_0000020.txt,45,checked
train,9999969_00000_d_0000021.txt,46,checked
train,9999969_00000_d_0000022.txt,70,checked
train,9999969_00000_d_0000023.txt,16,checked
train,9999969_00000_d_0000024.txt,36,checked
train,9999969_00000_d_0000025.txt,24,checked
train,9999969_00000_d_0000026.txt,19,checked
train,9999969_00000_d_0000027.txt,57,checked
train,9999969_00000_d_0000028.txt,45,checked
train,9999969_00000_d_0000029.txt,83,checked
train,9999969_00000_d_0000030.txt,118,checked
train,9999969_00000_d_0000031.txt,105,checked
train,9999969_00000_d_0000032.txt,100,checked
train,9999969_00000_d_0000033.txt,49,checked
train,9999969_00000_d_0000034.txt,75,checked
train,9999969_00000_d_0000035.txt,109,checked
train,9999969_00000_d_0000036.txt,51,checked
train,9999969_00000_d_0000037.txt,39,checked
train,9999969_00000_d_0000038.txt,85,checked
train,9999969_00000_d_0000039.txt,43,checked
train,9999969_00000_d_0000040.txt,44,checked
train,9999969_00000_d_0000041.txt,41,checked
train,9999969_00000_d_0000042.txt,59,checked
train,9999969_00000_d_0000043.txt,36,checked
train,9999969_00000_d_0000044.txt,5,checked
train,9999969_00000_d_0000045.txt,47,checked
train,9999969_00000_d_0000046.txt,82,checked
train,9999969_00000_d_0000047.txt,66,checked
train,9999969_00000_d_0000048.txt,48,checked
train,9999969_00000_d_0000049.txt,44,checked
train,9999969_00000_d_0000050.txt,55,checked
train,9999969_00000_d_0000051.txt,25,checked
train,9999969_00000_d_0000052.txt,50,checked
train,9999969_00000_d_0000053.txt,43,checked
train,9999969_00000_d_0000054.txt,55,checked
train,9999969_00000_d_0000055.txt,50,checked
train,9999969_00000_d_0000056.txt,73,checked
train,9999969_00000_d_0000057.txt,44,checked
train,9999969_00000_d_0000058.txt,61,checked
train,9999969_00000_d_0000059.txt,40,checked
train,9999969_00000_d_0000060.txt,38,checked
train,9999969_00000_d_0000061.txt,38,checked
train,9999969_00000_d_0000062.txt,44,checked
train,9999969_00000_d_0000063.txt,24,checked
train,9999969_00000_d_0000064.txt,27,checked
train,9999969_00000_d_0000065.txt,36,checked
train,9999969_00000_d_0000066.txt,47,checked
train,9999969_00000_d_0000067.txt,33,checked
train,9999969_00000_d_0000068.txt,62,checked
train,9999969_00000_d_0000069.txt,44,checked
train,9999969_00000_d_0000070.txt,114,checked
train,9999970_00000_d_0000001.txt,65,checked
train,9999970_00000_d_0000002.txt,103,checked
train,9999970_00000_d_0000003.txt,40,checked
train,9999970_00000_d_0000004.txt,52,checked
train,9999970_00000_d_0000005.txt,47,checked
train,9999970_00000_d_0000006.txt,59,checked
train,9999970_00000_d_0000007.txt,74,checked
train,9999970_00000_d_0000008.txt,94,checked
train,9999970_00000_d_0000009.txt,30,checked
train,9999970_00000_d_0000010.txt,22,checked
train,9999970_00000_d_0000011.txt,76,checked
train,9999970_00000_d_0000012.txt,90,checked
train,9999970_00000_d_0000013.txt,99,checked
train,9999970_00000_d_0000014.txt,126,checked
train,9999970_00000_d_0000015.txt,100,checked
train,9999970_00000_d_0000016.txt,96,checked
train,9999970_00000_d_0000017.txt,228,checked
train,9999970_00000_d_0000018.txt,32,checked
train,9999970_00000_d_0000019.txt,75,checked
train,9999970_00000_d_0000020.txt,165,checked
train,9999970_00000_d_0000021.txt,152,checked
train,9999970_00000_d_0000022.txt,117,checked
train,9999970_00000_d_0000023.txt,67,checked
train,9999970_00000_d_0000024.txt,94,checked
train,9999970_00000_d_0000025.txt,90,checked
train,9999970_00000_d_0000026.txt,100,checked
train,9999970_00000_d_0000027.txt,89,checked
train,9999970_00000_d_0000028.txt,39,checked
train,9999970_00000_d_0000029.txt,51,checked
train,9999970_00000_d_0000030.txt,49,checked
train,9999970_00000_d_0000031.txt,69,checked
train,9999970_00000_d_0000032.txt,41,checked
train,9999970_00000_d_0000033.txt,44,checked
train,9999970_00000_d_0000034.txt,57,checked
train,9999970_00000_d_0000035.txt,121,checked
train,9999970_00000_d_0000036.txt,57,checked
train,9999970_00000_d_0000037.txt,46,checked
train,9999970_00000_d_0000038.txt,70,checked
train,9999970_00000_d_0000039.txt,87,checked
train,9999970_00000_d_0000040.txt,55,checked
train,9999970_00000_d_0000041.txt,48,checked
train,9999970_00000_d_0000042.txt,45,checked
train,9999970_00000_d_0000043.txt,52,checked
train,9999970_00000_d_0000044.txt,65,checked
train,9999970_00000_d_0000045.txt,135,checked
train,9999970_00000_d_0000046.txt,99,checked
train,9999970_00000_d_0000047.txt,67,checked
train,9999972_00000_d_0000001.txt,10,checked
train,9999972_00000_d_0000002.txt,23,checked
train,9999972_00000_d_0000003.txt,31,checked
train,9999972_00000_d_0000004.txt,21,checked
train,9999972_00000_d_0000005.txt,10,checked
train,9999972_00000_d_0000006.txt,18,checked
train,9999972_00000_d_0000007.txt,11,checked
train,9999972_00000_d_0000008.txt,15,checked
train,9999972_00000_d_0000009.txt,6,checked
train,9999972_00000_d_0000010.txt,16,checked
train,9999972_00000_d_0000011.txt,19,checked
train,9999972_00000_d_0000012.txt,25,checked
train,9999972_00000_d_0000013.txt,30,checked
train,9999972_00000_d_0000014.txt,23,checked
train,9999972_00000_d_0000015.txt,18,checked
train,9999972_00000_d_0000016.txt,15,checked
train,9999972_00000_d_0000017.txt,24,checked
train,9999972_00000_d_0000018.txt,12,checked
train,9999972_00000_d_0000019.txt,19,checked
train,9999972_00000_d_0000020.txt,17,checked
train,9999972_00000_d_0000021.txt,34,checked
train,9999972_00000_d_0000022.txt,13,checked
train,9999972_00000_d_0000023.txt,30,checked
train,9999972_00000_d_0000024.txt,28,checked
train,9999972_00000_d_0000025.txt,18,checked
train,9999972_00000_d_0000026.txt,8,checked
train,9999972_00000_d_0000027.txt,26,checked
train,9999972_00000_d_0000028.txt,13,checked
train,9999972_00000_d_0000029.txt,21,checked
train,9999972_00000_d_0000030.txt,8,checked
train,9999972_00000_d_0000031.txt,32,checked
train,9999972_00000_d_0000032.txt,22,checked
train,9999972_00000_d_0000033.txt,43,checked
train,9999972_00000_d_0000034.txt,11,checked
train,9999972_00000_d_0000035.txt,14,checked
train,9999972_00000_d_0000036.txt,10,checked
train,9999972_00000_d_0000037.txt,25,checked
train,9999972_00000_d_0000038.txt,11,checked
train,9999972_00000_d_0000039.txt,9,checked
train,9999972_00000_d_0000040.txt,7,checked
train,9999972_00000_d_0000041.txt,24,checked
train,9999972_00000_d_0000042.txt,30,checked
train,9999972_00000_d_0000043.txt,24,checked
train,9999972_00000_d_0000044.txt,26,checked
train,9999972_00000_d_0000045.txt,22,checked
train,9999972_00000_d_0000046.txt,35,checked
train,9999972_00000_d_0000047.txt,7,checked
train,9999972_00000_d_0000048.txt,20,checked
train,9999972_00000_d_0000049.txt,9,checked
train,9999972_00000_d_0000050.txt,43,checked
train,9999972_00000_d_0000051.txt,49,checked
train,9999972_00000_d_0000052.txt,25,checked
train,9999972_00000_d_0000053.txt,10,checked
train,9999972_00000_d_0000054.txt,13,checked
train,9999972_00000_d_0000055.txt,21,checked
train,9999972_00000_d_0000056.txt,30,checked
train,9999972_00000_d_0000057.txt,44,checked
train,9999972_00000_d_0000058.txt,9,checked
train,9999972_00000_d_0000059.txt,11,checked
train,9999972_00000_d_0000060.txt,7,checked
train,9999972_00000_d_0000061.txt,33,checked
train,9999972_00000_d_0000062.txt,19,checked
train,9999972_00000_d_0000063.txt,19,checked
train,9999972_00000_d_0000064.txt,15,checked
train,9999972_00000_d_0000065.txt,21,checked
train,9999972_00000_d_0000066.txt,26,checked
train,9999972_00000_d_0000067.txt,38,checked
train,9999972_00000_d_0000068.txt,43,checked
train,9999972_00000_d_0000069.txt,13,checked
train,9999972_00000_d_0000070.txt,20,checked
train,9999972_00000_d_0000071.txt,21,checked
train,9999972_00000_d_0000072.txt,47,checked
train,9999972_00000_d_0000073.txt,21,checked
train,9999972_00000_d_0000074.txt,19,checked
train,9999972_00000_d_0000075.txt,17,checked
train,9999972_00000_d_0000076.txt,21,checked
train,9999972_00000_d_0000077.txt,16,checked
train,9999972_00000_d_0000078.txt,15,checked
train,9999972_00000_d_0000079.txt,37,checked
train,9999972_00000_d_0000080.txt,30,checked
train,9999972_00000_d_0000081.txt,28,checked
train,9999972_00000_d_0000082.txt,24,checked
train,9999972_00000_d_0000083.txt,20,checked
train,9999972_00000_d_0000084.txt,32,checked
train,9999972_00000_d_0000085.txt,35,checked
train,9999972_00000_d_0000086.txt,26,checked
train,9999972_00000_d_0000087.txt,33,checked
train,9999972_00000_d_0000088.txt,31,checked
train,9999972_00000_d_0000089.txt,37,checked
train,9999972_00000_d_0000090.txt,27,checked
train,9999972_00000_d_0000091.txt,26,checked
train,9999972_00000_d_0000092.txt,21,checked
train,9999972_00000_d_0000093.txt,15,checked
train,9999972_00000_d_0000094.txt,36,checked
train,9999972_00000_d_0000095.txt,9,checked
train,9999972_00000_d_0000096.txt,42,checked
train,9999972_00000_d_0000097.txt,5,checked
train,9999972_00000_d_0000098.txt,48,checked
train,9999972_00000_d_0000099.txt,46,checked
train,9999972_00000_d_0000100.txt,23,checked
train,9999972_00000_d_0000101.txt,19,checked
train,9999972_00000_d_0000102.txt,13,checked
train,9999972_00000_d_0000103.txt,17,checked
train,9999972_00000_d_0000104.txt,15,checked
train,9999972_00000_d_0000105.txt,23,checked
train,9999972_00000_d_0000106.txt,19,checked
train,9999972_00000_d_0000107.txt,30,checked
train,9999972_00000_d_0000108.txt,37,checked
train,9999972_00000_d_0000109.txt,53,checked
train,9999972_00000_d_0000110.txt,10,checked
train,9999972_00000_d_0000111.txt,19,checked
train,9999972_00000_d_0000112.txt,20,checked
train,9999972_00000_d_0000113.txt,24,checked
train,9999972_00000_d_0000114.txt,19,checked
train,9999972_00000_d_0000115.txt,32,checked
train,9999972_00000_d_0000116.txt,9,checked
train,9999972_00000_d_0000117.txt,9,checked
train,9999972_00000_d_0000118.txt,22,checked
train,9999972_00000_d_0000119.txt,23,checked
train,9999972_00000_d_0000120.txt,21,checked
train,9999972_00000_d_0000121.txt,9,checked
train,9999972_00000_d_0000122.txt,20,checked
train,9999972_00000_d_0000123.txt,24,checked
train,9999972_00000_d_0000124.txt,30,checked
train,9999972_00000_d_0000125.txt,24,checked
train,9999972_00000_d_0000126.txt,41,checked
train,9999972_00000_d_0000127.txt,42,checked
train,9999972_00000_d_0000128.txt,35,checked
train,9999972_00000_d_0000129.txt,36,checked
train,9999972_00000_d_0000130.txt,45,checked
train,9999972_00000_d_0000131.txt,25,checked
train,9999972_00000_d_0000132.txt,27,checked
train,9999972_00000_d_0000133.txt,28,checked
train,9999972_00000_d_0000134.txt,27,checked
train,9999972_00000_d_0000135.txt,48,checked
train,9999972_00000_d_0000136.txt,46,checked
train,9999972_00000_d_0000137.txt,59,checked
train,9999972_00000_d_0000138.txt,35,checked
train,9999972_00000_d_0000139.txt,42,checked
train,9999972_00000_d_0000140.txt,28,checked
train,9999972_00000_d_0000141.txt,66,checked
train,9999972_00000_d_0000142.txt,51,checked
train,9999972_00000_d_0000143.txt,11,checked
train,9999972_00000_d_0000144.txt,29,checked
train,9999972_00000_d_0000145.txt,33,checked
train,9999972_00000_d_0000146.txt,12,checked
train,9999972_00000_d_0000147.txt,13,checked
train,9999972_00000_d_0000148.txt,8,checked
train,9999972_00000_d_0000149.txt,4,checked
train,9999972_00000_d_0000150.txt,74,checked
train,9999972_00000_d_0000151.txt,18,checked
train,9999972_00000_d_0000152.txt,17,checked
train,9999972_00000_d_0000153.txt,5,checked
train,9999972_00000_d_0000154.txt,21,checked
train,9999972_00000_d_0000155.txt,19,checked
train,9999972_00000_d_0000156.txt,23,checked
train,9999972_00000_d_0000157.txt,12,checked
train,9999972_00000_d_0000158.txt,22,checked
train,9999972_00000_d_0000159.txt,8,checked
train,9999972_00000_d_0000160.txt,23,checked
train,9999972_00000_d_0000161.txt,16,checked
train,9999972_00000_d_0000162.txt,29,checked
train,9999974_00000_d_0000001.txt,29,checked
train,9999974_00000_d_0000002.txt,15,checked
train,9999974_00000_d_0000003.txt,40,checked
train,9999974_00000_d_0000004.txt,26,checked
train,9999974_00000_d_0000005.txt,17,checked
train,9999974_00000_d_0000006.txt,26,checked
train,9999974_00000_d_0000007.txt,65,checked
train,9999974_00000_d_0000008.txt,33,checked
train,9999974_00000_d_0000009.txt,26,checked
train,9999974_00000_d_0000010.txt,23,checked
train,9999974_00000_d_0000011.txt,26,checked
train,9999974_00000_d_0000012.txt,26,checked
train,9999974_00000_d_0000013.txt,19,checked
train,9999974_00000_d_0000014.txt,27,checked
train,9999974_00000_d_0000015.txt,42,checked
train,9999974_00000_d_0000016.txt,29,checked
train,9999974_00000_d_0000017.txt,56,checked
train,9999974_00000_d_0000018.txt,37,checked
train,9999974_00000_d_0000019.txt,22,checked
train,9999974_00000_d_0000020.txt,28,checked
train,9999974_00000_d_0000021.txt,14,checked
train,9999974_00000_d_0000022.txt,15,checked
train,9999974_00000_d_0000023.txt,14,checked
train,9999974_00000_d_0000024.txt,28,checked
train,9999974_00000_d_0000025.txt,32,checked
train,9999974_00000_d_0000026.txt,54,checked
train,9999974_00000_d_0000027.txt,55,checked
train,9999974_00000_d_0000028.txt,21,checked
train,9999974_00000_d_0000029.txt,74,checked
train,9999974_00000_d_0000030.txt,48,checked
train,9999974_00000_d_0000031.txt,13,checked
train,9999974_00000_d_0000032.txt,13,checked
train,9999974_00000_d_0000033.txt,38,checked
train,9999974_00000_d_0000034.txt,48,checked
train,9999974_00000_d_0000035.txt,37,checked
train,9999974_00000_d_0000036.txt,47,checked
train,9999974_00000_d_0000037.txt,25,checked
train,9999974_00000_d_0000038.txt,14,checked
train,9999974_00000_d_0000039.txt,27,checked
train,9999974_00000_d_0000040.txt,28,checked
train,9999974_00000_d_0000041.txt,27,checked
train,9999974_00000_d_0000042.txt,34,checked
train,9999974_00000_d_0000043.txt,30,checked
train,9999974_00000_d_0000044.txt,23,checked
train,9999974_00000_d_0000045.txt,22,checked
train,9999974_00000_d_0000046.txt,31,checked
train,9999974_00000_d_0000047.txt,38,checked
train,9999974_00000_d_0000048.txt,36,checked
train,9999974_00000_d_0000049.txt,14,checked
train,9999974_00000_d_0000050.txt,22,checked
train,9999974_00000_d_0000051.txt,19,checked
train,9999974_00000_d_0000052.txt,29,checked
train,9999974_00000_d_0000053.txt,34,checked
train,9999974_00000_d_0000054.txt,30,checked
train,9999974_00000_d_0000055.txt,13,checked
train,9999974_00000_d_0000056.txt,43,checked
train,9999974_00000_d_0000057.txt,36,checked
train,9999975_00000_d_0000001.txt,52,checked
train,9999975_00000_d_0000002.txt,65,checked
train,9999975_00000_d_0000003.txt,60,checked
train,9999975_00000_d_0000004.txt,111,checked
train,9999975_00000_d_0000005.txt,57,checked
train,9999975_00000_d_0000006.txt,65,checked
train,9999975_00000_d_0000007.txt,143,checked
train,9999975_00000_d_0000008.txt,68,checked
train,9999975_00000_d_0000009.txt,87,checked
train,9999975_00000_d_0000010.txt,103,checked
train,9999975_00000_d_0000011.txt,128,checked
train,9999975_00000_d_0000012.txt,108,checked
train,9999975_00000_d_0000013.txt,117,checked
train,9999975_00000_d_0000014.txt,100,checked
train,9999975_00000_d_0000015.txt,119,checked
train,9999975_00000_d_0000016.txt,86,checked
train,9999975_00000_d_0000017.txt,75,checked
train,9999975_00000_d_0000018.txt,76,checked
train,9999975_00000_d_0000019.txt,146,checked
train,9999975_00000_d_0000020.txt,168,checked
train,9999975_00000_d_0000021.txt,140,checked
train,9999975_00000_d_0000022.txt,126,checked
train,9999975_00000_d_0000023.txt,61,checked
train,9999975_00000_d_0000024.txt,53,checked
train,9999975_00000_d_0000025.txt,41,checked
train,9999975_00000_d_0000026.txt,38,checked
train,9999975_00000_d_0000027.txt,97,checked
train,9999975_00000_d_0000028.txt,109,checked
train,9999975_00000_d_0000029.txt,128,checked
train,9999975_00000_d_0000030.txt,118,checked
train,9999975_00000_d_0000031.txt,103,checked
train,9999975_00000_d_0000032.txt,94,checked
train,9999975_00000_d_0000033.txt,48,checked
train,9999975_00000_d_0000034.txt,45,checked
train,9999977_00000_d_0000001.txt,38,checked
train,9999977_00000_d_0000002.txt,45,checked
train,9999977_00000_d_0000003.txt,42,checked
train,9999977_00000_d_0000004.txt,40,checked
train,9999977_00000_d_0000005.txt,29,checked
train,9999977_00000_d_0000006.txt,31,checked
train,9999977_00000_d_0000007.txt,36,checked
train,9999977_00000_d_0000008.txt,48,checked
train,9999977_00000_d_0000009.txt,46,checked
train,9999977_00000_d_0000010.txt,31,checked
train,9999977_00000_d_0000011.txt,41,checked
train,9999977_00000_d_0000012.txt,40,checked
train,9999977_00000_d_0000013.txt,43,checked
train,9999977_00000_d_0000014.txt,39,checked
train,9999977_00000_d_0000015.txt,41,checked
train,9999977_00000_d_0000016.txt,42,checked
train,9999977_00000_d_0000017.txt,43,checked
train,9999977_00000_d_0000018.txt,42,checked
train,9999977_00000_d_0000019.txt,42,checked
train,9999977_00000_d_0000020.txt,38,checked
train,9999977_00000_d_0000021.txt,43,checked
train,9999977_00000_d_0000022.txt,32,checked
train,9999977_00000_d_0000023.txt,13,checked
train,9999977_00000_d_0000024.txt,35,checked
train,9999977_00000_d_0000025.txt,36,checked
train,9999977_00000_d_0000026.txt,36,checked
train,9999977_00000_d_0000027.txt,28,checked
train,9999977_00000_d_0000028.txt,22,checked
train,9999977_00000_d_0000029.txt,20,checked
train,9999977_00000_d_0000030.txt,13,checked
train,9999977_00000_d_0000031.txt,14,checked
train,9999977_00000_d_0000032.txt,14,checked
train,9999977_00000_d_0000033.txt,82,checked
train,9999977_00000_d_0000034.txt,92,checked
train,9999977_00000_d_0000035.txt,69,checked
train,9999977_00000_d_0000036.txt,86,checked
train,9999977_00000_d_0000037.txt,70,checked
train,9999977_00000_d_0000038.txt,72,checked
train,9999977_00000_d_0000039.txt,17,checked
train,9999977_00000_d_0000040.txt,89,checked
train,9999977_00000_d_0000041.txt,82,checked
train,9999977_00000_d_0000042.txt,71,checked
train,9999977_00000_d_0000043.txt,72,checked
train,9999977_00000_d_0000044.txt,65,checked
train,9999977_00000_d_0000045.txt,50,checked
train,9999977_00000_d_0000046.txt,51,checked
train,9999977_00000_d_0000047.txt,58,checked
train,9999977_00000_d_0000048.txt,71,checked
train,9999977_00000_d_0000049.txt,62,checked
train,9999977_00000_d_0000050.txt,62,checked
train,9999977_00000_d_0000051.txt,55,checked
train,9999977_00000_d_0000052.txt,41,checked
train,9999977_00000_d_0000053.txt,30,checked
train,9999977_00000_d_0000054.txt,32,checked
train,9999977_00000_d_0000055.txt,35,checked
train,9999977_00000_d_0000056.txt,27,checked
train,9999977_00000_d_0000057.txt,29,checked
train,9999977_00000_d_0000058.txt,28,checked
train,9999977_00000_d_0000059.txt,33,checked
train,9999977_00000_d_0000060.txt,27,checked
train,9999977_00000_d_0000061.txt,25,checked
train,9999977_00000_d_0000062.txt,16,checked
train,9999977_00000_d_0000063.txt,45,checked
train,9999977_00000_d_0000064.txt,48,checked
train,9999977_00000_d_0000065.txt,37,checked
train,9999977_00000_d_0000066.txt,43,checked
train,9999977_00000_d_0000067.txt,37,checked
train,9999977_00000_d_0000068.txt,22,checked
train,9999977_00000_d_0000069.txt,8,checked
train,9999977_00000_d_0000070.txt,33,checked
train,9999977_00000_d_0000071.txt,23,checked
train,9999977_00000_d_0000072.txt,7,checked
train,9999977_00000_d_0000073.txt,6,checked
train,9999977_00000_d_0000074.txt,6,checked
train,9999977_00000_d_0000075.txt,16,checked
train,9999977_00000_d_0000076.txt,30,checked
train,9999977_00000_d_0000077.txt,24,checked
train,9999977_00000_d_0000078.txt,37,checked
train,9999977_00000_d_0000079.txt,38,checked
train,9999977_00000_d_0000080.txt,36,checked
train,9999977_00000_d_0000081.txt,42,checked
train,9999977_00000_d_0000082.txt,27,checked
train,9999977_00000_d_0000083.txt,35,checked
train,9999977_00000_d_0000084.txt,36,checked
train,9999977_00000_d_0000085.txt,47,checked
train,9999977_00000_d_0000086.txt,37,checked
train,9999977_00000_d_0000087.txt,54,checked
train,9999977_00000_d_0000088.txt,43,checked
train,9999977_00000_d_0000089.txt,30,checked
train,9999977_00000_d_0000090.txt,23,checked
train,9999977_00000_d_0000091.txt,18,checked
train,9999977_00000_d_0000092.txt,36,checked
train,9999977_00000_d_0000093.txt,38,checked
train,9999977_00000_d_0000094.txt,45,checked
train,9999977_00000_d_0000095.txt,53,checked
train,9999977_00000_d_0000096.txt,57,checked
train,9999977_00000_d_0000097.txt,54,checked
train,9999977_00000_d_0000098.txt,43,checked
train,9999977_00000_d_0000099.txt,47,checked
train,9999977_00000_d_0000100.txt,26,checked
train,9999977_00000_d_0000101.txt,32,checked
train,9999981_00000_d_0000001.txt,13,checked
train,9999981_00000_d_0000002.txt,67,checked
train,9999981_00000_d_0000003.txt,58,checked
train,9999981_00000_d_0000004.txt,10,checked
train,9999981_00000_d_0000005.txt,14,checked
train,9999981_00000_d_0000006.txt,54,checked
train,9999981_00000_d_0000007.txt,13,checked
train,9999981_00000_d_0000008.txt,15,checked
train,9999981_00000_d_0000009.txt,6,checked
train,9999981_00000_d_0000010.txt,21,checked
train,9999981_00000_d_0000011.txt,69,checked
train,9999981_00000_d_0000012.txt,22,checked
train,9999981_00000_d_0000013.txt,9,checked
train,9999981_00000_d_0000014.txt,56,checked
train,9999981_00000_d_0000015.txt,73,checked
train,9999981_00000_d_0000016.txt,47,checked
train,9999981_00000_d_0000017.txt,28,checked
train,9999981_00000_d_0000018.txt,57,checked
train,9999981_00000_d_0000019.txt,54,checked
train,9999981_00000_d_0000020.txt,35,checked
train,9999981_00000_d_0000021.txt,58,checked
train,9999981_00000_d_0000022.txt,17,checked
train,9999981_00000_d_0000023.txt,97,checked
train,9999981_00000_d_0000024.txt,65,checked
train,9999981_00000_d_0000025.txt,26,checked
train,9999981_00000_d_0000026.txt,9,checked
train,9999981_00000_d_0000027.txt,77,checked
train,9999981_00000_d_0000028.txt,49,checked
train,9999981_00000_d_0000029.txt,47,checked
train,9999981_00000_d_0000030.txt,38,checked
train,9999981_00000_d_0000031.txt,43,checked
train,9999981_00000_d_0000032.txt,24,checked
train,9999981_00000_d_0000033.txt,35,checked
train,9999981_00000_d_0000034.txt,14,checked
train,9999981_00000_d_0000035.txt,70,checked
train,9999981_00000_d_0000036.txt,39,checked
train,9999981_00000_d_0000037.txt,92,checked
train,9999981_00000_d_0000038.txt,12,checked
train,9999981_00000_d_0000039.txt,35,checked
train,9999981_00000_d_0000040.txt,55,checked
train,9999981_00000_d_0000041.txt,93,checked
train,9999981_00000_d_0000042.txt,51,checked
train,9999981_00000_d_0000043.txt,22,checked
train,9999981_00000_d_0000044.txt,12,checked
train,9999981_00000_d_0000045.txt,68,checked
train,9999981_00000_d_0000046.txt,17,checked
train,9999981_00000_d_0000047.txt,52,checked
train,9999981_00000_d_0000048.txt,99,checked
train,9999981_00000_d_0000049.txt,31,checked
train,9999981_00000_d_0000050.txt,47,checked
train,9999981_00000_d_0000051.txt,11,checked
train,9999981_00000_d_0000052.txt,18,checked
train,9999981_00000_d_0000053.txt,15,checked
train,9999981_00000_d_0000054.txt,40,checked
train,9999981_00000_d_0000055.txt,121,checked
train,9999981_00000_d_0000056.txt,30,checked
train,9999981_00000_d_0000057.txt,27,checked
train,9999981_00000_d_0000058.txt,11,checked
train,9999981_00000_d_0000059.txt,18,checked
train,9999981_00000_d_0000060.txt,53,checked
train,9999981_00000_d_0000061.txt,23,checked
train,9999981_00000_d_0000062.txt,56,checked
train,9999981_00000_d_0000063.txt,24,checked
train,9999981_00000_d_0000064.txt,9,checked
train,9999981_00000_d_0000065.txt,20,checked
train,9999981_00000_d_0000066.txt,20,checked
train,9999981_00000_d_0000067.txt,11,checked
train,9999981_00000_d_0000068.txt,23,checked
train,9999981_00000_d_0000069.txt,39,checked
train,9999981_00000_d_0000070.txt,60,checked
train,9999981_00000_d_0000071.txt,7,checked
train,9999981_00000_d_0000072.txt,20,checked
train,9999981_00000_d_0000073.txt,36,checked
train,9999981_00000_d_0000074.txt,50,checked
train,9999981_00000_d_0000075.txt,40,checked
train,9999981_00000_d_0000076.txt,64,checked
train,9999981_00000_d_0000077.txt,59,checked
train,9999981_00000_d_0000078.txt,9,checked
train,9999981_00000_d_0000079.txt,71,checked
train,9999981_00000_d_0000080.txt,29,checked
train,9999981_00000_d_0000081.txt,17,checked
train,9999981_00000_d_0000082.txt,37,checked
train,9999981_00000_d_0000083.txt,43,checked
train,9999981_00000_d_0000084.txt,8,checked
train,9999981_00000_d_0000085.txt,24,checked
train,9999981_00000_d_0000086.txt,92,checked
train,9999981_00000_d_0000087.txt,40,checked
train,9999981_00000_d_0000088.txt,74,checked
train,9999981_00000_d_0000089.txt,70,checked
train,9999981_00000_d_0000090.txt,30,checked
train,9999981_00000_d_0000091.txt,86,checked
train,9999981_00000_d_0000092.txt,30,checked
train,9999981_00000_d_0000093.txt,9,checked
train,9999981_00000_d_0000094.txt,46,checked
train,9999981_00000_d_0000095.txt,122,checked
train,9999981_00000_d_0000096.txt,29,checked
train,9999981_00000_d_0000097.txt,41,checked
train,9999981_00000_d_0000098.txt,11,checked
train,9999981_00000_d_0000099.txt,64,checked
train,9999981_00000_d_0000100.txt,36,checked
train,9999981_00000_d_0000101.txt,43,checked
train,9999981_00000_d_0000102.txt,51,checked
train,9999981_00000_d_0000103.txt,11,checked
train,9999981_00000_d_0000104.txt,22,checked
train,9999981_00000_d_0000105.txt,21,checked
train,9999981_00000_d_0000106.txt,35,checked
train,9999981_00000_d_0000107.txt,12,checked
train,9999981_00000_d_0000108.txt,46,checked
train,9999981_00000_d_0000109.txt,32,checked
train,9999981_00000_d_0000110.txt,23,checked
train,9999981_00000_d_0000111.txt,8,checked
train,9999981_00000_d_0000112.txt,36,checked
train,9999981_00000_d_0000113.txt,25,checked
train,9999981_00000_d_0000114.txt,50,checked
train,9999981_00000_d_0000115.txt,15,checked
train,9999981_00000_d_0000116.txt,7,checked
train,9999981_00000_d_0000117.txt,140,checked
train,9999981_00000_d_0000118.txt,20,checked
train,9999981_00000_d_0000119.txt,18,checked
train,9999981_00000_d_0000120.txt,36,checked
train,9999981_00000_d_0000121.txt,53,checked
train,9999981_00000_d_0000122.txt,80,checked
train,9999981_00000_d_0000123.txt,92,checked
train,9999981_00000_d_0000124.txt,54,checked
train,9999981_00000_d_0000125.txt,80,checked
train,9999981_00000_d_0000126.txt,43,checked
train,9999981_00000_d_0000127.txt,66,checked
train,9999981_00000_d_0000128.txt,40,checked
train,9999981_00000_d_0000129.txt,21,checked
train,9999981_00000_d_0000130.txt,7,checked
train,9999981_00000_d_0000131.txt,75,checked
train,9999981_00000_d_0000132.txt,8,checked
train,9999981_00000_d_0000133.txt,16,checked
train,9999981_00000_d_0000134.txt,48,checked
train,9999981_00000_d_0000135.txt,131,checked
train,9999981_00000_d_0000136.txt,11,checked
train,9999981_00000_d_0000137.txt,24,checked
train,9999981_00000_d_0000138.txt,62,checked
train,9999981_00000_d_0000139.txt,47,checked
train,9999981_00000_d_0000140.txt,15,checked
train,9999981_00000_d_0000141.txt,16,checked
train,9999981_00000_d_0000142.txt,8,checked
train,9999981_00000_d_0000143.txt,14,checked
train,9999981_00000_d_0000144.txt,38,checked
train,9999981_00000_d_0000145.txt,24,checked
train,9999981_00000_d_0000146.txt,20,checked
train,9999981_00000_d_0000147.txt,22,checked
train,9999981_00000_d_0000148.txt,35,checked
train,9999981_00000_d_0000149.txt,47,checked
train,9999981_00000_d_0000150.txt,37,checked
train,9999981_00000_d_0000151.txt,26,checked
train,9999981_00000_d_0000152.txt,128,checked
train,9999981_00000_d_0000153.txt,32,checked
train,9999981_00000_d_0000154.txt,94,checked
train,9999981_00000_d_0000155.txt,21,checked
train,9999981_00000_d_0000156.txt,72,checked
train,9999981_00000_d_0000157.txt,29,checked
train,9999982_00000_d_0000001.txt,49,checked
train,9999982_00000_d_0000002.txt,84,checked
train,9999982_00000_d_0000003.txt,62,checked
train,9999982_00000_d_0000004.txt,69,checked
train,9999982_00000_d_0000005.txt,39,checked
train,9999982_00000_d_0000006.txt,65,checked
train,9999982_00000_d_0000007.txt,57,checked
train,9999982_00000_d_0000008.txt,38,checked
train,9999982_00000_d_0000009.txt,33,checked
train,9999982_00000_d_0000010.txt,27,checked
train,9999982_00000_d_0000011.txt,34,checked
train,9999982_00000_d_0000012.txt,41,checked
train,9999982_00000_d_0000013.txt,27,checked
train,9999982_00000_d_0000014.txt,23,checked
train,9999982_00000_d_0000015.txt,10,checked
train,9999982_00000_d_0000016.txt,10,checked
train,9999982_00000_d_0000017.txt,11,checked
train,9999982_00000_d_0000018.txt,13,checked
train,9999982_00000_d_0000019.txt,9,checked
train,9999982_00000_d_0000020.txt,27,checked
train,9999982_00000_d_0000021.txt,11,checked
train,9999982_00000_d_0000022.txt,5,checked
train,9999982_00000_d_0000023.txt,13,checked
train,9999982_00000_d_0000024.txt,15,checked
train,9999982_00000_d_0000025.txt,25,checked
train,9999982_00000_d_0000026.txt,33,checked
train,9999982_00000_d_0000027.txt,28,checked
train,9999982_00000_d_0000028.txt,21,checked
train,9999982_00000_d_0000029.txt,18,checked
train,9999982_00000_d_0000030.txt,19,checked
train,9999982_00000_d_0000031.txt,19,checked
train,9999982_00000_d_0000032.txt,23,checked
train,9999982_00000_d_0000033.txt,13,checked
train,9999982_00000_d_0000034.txt,1,checked
train,9999982_00000_d_0000035.txt,23,checked
train,9999982_00000_d_0000036.txt,16,checked
train,9999982_00000_d_0000037.txt,29,checked
train,9999982_00000_d_0000038.txt,26,checked
train,9999982_00000_d_0000039.txt,10,checked
train,9999982_00000_d_0000040.txt,4,checked
train,9999982_00000_d_0000041.txt,46,checked
train,9999982_00000_d_0000042.txt,28,checked
train,9999982_00000_d_0000043.txt,40,checked
train,9999982_00000_d_0000044.txt,46,checked
train,9999982_00000_d_0000045.txt,33,checked
train,9999982_00000_d_0000046.txt,14,checked
train,9999982_00000_d_0000047.txt,19,checked
train,9999982_00000_d_0000048.txt,25,checked
train,9999982_00000_d_0000049.txt,9,checked
train,9999982_00000_d_0000050.txt,14,checked
train,9999982_00000_d_0000051.txt,17,checked
train,9999982_00000_d_0000052.txt,4,checked
train,9999982_00000_d_0000053.txt,32,checked
train,9999982_00000_d_0000054.txt,48,checked
train,9999982_00000_d_0000055.txt,7,checked
train,9999982_00000_d_0000056.txt,9,checked
train,9999982_00000_d_0000057.txt,6,checked
train,9999982_00000_d_0000058.txt,3,checked
train,9999982_00000_d_0000059.txt,6,checked
train,9999982_00000_d_0000060.txt,65,checked
train,9999982_00000_d_0000061.txt,94,checked
train,9999982_00000_d_0000062.txt,86,checked
train,9999982_00000_d_0000063.txt,69,checked
train,9999982_00000_d_0000064.txt,65,checked
train,9999982_00000_d_0000065.txt,62,checked
train,9999982_00000_d_0000066.txt,53,checked
train,9999982_00000_d_0000067.txt,17,checked
train,9999982_00000_d_0000068.txt,14,checked
train,9999982_00000_d_0000069.txt,42,checked
train,9999982_00000_d_0000070.txt,66,checked
train,9999982_00000_d_0000071.txt,27,checked
train,9999982_00000_d_0000072.txt,109,checked
train,9999982_00000_d_0000073.txt,66,checked
train,9999982_00000_d_0000074.txt,134,checked
train,9999982_00000_d_0000075.txt,49,checked
train,9999982_00000_d_0000076.txt,68,checked
train,9999982_00000_d_0000077.txt,98,checked
train,9999982_00000_d_0000078.txt,63,checked
train,9999982_00000_d_0000079.txt,62,checked
train,9999982_00000_d_0000080.txt,45,checked
train,9999982_00000_d_0000081.txt,56,checked
train,9999982_00000_d_0000082.txt,44,checked
train,9999982_00000_d_0000083.txt,38,checked
train,9999982_00000_d_0000084.txt,29,checked
train,9999982_00000_d_0000085.txt,18,checked
train,9999982_00000_d_0000086.txt,31,checked
train,9999982_00000_d_0000087.txt,50,checked
train,9999982_00000_d_0000088.txt,27,checked
train,9999982_00000_d_0000089.txt,12,checked
train,9999982_00000_d_0000090.txt,19,checked
train,9999982_00000_d_0000091.txt,11,checked
train,9999982_00000_d_0000092.txt,14,checked
train,9999982_00000_d_0000093.txt,14,checked
train,9999982_00000_d_0000094.txt,16,checked
train,9999982_00000_d_0000095.txt,14,checked
train,9999982_00000_d_0000096.txt,9,checked
train,9999982_00000_d_0000097.txt,10,checked
train,9999982_00000_d_0000098.txt,22,checked
train,9999982_00000_d_0000099.txt,34,checked
train,9999982_00000_d_0000100.txt,30,checked
train,9999982_00000_d_0000101.txt,32,checked
train,9999982_00000_d_0000102.txt,31,checked
train,9999982_00000_d_0000103.txt,39,checked
train,9999982_00000_d_0000104.txt,59,checked
train,9999982_00000_d_0000105.txt,51,checked
train,9999982_00000_d_0000106.txt,41,checked
train,9999982_00000_d_0000107.txt,67,checked
train,9999982_00000_d_0000108.txt,70,checked
train,9999982_00000_d_0000109.txt,79,checked
train,9999982_00000_d_0000110.txt,82,checked
train,9999982_00000_d_0000111.txt,73,checked
train,9999982_00000_d_0000112.txt,31,checked
train,9999982_00000_d_0000113.txt,12,checked
train,9999982_00000_d_0000114.txt,41,checked
train,9999982_00000_d_0000115.txt,42,checked
train,9999982_00000_d_0000116.txt,68,checked
train,9999982_00000_d_0000117.txt,82,checked
train,9999982_00000_d_0000118.txt,50,checked
train,9999982_00000_d_0000119.txt,68,checked
train,9999982_00000_d_0000120.txt,31,checked
train,9999982_00000_d_0000121.txt,42,checked
train,9999982_00000_d_0000122.txt,25,checked
train,9999982_00000_d_0000123.txt,27,checked
train,9999982_00000_d_0000124.txt,20,checked
train,9999982_00000_d_0000125.txt,33,checked
train,9999982_00000_d_0000126.txt,29,checked
train,9999982_00000_d_0000127.txt,46,checked
train,9999982_00000_d_0000128.txt,62,checked
train,9999982_00000_d_0000129.txt,59,checked
train,9999982_00000_d_0000130.txt,56,checked
train,9999982_00000_d_0000131.txt,91,checked
train,9999982_00000_d_0000132.txt,85,checked
train,9999982_00000_d_0000133.txt,40,checked
train,9999982_00000_d_0000134.txt,22,checked
train,9999982_00000_d_0000135.txt,18,checked
train,9999982_00000_d_0000136.txt,49,checked
train,9999982_00000_d_0000137.txt,59,checked
train,9999982_00000_d_0000138.txt,59,checked
train,9999982_00000_d_0000139.txt,37,checked
train,9999982_00000_d_0000140.txt,32,checked
train,9999982_00000_d_0000141.txt,44,checked
train,9999982_00000_d_0000142.txt,27,checked
train,9999982_00000_d_0000143.txt,18,checked
train,9999982_00000_d_0000144.txt,34,checked
train,9999982_00000_d_0000145.txt,55,checked
train,9999982_00000_d_0000146.txt,52,checked
train,9999982_00000_d_0000147.txt,37,checked
train,9999982_00000_d_0000148.txt,12,checked
train,9999982_00000_d_0000149.txt,28,checked
train,9999982_00000_d_0000150.txt,46,checked
train,9999982_00000_d_0000151.txt,59,checked
train,9999982_00000_d_0000152.txt,41,checked
train,9999982_00000_d_0000153.txt,12,checked
train,9999982_00000_d_0000154.txt,20,checked
train,9999982_00000_d_0000155.txt,32,checked
train,9999982_00000_d_0000156.txt,23,checked
train,9999982_00000_d_0000157.txt,23,checked
train,9999982_00000_d_0000158.txt,56,checked
train,9999982_00000_d_0000159.txt,49,checked
train,9999982_00000_d_0000160.txt,34,checked
train,9999982_00000_d_0000161.txt,57,checked
train,9999982_00000_d_0000162.txt,31,checked
train,9999982_00000_d_0000163.txt,40,checked
train,9999982_00000_d_0000164.txt,26,checked
train,9999982_00000_d_0000165.txt,50,checked
train,9999982_00000_d_0000166.txt,54,checked
train,9999982_00000_d_0000167.txt,72,checked
train,9999982_00000_d_0000168.txt,64,checked
train,9999982_00000_d_0000169.txt,79,checked
train,9999982_00000_d_0000170.txt,106,checked
train,9999982_00000_d_0000171.txt,110,checked
train,9999982_00000_d_0000172.txt,74,checked
train,9999982_00000_d_0000173.txt,51,checked
train,9999982_00000_d_0000174.txt,41,checked
train,9999982_00000_d_0000175.txt,60,checked
train,9999982_00000_d_0000176.txt,44,checked
train,9999982_00000_d_0000177.txt,40,checked
train,9999982_00000_d_0000178.txt,40,checked
train,9999982_00000_d_0000179.txt,15,checked
train,9999982_00000_d_0000180.txt,18,checked
train,9999982_00000_d_0000181.txt,14,checked
train,9999982_00000_d_0000182.txt,20,checked
train,9999982_00000_d_0000183.txt,15,checked
train,9999982_00000_d_0000184.txt,14,checked
train,9999982_00000_d_0000185.txt,19,checked
train,9999982_00000_d_0000186.txt,15,checked
train,9999982_00000_d_0000187.txt,16,checked
train,9999982_00000_d_0000188.txt,15,checked
train,9999982_00000_d_0000189.txt,10,checked
train,9999982_00000_d_0000190.txt,8,checked
train,9999982_00000_d_0000191.txt,10,checked
train,9999982_00000_d_0000192.txt,11,checked
train,9999982_00000_d_0000193.txt,14,checked
train,9999982_00000_d_0000194.txt,24,checked
train,9999982_00000_d_0000195.txt,35,checked
train,9999982_00000_d_0000196.txt,42,checked
train,9999982_00000_d_0000197.txt,30,checked
train,9999982_00000_d_0000198.txt,19,checked
train,9999982_00000_d_0000199.txt,7,checked
train,9999982_00000_d_0000200.txt,12,checked
train,9999982_00000_d_0000201.txt,28,checked
train,9999982_00000_d_0000202.txt,17,checked
train,9999982_00000_d_0000203.txt,38,checked
train,9999982_00000_d_0000204.txt,60,checked
train,9999982_00000_d_0000205.txt,66,checked
train,9999982_00000_d_0000206.txt,36,checked
train,9999982_00000_d_0000207.txt,35,checked
train,9999982_00000_d_0000208.txt,32,checked
train,9999982_00000_d_0000209.txt,52,checked
train,9999982_00000_d_0000210.txt,60,checked
train,9999982_00000_d_0000211.txt,60,checked
train,9999982_00000_d_0000212.txt,98,checked
train,9999982_00000_d_0000213.txt,67,checked
train,9999982_00000_d_0000214.txt,49,checked
train,9999982_00000_d_0000215.txt,58,checked
train,9999982_00000_d_0000216.txt,50,checked
train,9999982_00000_d_0000217.txt,22,checked
train,9999982_00000_d_0000218.txt,12,checked
train,9999982_00000_d_0000219.txt,69,checked
train,9999982_00000_d_0000220.txt,74,checked
train,9999982_00000_d_0000221.txt,60,checked
train,9999982_00000_d_0000222.txt,77,checked
train,9999982_00000_d_0000223.txt,74,checked
train,9999982_00000_d_0000224.txt,46,checked
train,9999982_00000_d_0000225.txt,74,checked
train,9999982_00000_d_0000226.txt,77,checked
train,9999982_00000_d_0000227.txt,51,checked
train,9999982_00000_d_0000228.txt,36,checked
train,9999982_00000_d_0000229.txt,31,checked
train,9999982_00000_d_0000230.txt,28,checked
train,9999982_00000_d_0000231.txt,42,checked
train,9999982_00000_d_0000232.txt,42,checked
train,9999982_00000_d_0000233.txt,55,checked
train,9999982_00000_d_0000234.txt,56,checked
train,9999982_00000_d_0000235.txt,60,checked
train,9999982_00000_d_0000236.txt,57,checked
train,9999982_00000_d_0000237.txt,53,checked
train,9999982_00000_d_0000238.txt,54,checked
train,9999982_00000_d_0000239.txt,47,checked
train,9999982_00000_d_0000240.txt,34,checked
train,9999982_00000_d_0000241.txt,20,checked
train,9999982_00000_d_0000242.txt,24,checked
train,9999982_00000_d_0000243.txt,22,checked
train,9999982_00000_d_0000244.txt,62,checked
train,9999982_00000_d_0000245.txt,82,checked
train,9999982_00000_d_0000246.txt,79,checked
train,9999982_00000_d_0000247.txt,65,checked
train,9999982_00000_d_0000248.txt,54,checked
train,9999982_00000_d_0000249.txt,36,checked
train,9999982_00000_d_0000250.txt,30,checked
train,9999982_00000_d_0000251.txt,52,checked
train,9999982_00000_d_0000252.txt,49,checked
train,9999982_00000_d_0000253.txt,74,checked
train,9999982_00000_d_0000254.txt,19,checked
train,9999982_00000_d_0000255.txt,45,checked
train,9999982_00000_d_0000256.txt,74,checked
train,9999982_00000_d_0000257.txt,57,checked
train,9999984_00000_d_0000001.txt,29,checked
train,9999984_00000_d_0000002.txt,24,checked
train,9999984_00000_d_0000003.txt,22,checked
train,9999984_00000_d_0000004.txt,24,checked
train,9999984_00000_d_0000005.txt,24,checked
train,9999984_00000_d_0000006.txt,27,checked
train,9999984_00000_d_0000007.txt,15,checked
train,9999984_00000_d_0000008.txt,19,checked
train,9999984_00000_d_0000009.txt,29,checked
train,9999984_00000_d_0000010.txt,34,checked
train,9999984_00000_d_0000011.txt,26,checked
train,9999984_00000_d_0000012.txt,21,checked
train,9999984_00000_d_0000013.txt,18,checked
train,9999984_00000_d_0000014.txt,27,checked
train,9999984_00000_d_0000015.txt,32,checked
train,9999984_00000_d_0000016.txt,36,checked
train,9999984_00000_d_0000017.txt,29,checked
train,9999984_00000_d_0000018.txt,29,checked
train,9999984_00000_d_0000019.txt,40,checked
train,9999984_00000_d_0000020.txt,27,checked
train,9999984_00000_d_0000021.txt,24,checked
train,9999984_00000_d_0000022.txt,43,checked
train,9999984_00000_d_0000023.txt,39,checked
train,9999984_00000_d_0000024.txt,39,checked
train,9999984_00000_d_0000025.txt,21,checked
train,9999984_00000_d_0000026.txt,25,checked
train,9999984_00000_d_0000027.txt,41,checked
train,9999984_00000_d_0000028.txt,32,checked
train,9999984_00000_d_0000029.txt,26,checked
train,9999984_00000_d_0000030.txt,36,checked
train,9999984_00000_d_0000031.txt,24,checked
train,9999984_00000_d_0000032.txt,36,checked
train,9999984_00000_d_0000033.txt,32,checked
train,9999984_00000_d_0000034.txt,49,checked
train,9999984_00000_d_0000035.txt,47,checked
train,9999984_00000_d_0000036.txt,56,checked
train,9999984_00000_d_0000037.txt,62,checked
train,9999984_00000_d_0000038.txt,68,checked
train,9999984_00000_d_0000039.txt,81,checked
train,9999984_00000_d_0000040.txt,72,checked
train,9999984_00000_d_0000041.txt,58,checked
train,9999984_00000_d_0000042.txt,27,checked
train,9999984_00000_d_0000043.txt,47,checked
train,9999984_00000_d_0000044.txt,42,checked
train,9999984_00000_d_0000045.txt,36,checked
train,9999984_00000_d_0000046.txt,52,checked
train,9999984_00000_d_0000047.txt,72,checked
train,9999984_00000_d_0000048.txt,41,checked
train,9999984_00000_d_0000049.txt,28,checked
train,9999984_00000_d_0000050.txt,42,checked
train,9999984_00000_d_0000051.txt,59,checked
train,9999984_00000_d_0000052.txt,37,checked
train,9999984_00000_d_0000053.txt,18,checked
train,9999984_00000_d_0000054.txt,38,checked
train,9999984_00000_d_0000055.txt,19,checked
train,9999984_00000_d_0000056.txt,35,checked
train,9999984_00000_d_0000057.txt,36,checked
train,9999984_00000_d_0000058.txt,30,checked
train,9999984_00000_d_0000059.txt,29,checked
train,9999984_00000_d_0000060.txt,28,checked
train,9999984_00000_d_0000061.txt,20,checked
train,9999984_00000_d_0000062.txt,20,checked
train,9999984_00000_d_0000063.txt,12,checked
train,9999984_00000_d_0000064.txt,32,checked
train,9999984_00000_d_0000065.txt,37,checked
train,9999984_00000_d_0000066.txt,38,checked
train,9999984_00000_d_0000067.txt,25,checked
train,9999984_00000_d_0000068.txt,37,checked
train,9999984_00000_d_0000069.txt,39,checked
train,9999984_00000_d_0000070.txt,39,checked
train,9999984_00000_d_0000071.txt,43,checked
train,9999984_00000_d_0000072.txt,36,checked
train,9999984_00000_d_0000073.txt,32,checked
train,9999984_00000_d_0000074.txt,36,checked
train,9999984_00000_d_0000075.txt,18,checked
train,9999984_00000_d_0000076.txt,42,checked
train,9999984_00000_d_0000077.txt,51,checked
train,9999984_00000_d_0000078.txt,63,checked
train,9999984_00000_d_0000079.txt,59,checked
train,9999984_00000_d_0000080.txt,12,checked
train,9999984_00000_d_0000081.txt,32,checked
train,9999984_00000_d_0000082.txt,59,checked
train,9999984_00000_d_0000083.txt,32,checked
train,9999984_00000_d_0000084.txt,28,checked
train,9999984_00000_d_0000085.txt,39,checked
train,9999984_00000_d_0000086.txt,66,checked
train,9999984_00000_d_0000087.txt,48,checked
train,9999984_00000_d_0000088.txt,48,checked
train,9999984_00000_d_0000089.txt,16,checked
train,9999984_00000_d_0000090.txt,27,checked
train,9999984_00000_d_0000091.txt,31,checked
train,9999984_00000_d_0000092.txt,31,checked
train,9999984_00000_d_0000093.txt,21,checked
train,9999984_00000_d_0000094.txt,37,checked
train,9999984_00000_d_0000095.txt,48,checked
train,9999984_00000_d_0000096.txt,50,checked
train,9999984_00000_d_0000097.txt,19,checked
train,9999984_00000_d_0000098.txt,5,checked
train,9999984_00000_d_0000099.txt,17,checked
train,9999984_00000_d_0000100.txt,31,checked
train,9999984_00000_d_0000101.txt,27,checked
train,9999984_00000_d_0000102.txt,56,checked
train,9999984_00000_d_0000103.txt,44,checked
train,9999984_00000_d_0000104.txt,45,checked
train,9999984_00000_d_0000105.txt,32,checked
train,9999984_00000_d_0000106.txt,31,checked
train,9999984_00000_d_0000107.txt,48,checked
train,9999984_00000_d_0000108.txt,59,checked
train,9999984_00000_d_0000109.txt,26,checked
train,9999984_00000_d_0000110.txt,17,checked
train,9999984_00000_d_0000111.txt,17,checked
train,9999984_00000_d_0000112.txt,31,checked
train,9999984_00000_d_0000113.txt,23,checked
train,9999984_00000_d_0000114.txt,18,checked
train,9999984_00000_d_0000115.txt,20,checked
train,9999984_00000_d_0000116.txt,35,checked
train,9999984_00000_d_0000117.txt,39,checked
train,9999984_00000_d_0000118.txt,41,checked
train,9999984_00000_d_0000119.txt,14,checked
train,9999984_00000_d_0000120.txt,13,checked
train,9999984_00000_d_0000121.txt,12,checked
train,9999984_00000_d_0000122.txt,27,checked
train,9999984_00000_d_0000123.txt,26,checked
train,9999984_00000_d_0000124.txt,32,checked
train,9999984_00000_d_0000125.txt,34,checked
train,9999984_00000_d_0000126.txt,15,checked
train,9999984_00000_d_0000127.txt,18,checked
train,9999984_00000_d_0000128.txt,29,checked
train,9999984_00000_d_0000129.txt,41,checked
train,9999984_00000_d_0000130.txt,69,checked
train,9999984_00000_d_0000131.txt,93,checked
train,9999984_00000_d_0000132.txt,85,checked
train,9999984_00000_d_0000133.txt,73,checked
train,9999984_00000_d_0000134.txt,85,checked
train,9999984_00000_d_0000135.txt,71,checked
train,9999984_00000_d_0000136.txt,69,checked
train,9999984_00000_d_0000137.txt,68,checked
train,9999984_00000_d_0000138.txt,76,checked
train,9999984_00000_d_0000139.txt,48,checked
train,9999984_00000_d_0000140.txt,75,checked
train,9999984_00000_d_0000141.txt,63,checked
train,9999984_00000_d_0000142.txt,106,checked
train,9999984_00000_d_0000143.txt,121,checked
train,9999984_00000_d_0000144.txt,156,checked
train,9999984_00000_d_0000145.txt,92,checked
train,9999984_00000_d_0000146.txt,49,checked
train,9999984_00000_d_0000147.txt,157,checked
train,9999984_00000_d_0000148.txt,124,checked
train,9999984_00000_d_0000149.txt,50,checked
train,9999984_00000_d_0000150.txt,61,checked
train,9999984_00000_d_0000151.txt,48,checked
train,9999984_00000_d_0000152.txt,56,checked
train,9999984_00000_d_0000153.txt,38,checked
train,9999984_00000_d_0000154.txt,29,checked
train,9999984_00000_d_0000155.txt,15,checked
train,9999984_00000_d_0000156.txt,20,checked
train,9999984_00000_d_0000157.txt,30,checked
train,9999984_00000_d_0000158.txt,33,checked
train,9999984_00000_d_0000159.txt,41,checked
train,9999984_00000_d_0000160.txt,38,checked
train,9999984_00000_d_0000161.txt,19,checked
train,9999984_00000_d_0000162.txt,15,checked
train,9999984_00000_d_0000163.txt,4,checked
train,9999984_00000_d_0000164.txt,11,checked
train,9999984_00000_d_0000165.txt,16,checked
train,9999984_00000_d_0000166.txt,30,checked
train,9999984_00000_d_0000167.txt,28,checked
train,9999984_00000_d_0000168.txt,37,checked
train,9999984_00000_d_0000169.txt,31,checked
train,9999984_00000_d_0000170.txt,31,checked
train,9999984_00000_d_0000171.txt,11,checked
train,9999984_00000_d_0000172.txt,21,checked
train,9999984_00000_d_0000173.txt,20,checked
train,9999984_00000_d_0000174.txt,16,checked
train,9999984_00000_d_0000175.txt,14,checked
train,9999985_00000_d_0000001.txt,42,checked
train,9999985_00000_d_0000002.txt,12,checked
train,9999985_00000_d_0000003.txt,26,checked
train,9999985_00000_d_0000004.txt,19,checked
train,9999985_00000_d_0000005.txt,36,checked
train,9999985_00000_d_0000006.txt,27,checked
train,9999985_00000_d_0000007.txt,11,checked
train,9999985_00000_d_0000008.txt,18,checked
train,9999985_00000_d_0000009.txt,23,checked
train,9999985_00000_d_0000010.txt,43,checked
train,9999985_00000_d_0000011.txt,34,checked
train,9999985_00000_d_0000012.txt,23,checked
train,9999985_00000_d_0000013.txt,21,checked
train,9999985_00000_d_0000014.txt,20,checked
train,9999985_00000_d_0000015.txt,20,checked
train,9999985_00000_d_0000016.txt,39,checked
train,9999985_00000_d_0000017.txt,31,checked
train,9999985_00000_d_0000018.txt,26,checked
train,9999985_00000_d_0000019.txt,51,checked
train,9999985_00000_d_0000020.txt,28,checked
train,9999985_00000_d_0000021.txt,33,checked
train,9999985_00000_d_0000022.txt,6,checked
train,9999985_00000_d_0000023.txt,26,checked
train,9999985_00000_d_0000024.txt,30,checked
train,9999985_00000_d_0000025.txt,41,checked
train,9999985_00000_d_0000026.txt,13,checked
train,9999985_00000_d_0000027.txt,15,checked
train,9999985_00000_d_0000028.txt,80,checked
train,9999985_00000_d_0000029.txt,46,checked
train,9999985_00000_d_0000030.txt,34,checked
train,9999985_00000_d_0000031.txt,34,checked
train,9999985_00000_d_0000032.txt,58,checked
train,9999985_00000_d_0000033.txt,54,checked
train,9999985_00000_d_0000034.txt,148,checked
train,9999985_00000_d_0000035.txt,43,checked
train,9999985_00000_d_0000036.txt,75,checked
train,9999985_00000_d_0000037.txt,105,checked
train,9999985_00000_d_0000038.txt,17,checked
train,9999985_00000_d_0000039.txt,37,checked
train,9999985_00000_d_0000040.txt,129,checked
train,9999985_00000_d_0000041.txt,80,checked
train,9999985_00000_d_0000042.txt,43,checked
train,9999985_00000_d_0000043.txt,30,checked
train,9999985_00000_d_0000044.txt,33,checked
train,9999985_00000_d_0000045.txt,112,checked
train,9999985_00000_d_0000046.txt,25,checked
train,9999985_00000_d_0000047.txt,35,checked
train,9999985_00000_d_0000048.txt,13,checked
train,9999985_00000_d_0000049.txt,16,checked
train,9999985_00000_d_0000050.txt,46,checked
train,9999985_00000_d_0000051.txt,15,checked
train,9999985_00000_d_0000052.txt,133,checked
train,9999985_00000_d_0000053.txt,121,checked
train,9999985_00000_d_0000054.txt,137,checked
train,9999985_00000_d_0000055.txt,111,checked
train,9999985_00000_d_0000056.txt,81,checked
train,9999985_00000_d_0000057.txt,49,checked
train,9999985_00000_d_0000058.txt,56,checked
train,9999985_00000_d_0000059.txt,16,checked
train,9999985_00000_d_0000060.txt,105,checked
train,9999985_00000_d_0000061.txt,76,checked
train,9999985_00000_d_0000062.txt,36,checked
train,9999985_00000_d_0000063.txt,118,checked
train,9999985_00000_d_0000064.txt,5,checked
train,9999985_00000_d_0000065.txt,24,checked
train,9999985_00000_d_0000066.txt,28,checked
train,9999985_00000_d_0000067.txt,43,checked
train,9999985_00000_d_0000068.txt,30,checked
train,9999985_00000_d_0000069.txt,16,checked
train,9999985_00000_d_0000070.txt,52,checked
train,9999985_00000_d_0000071.txt,23,checked
train,9999985_00000_d_0000072.txt,26,checked
train,9999985_00000_d_0000073.txt,23,checked
train,9999985_00000_d_0000074.txt,26,checked
train,9999985_00000_d_0000075.txt,19,checked
train,9999985_00000_d_0000076.txt,44,checked
train,9999985_00000_d_0000077.txt,21,checked
train,9999985_00000_d_0000078.txt,10,checked
train,9999985_00000_d_0000079.txt,8,checked
train,9999987_00000_d_0000001.txt,31,checked
train,9999987_00000_d_0000002.txt,35,checked
train,9999987_00000_d_0000003.txt,49,checked
train,9999987_00000_d_0000004.txt,52,checked
train,9999987_00000_d_0000005.txt,54,checked
train,9999987_00000_d_0000006.txt,62,checked
train,9999987_00000_d_0000007.txt,57,checked
train,9999987_00000_d_0000008.txt,59,checked
train,9999987_00000_d_0000009.txt,33,checked
train,9999987_00000_d_0000010.txt,38,checked
train,9999987_00000_d_0000011.txt,66,checked
train,9999987_00000_d_0000012.txt,57,checked
train,9999987_00000_d_0000013.txt,39,checked
train,9999987_00000_d_0000014.txt,32,checked
train,9999987_00000_d_0000015.txt,23,checked
train,9999987_00000_d_0000016.txt,17,checked
train,9999987_00000_d_0000017.txt,51,checked
train,9999987_00000_d_0000018.txt,46,checked
train,9999987_00000_d_0000019.txt,20,checked
train,9999987_00000_d_0000020.txt,47,checked
train,9999987_00000_d_0000021.txt,41,checked
train,9999987_00000_d_0000022.txt,42,checked
train,9999987_00000_d_0000023.txt,48,checked
train,9999987_00000_d_0000024.txt,48,checked
train,9999987_00000_d_0000025.txt,39,checked
train,9999987_00000_d_0000026.txt,91,checked
train,9999987_00000_d_0000027.txt,92,checked
train,9999987_00000_d_0000028.txt,81,checked
train,9999987_00000_d_0000029.txt,68,checked
train,9999987_00000_d_0000030.txt,47,checked
train,9999987_00000_d_0000031.txt,93,checked
train,9999987_00000_d_0000032.txt,31,checked
train,9999987_00000_d_0000033.txt,47,checked
train,9999987_00000_d_0000034.txt,85,checked
train,9999987_00000_d_0000035.txt,126,checked
train,9999987_00000_d_0000036.txt,76,checked
train,9999987_00000_d_0000037.txt,44,checked
train,9999987_00000_d_0000038.txt,19,checked
train,9999987_00000_d_0000039.txt,99,checked
train,9999987_00000_d_0000040.txt,114,checked
train,9999987_00000_d_0000041.txt,72,checked
train,9999987_00000_d_0000042.txt,33,checked
train,9999987_00000_d_0000043.txt,88,checked
train,9999987_00000_d_0000044.txt,164,checked
train,9999987_00000_d_0000045.txt,153,checked
train,9999987_00000_d_0000046.txt,85,checked
train,9999987_00000_d_0000047.txt,94,checked
train,9999987_00000_d_0000048.txt,60,checked
train,9999987_00000_d_0000049.txt,97,checked
train,9999987_00000_d_0000050.txt,115,checked
train,9999987_00000_d_0000051.txt,66,checked
train,9999987_00000_d_0000052.txt,58,checked
train,9999987_00000_d_0000053.txt,65,checked
train,9999987_00000_d_0000054.txt,85,checked
train,9999987_00000_d_0000055.txt,68,checked
train,9999987_00000_d_0000056.txt,79,checked
train,9999987_00000_d_0000057.txt,118,checked
train,9999987_00000_d_0000058.txt,54,checked
train,9999987_00000_d_0000059.txt,29,checked
train,9999987_00000_d_0000060.txt,21,checked
train,9999987_00000_d_0000061.txt,8,checked
train,9999987_00000_d_0000062.txt,7,checked
train,9999987_00000_d_0000063.txt,95,checked
train,9999987_00000_d_0000064.txt,68,checked
train,9999987_00000_d_0000065.txt,6,checked
train,9999987_00000_d_0000066.txt,25,checked
train,9999987_00000_d_0000069.txt,28,checked
train,9999987_00000_d_0000070.txt,62,checked
train,9999987_00000_d_1008235.txt,86,checked
train,9999987_00000_d_1008236.txt,6,checked
train,9999989_00000_d_0000001.txt,28,checked
train,9999989_00000_d_0000002.txt,30,checked
train,9999989_00000_d_0000003.txt,19,checked
train,9999989_00000_d_0000004.txt,52,checked
train,9999989_00000_d_0000005.txt,74,checked
train,9999989_00000_d_0000006.txt,70,checked
train,9999989_00000_d_0000007.txt,28,checked
train,9999989_00000_d_0000008.txt,29,checked
train,9999989_00000_d_0000009.txt,24,checked
train,9999989_00000_d_0000010.txt,46,checked
train,9999989_00000_d_0000011.txt,38,checked
train,9999989_00000_d_0000012.txt,24,checked
train,9999989_00000_d_0000013.txt,51,checked
train,9999990_00000_d_0000001.txt,41,checked
train,9999990_00000_d_0000002.txt,26,checked
train,9999990_00000_d_0000003.txt,39,checked
train,9999990_00000_d_0000004.txt,87,checked
train,9999990_00000_d_0000005.txt,49,checked
train,9999990_00000_d_0000006.txt,18,checked
train,9999990_00000_d_0000007.txt,80,checked
train,9999990_00000_d_0000008.txt,78,checked
train,9999990_00000_d_0000009.txt,144,checked
train,9999990_00000_d_0000010.txt,129,checked
train,9999990_00000_d_0000011.txt,54,checked
train,9999990_00000_d_0000012.txt,28,checked
train,9999990_00000_d_0000013.txt,50,checked
train,9999990_00000_d_0000014.txt,29,checked
train,9999990_00000_d_0000015.txt,43,checked
train,9999990_00000_d_0000016.txt,107,checked
train,9999990_00000_d_0000017.txt,47,checked
train,9999990_00000_d_0000018.txt,120,checked
train,9999990_00000_d_0000019.txt,48,checked
train,9999990_00000_d_0000020.txt,30,checked
train,9999990_00000_d_0000021.txt,23,checked
train,9999990_00000_d_0000022.txt,70,checked
train,9999990_00000_d_0000023.txt,67,checked
train,9999990_00000_d_0000024.txt,40,checked
train,9999990_00000_d_0000025.txt,37,checked
train,9999990_00000_d_0000026.txt,161,checked
train,9999990_00000_d_0000027.txt,22,checked
train,9999990_00000_d_0000028.txt,27,checked
train,9999990_00000_d_0000029.txt,85,checked
train,9999990_00000_d_0000030.txt,30,checked
train,9999990_00000_d_0000031.txt,108,checked
train,9999990_00000_d_0000032.txt,121,checked
train,9999990_00000_d_0000033.txt,37,checked
train,9999990_00000_d_0000034.txt,33,checked
train,9999990_00000_d_0000035.txt,49,checked
train,9999990_00000_d_0000036.txt,36,checked
train,9999990_00000_d_0000037.txt,72,checked
train,9999990_00000_d_0000038.txt,167,checked
train,9999990_00000_d_0000039.txt,63,checked
train,9999990_00000_d_0000040.txt,81,checked
train,9999990_00000_d_0000041.txt,133,checked
train,9999990_00000_d_0000042.txt,104,checked
train,9999990_00000_d_0000043.txt,51,checked
train,9999990_00000_d_0000044.txt,41,checked
train,9999990_00000_d_0000045.txt,60,checked
train,9999990_00000_d_0000046.txt,81,checked
train,9999990_00000_d_0000047.txt,50,checked
train,9999990_00000_d_0000048.txt,30,checked
train,9999990_00000_d_0000049.txt,41,checked
train,9999990_00000_d_0000050.txt,43,checked
train,9999990_00000_d_0000051.txt,81,checked
train,9999990_00000_d_0000052.txt,62,checked
train,9999990_00000_d_0000053.txt,24,checked
train,9999990_00000_d_0000054.txt,16,checked
train,9999990_00000_d_0000055.txt,89,checked
train,9999990_00000_d_0000056.txt,48,checked
train,9999990_00000_d_0000057.txt,58,checked
train,9999990_00000_d_0000058.txt,159,checked
train,9999990_00000_d_0000059.txt,86,checked
train,9999990_00000_d_0000060.txt,93,checked
train,9999990_00000_d_0000061.txt,80,checked
train,9999990_00000_d_0000062.txt,25,checked
train,9999990_00000_d_0000063.txt,81,checked
train,9999990_00000_d_0000064.txt,110,checked
train,9999990_00000_d_0000065.txt,41,checked
train,9999990_00000_d_0000066.txt,78,checked
train,9999990_00000_d_0000067.txt,22,checked
train,9999990_00000_d_0000068.txt,71,checked
train,9999990_00000_d_0000069.txt,67,checked
train,9999990_00000_d_0000070.txt,71,checked
train,9999990_00000_d_0000071.txt,70,checked
train,9999990_00000_d_0000072.txt,36,checked
train,9999990_00000_d_0000073.txt,32,checked
train,9999990_00000_d_0000074.txt,31,checked
train,9999990_00000_d_0000075.txt,89,checked
train,9999990_00000_d_0000076.txt,54,checked
train,9999990_00000_d_0000077.txt,52,checked
train,9999990_00000_d_0000078.txt,28,checked
train,9999990_00000_d_0000079.txt,38,checked
train,9999990_00000_d_0000080.txt,73,checked
train,9999990_00000_d_0000081.txt,73,checked
train,9999991_00000_d_0000001.txt,34,checked
train,9999991_00000_d_0000002.txt,68,checked
train,9999991_00000_d_0000003.txt,104,checked
train,9999991_00000_d_0000004.txt,46,checked
train,9999991_00000_d_0000005.txt,94,checked
train,9999991_00000_d_0000006.txt,55,checked
train,9999991_00000_d_0000007.txt,88,checked
train,9999991_00000_d_0000008.txt,52,checked
train,9999991_00000_d_0000009.txt,81,checked
train,9999991_00000_d_0000010.txt,52,checked
train,9999991_00000_d_0000011.txt,65,checked
train,9999991_00000_d_0000012.txt,55,checked
train,9999991_00000_d_0000013.txt,59,checked
train,9999991_00000_d_0000014.txt,125,checked
train,9999991_00000_d_0000015.txt,107,checked
train,9999991_00000_d_0000016.txt,169,checked
train,9999991_00000_d_0000017.txt,114,checked
train,9999991_00000_d_0000018.txt,87,checked
train,9999991_00000_d_0000019.txt,60,checked
train,9999991_00000_d_0000020.txt,85,checked
train,9999991_00000_d_0000021.txt,79,checked
train,9999991_00000_d_0000022.txt,89,checked
train,9999991_00000_d_0000023.txt,53,checked
train,9999991_00000_d_0000024.txt,33,checked
train,9999991_00000_d_0000025.txt,90,checked
train,9999991_00000_d_0000026.txt,101,checked
train,9999991_00000_d_0000027.txt,84,checked
train,9999991_00000_d_0000030.txt,41,checked
train,9999991_00000_d_0000031.txt,72,checked
train,9999991_00000_d_0000032.txt,46,checked
train,9999991_00000_d_0000033.txt,140,checked
train,9999991_00000_d_0000034.txt,52,checked
train,9999991_00000_d_0000035.txt,82,checked
train,9999994_00000_d_0000001.txt,28,checked
train,9999994_00000_d_0000002.txt,31,checked
train,9999994_00000_d_0000003.txt,12,checked
train,9999994_00000_d_0000004.txt,23,checked
train,9999994_00000_d_0000005.txt,76,checked
train,9999994_00000_d_0000006.txt,71,checked
train,9999994_00000_d_0000007.txt,25,checked
train,9999994_00000_d_0000008.txt,70,checked
train,9999994_00000_d_0000009.txt,121,checked
train,9999994_00000_d_0000010.txt,94,checked
train,9999994_00000_d_0000011.txt,36,checked
train,9999994_00000_d_0000012.txt,69,checked
train,9999994_00000_d_0000013.txt,109,checked
train,9999994_00000_d_0000014.txt,94,checked
train,9999994_00000_d_0000015.txt,70,checked
train,9999994_00000_d_0000016.txt,64,checked
train,9999994_00000_d_0000017.txt,87,checked
train,9999994_00000_d_0000018.txt,84,checked
train,9999994_00000_d_0000019.txt,107,checked
train,9999994_00000_d_0000020.txt,84,checked
train,9999994_00000_d_0000021.txt,62,checked
train,9999994_00000_d_0000022.txt,59,checked
train,9999994_00000_d_0000023.txt,72,checked
train,9999994_00000_d_0000024.txt,72,checked
train,9999994_00000_d_0000025.txt,24,checked
train,9999994_00000_d_0000026.txt,62,checked
train,9999994_00000_d_0000027.txt,102,checked
train,9999994_00000_d_0000028.txt,45,checked
train,9999994_00000_d_0000029.txt,30,checked
train,9999994_00000_d_0000030.txt,63,checked
train,9999994_00000_d_0000031.txt,103,checked
train,9999994_00000_d_0000032.txt,52,checked
train,9999994_00000_d_0000033.txt,22,checked
train,9999994_00000_d_0000034.txt,39,checked
train,9999994_00000_d_0000035.txt,24,checked
train,9999994_00000_d_0000036.txt,62,checked
train,9999994_00000_d_0000037.txt,82,checked
train,9999994_00000_d_0000038.txt,54,checked
train,9999994_00000_d_0000039.txt,35,checked
train,9999994_00000_d_0000040.txt,53,checked
train,9999994_00000_d_0000041.txt,77,checked
train,9999994_00000_d_0000042.txt,35,checked
train,9999994_00000_d_0000043.txt,64,checked
train,9999994_00000_d_0000044.txt,82,checked
train,9999994_00000_d_0000045.txt,66,checked
train,9999994_00000_d_0000046.txt,80,checked
train,9999994_00000_d_0000047.txt,100,checked
train,9999994_00000_d_0000048.txt,116,checked
train,9999994_00000_d_0000049.txt,55,checked
train,9999994_00000_d_0000050.txt,110,checked
train,9999994_00000_d_0000051.txt,84,checked
train,9999994_00000_d_0000052.txt,115,checked
train,9999994_00000_d_0000053.txt,108,checked
train,9999994_00000_d_0000054.txt,52,checked
train,9999994_00000_d_0000055.txt,81,checked
train,9999994_00000_d_0000056.txt,42,checked
train,9999994_00000_d_0000057.txt,52,checked
train,9999994_00000_d_0000058.txt,95,checked
train,9999994_00000_d_0000059.txt,72,checked
train,9999994_00000_d_0000060.txt,55,checked
train,9999994_00000_d_0000061.txt,15,checked
train,9999994_00000_d_0000062.txt,32,checked
train,9999994_00000_d_0000063.txt,61,checked
train,9999994_00000_d_0000064.txt,68,checked
train,9999994_00000_d_0000065.txt,18,checked
train,9999994_00000_d_0000066.txt,56,checked
train,9999994_00000_d_0000067.txt,64,checked
train,9999994_00000_d_0000068.txt,62,checked
train,9999994_00000_d_0000069.txt,44,checked
train,9999994_00000_d_0000070.txt,103,checked
train,9999994_00000_d_0000071.txt,121,checked
train,9999994_00000_d_0000072.txt,66,checked
train,9999994_00000_d_0000073.txt,86,checked
train,9999994_00000_d_0000074.txt,110,checked
train,9999994_00000_d_0000075.txt,83,checked
train,9999994_00000_d_0000076.txt,76,checked
train,9999994_00000_d_0000077.txt,93,checked
train,9999994_00000_d_0000078.txt,72,checked
train,9999994_00000_d_0000079.txt,108,checked
train,9999994_00000_d_0000080.txt,42,checked
train,9999994_00000_d_0000081.txt,15,checked
train,9999994_00000_d_0000082.txt,103,checked
train,9999994_00000_d_0000083.txt,97,checked
train,9999994_00000_d_0000084.txt,88,checked
train,9999994_00000_d_0000085.txt,139,checked
train,9999994_00000_d_0000086.txt,146,checked
train,9999994_00000_d_0000087.txt,104,checked
train,9999994_00000_d_0000088.txt,125,checked
train,9999994_00000_d_0000089.txt,187,checked
train,9999994_00000_d_0000090.txt,207,checked
train,9999994_00000_d_0000091.txt,155,checked
train,9999994_00000_d_0000092.txt,133,checked
train,9999994_00000_d_0000093.txt,113,checked
train,9999994_00000_d_0000094.txt,152,checked
train,9999994_00000_d_0000095.txt,161,checked
train,9999994_00000_d_0000096.txt,64,checked
train,9999994_00000_d_0000097.txt,112,checked
train,9999994_00000_d_0000098.txt,244,checked
train,9999994_00000_d_0000099.txt,159,checked
train,9999994_00000_d_0000100.txt,251,checked
train,9999994_00000_d_0000101.txt,142,checked
train,9999994_00000_d_0000102.txt,69,checked
train,9999994_00000_d_0000103.txt,28,checked
train,9999994_00000_d_0000104.txt,87,checked
train,9999994_00000_d_0000105.txt,76,checked
train,9999994_00000_d_0000106.txt,70,checked
train,9999994_00000_d_0000107.txt,90,checked
train,9999994_00000_d_0000108.txt,81,checked
train,9999994_00000_d_0000109.txt,35,checked
train,9999994_00000_d_0000110.txt,30,checked
train,9999994_00000_d_0000111.txt,38,checked
train,9999994_00000_d_0000112.txt,33,checked
train,9999994_00000_d_0000113.txt,19,checked
train,9999994_00000_d_0000114.txt,28,checked
train,9999994_00000_d_0000115.txt,17,checked
train,9999994_00000_d_0000116.txt,20,checked
train,9999994_00000_d_0000117.txt,8,checked
train,9999994_00000_d_0000118.txt,33,checked
train,9999994_00000_d_0000119.txt,58,checked
train,9999997_00000_d_0000001.txt,47,checked
train,9999997_00000_d_0000002.txt,20,checked
train,9999997_00000_d_0000003.txt,10,checked
train,9999997_00000_d_0000004.txt,40,checked
train,9999997_00000_d_0000005.txt,65,checked
train,9999997_00000_d_0000006.txt,29,checked
train,9999997_00000_d_0000007.txt,2,checked
train,9999997_00000_d_0000008.txt,11,checked
train,9999997_00000_d_0000009.txt,25,checked
train,9999997_00000_d_0000010.txt,62,checked
train,9999997_00000_d_0000011.txt,17,checked
train,9999997_00000_d_0000012.txt,2,checked
train,9999997_00000_d_0000013.txt,8,checked
train,9999997_00000_d_0000014.txt,9,checked
train,9999997_00000_d_0000015.txt,7,checked
train,9999997_00000_d_0000016.txt,23,checked
train,9999997_00000_d_0000017.txt,3,checked
train,9999997_00000_d_0000018.txt,10,checked
train,9999997_00000_d_0000019.txt,13,checked
train,9999997_00000_d_0000020.txt,18,checked
train,9999997_00000_d_0000021.txt,16,checked
train,9999997_00000_d_0000022.txt,3,checked
train,9999997_00000_d_0000023.txt,12,checked
train,9999997_00000_d_0000024.txt,20,checked
train,9999997_00000_d_0000025.txt,23,checked
train,9999997_00000_d_0000026.txt,45,checked
train,9999997_00000_d_0000027.txt,15,checked
train,9999997_00000_d_0000028.txt,7,checked
train,9999997_00000_d_0000029.txt,25,checked
train,9999997_00000_d_0000030.txt,5,checked
train,9999997_00000_d_0000031.txt,9,checked
train,9999997_00000_d_0000032.txt,9,checked
train,9999997_00000_d_0000033.txt,23,checked
train,9999997_00000_d_0000034.txt,20,checked
train,9999997_00000_d_0000035.txt,26,checked
train,9999997_00000_d_0000036.txt,6,checked
train,9999997_00000_d_0000037.txt,15,checked
train,9999997_00000_d_0000038.txt,6,checked
train,9999997_00000_d_0000039.txt,9,checked
train,9999997_00000_d_0000040.txt,5,checked
train,9999997_00000_d_0000041.txt,19,checked
train,9999997_00000_d_0000042.txt,40,checked
train,9999997_00000_d_0000043.txt,30,checked
train,9999997_00000_d_0000044.txt,18,checked
train,9999997_00000_d_0000045.txt,6,checked
train,9999997_00000_d_0000046.txt,20,checked
train,9999997_00000_d_0000047.txt,10,checked
train,9999997_00000_d_0000048.txt,4,checked
train,9999997_00000_d_0000049.txt,12,checked
train,9999997_00000_d_0000050.txt,6,checked
train,9999997_00000_d_0000051.txt,8,checked
train,9999997_00000_d_0000052.txt,3,checked
train,9999997_00000_d_0000053.txt,36,checked
train,9999997_00000_d_0000054.txt,9,checked
train,9999997_00000_d_0000055.txt,9,checked
train,9999997_00000_d_0000056.txt,5,checked
train,9999997_00000_d_0000057.txt,5,checked
train,9999997_00000_d_0000058.txt,2,checked
train,9999997_00000_d_0000059.txt,2,checked
train,9999997_00000_d_0000060.txt,2,checked
train,9999997_00000_d_0000061.txt,12,checked
train,9999997_00000_d_0000062.txt,17,checked
train,9999997_00000_d_0000063.txt,21,checked
train,9999997_00000_d_0000064.txt,9,checked
train,9999997_00000_d_0000065.txt,9,checked
train,9999997_00000_d_0000066.txt,27,checked
train,9999997_00000_d_0000067.txt,23,checked
train,9999997_00000_d_0000068.txt,3,checked
train,9999997_00000_d_0000069.txt,2,checked
train,9999997_00000_d_0000070.txt,7,checked
train,9999998_00002_d_0000001.txt,85,checked
train,9999998_00003_d_0000002.txt,112,checked
train,9999998_00004_d_0000003.txt,91,checked
train,9999998_00005_d_0000004.txt,77,checked
train,9999998_00006_d_0000005.txt,116,checked
train,9999998_00009_d_0000006.txt,46,checked
train,9999998_00010_d_0000007.txt,33,checked
train,9999998_00011_d_0000008.txt,9,checked
train,9999998_00012_d_0000009.txt,39,checked
train,9999998_00014_d_0000010.txt,42,checked
train,9999998_00015_d_0000011.txt,70,checked
train,9999998_00016_d_0000012.txt,25,checked
train,9999998_00017_d_0000013.txt,78,checked
train,9999998_00022_d_0000016.txt,197,checked
train,9999998_00023_d_0000017.txt,125,checked
train,9999998_00025_d_0000018.txt,7,checked
train,9999998_00026_d_0000019.txt,14,checked
train,9999998_00027_d_0000020.txt,27,checked
train,9999998_00028_d_0000021.txt,28,checked
train,9999998_00029_d_0000022.txt,28,checked
train,9999998_00030_d_0000023.txt,26,checked
train,9999998_00031_d_0000024.txt,25,checked
train,9999998_00032_d_0000025.txt,19,checked
train,9999998_00033_d_0000026.txt,24,checked
train,9999998_00036_d_0000029.txt,49,checked
train,9999998_00038_d_0000030.txt,38,checked
train,9999998_00039_d_0000031.txt,24,checked
train,9999998_00040_d_0000032.txt,22,checked
train,9999998_00041_d_0000033.txt,3,checked
train,9999998_00043_d_0000034.txt,161,checked
train,9999998_00045_d_0000035.txt,162,checked
train,9999998_00046_d_0000036.txt,125,checked
train,9999998_00047_d_0000037.txt,85,checked
train,9999998_00048_d_0000038.txt,54,checked
train,9999998_00049_d_0000039.txt,114,checked
train,9999998_00050_d_0000040.txt,94,checked
train,9999998_00058_d_0000044.txt,29,checked
train,9999998_00059_d_0000045.txt,9,checked
train,9999998_00060_d_0000046.txt,122,checked
train,9999998_00061_d_0000047.txt,99,checked
train,9999998_00062_d_0000048.txt,11,checked
train,9999998_00064_d_0000049.txt,173,checked
train,9999998_00065_d_0000050.txt,173,checked
train,9999998_00066_d_0000051.txt,187,checked
train,9999998_00067_d_0000052.txt,192,checked
train,9999998_00068_d_0000053.txt,110,checked
train,9999998_00069_d_0000054.txt,81,checked
train,9999998_00070_d_0000055.txt,51,checked
train,9999998_00071_d_0000056.txt,57,checked
train,9999998_00072_d_0000057.txt,46,checked
train,9999998_00073_d_0000058.txt,60,checked
train,9999998_00074_d_0000059.txt,85,checked
train,9999998_00075_d_0000060.txt,165,checked
train,9999998_00076_d_0000061.txt,126,checked
train,9999998_00077_d_0000062.txt,135,checked
train,9999998_00078_d_0000063.txt,110,checked
train,9999998_00079_d_0000064.txt,82,checked
train,9999998_00080_d_0000065.txt,96,checked
train,9999998_00081_d_0000066.txt,61,checked
train,9999998_00083_d_0000067.txt,29,checked
train,9999998_00084_d_0000068.txt,89,checked
train,9999998_00085_d_0000069.txt,93,checked
train,9999998_00086_d_0000070.txt,128,checked
train,9999998_00087_d_0000071.txt,37,checked
train,9999998_00088_d_0000072.txt,31,checked
train,9999998_00090_d_0000073.txt,44,checked
train,9999998_00093_d_0000074.txt,54,checked
train,9999998_00095_d_0000075.txt,68,checked
train,9999998_00096_d_0000076.txt,66,checked
train,9999998_00097_d_0000077.txt,58,checked
train,9999998_00100_d_0000080.txt,163,checked
train,9999998_00102_d_0000081.txt,88,checked
train,9999998_00104_d_0000082.txt,161,checked
train,9999998_00105_d_0000083.txt,96,checked
train,9999998_00106_d_0000084.txt,39,checked
train,9999998_00107_d_0000085.txt,102,checked
train,9999998_00108_d_0000086.txt,178,checked
train,9999998_00109_d_0000087.txt,118,checked
train,9999998_00110_d_0000088.txt,100,checked
train,9999998_00111_d_0000089.txt,105,checked
train,9999998_00112_d_0000090.txt,105,checked
train,9999998_00113_d_0000091.txt,81,checked
train,9999998_00114_d_0000092.txt,77,checked
train,9999998_00115_d_0000093.txt,73,checked
train,9999998_00116_d_0000094.txt,2,checked
train,9999998_00117_d_0000095.txt,30,checked
train,9999998_00118_d_0000096.txt,116,checked
train,9999998_00119_d_0000097.txt,133,checked
train,9999998_00120_d_0000098.txt,226,checked
train,9999998_00122_d_0000100.txt,153,checked
train,9999998_00125_d_0000103.txt,52,checked
train,9999998_00126_d_0000104.txt,139,checked
train,9999998_00127_d_0000105.txt,148,checked
train,9999998_00128_d_0000106.txt,106,checked
train,9999998_00129_d_0000107.txt,140,checked
train,9999998_00130_d_0000108.txt,46,checked
train,9999998_00131_d_0000109.txt,69,checked
train,9999998_00132_d_0000110.txt,53,checked
train,9999998_00133_d_0000111.txt,40,checked
train,9999998_00135_d_0000113.txt,22,checked
train,9999998_00136_d_0000114.txt,52,checked
train,9999998_00137_d_0000115.txt,37,checked
train,9999998_00138_d_0000116.txt,34,checked
train,9999998_00139_d_0000117.txt,31,checked
train,9999998_00141_d_0000118.txt,34,checked
train,9999998_00142_d_0000119.txt,8,checked
train,9999998_00143_d_0000120.txt,36,checked
train,9999998_00145_d_0000121.txt,25,checked
train,9999998_00146_d_0000122.txt,44,checked
train,9999998_00147_d_0000123.txt,36,checked
train,9999998_00148_d_0000124.txt,45,checked
train,9999998_00151_d_0000127.txt,33,checked
train,9999998_00152_d_0000128.txt,13,checked
train,9999998_00153_d_0000129.txt,33,checked
train,9999998_00154_d_0000130.txt,64,checked
train,9999998_00155_d_0000131.txt,34,checked
train,9999998_00156_d_0000132.txt,19,checked
train,9999998_00157_d_0000133.txt,19,checked
train,9999998_00159_d_0000134.txt,8,checked
train,9999998_00160_d_0000135.txt,58,checked
train,9999998_00161_d_0000136.txt,16,checked
train,9999998_00164_d_0000138.txt,42,checked
train,9999998_00171_d_0000140.txt,21,checked
train,9999998_00177_d_0000142.txt,40,checked
train,9999998_00178_d_0000143.txt,60,checked
train,9999998_00179_d_0000144.txt,44,checked
train,9999998_00180_d_0000145.txt,56,checked
train,9999998_00182_d_0000146.txt,10,checked
train,9999998_00183_d_0000147.txt,25,checked
train,9999998_00184_d_0000148.txt,15,checked
train,9999998_00185_d_0000149.txt,14,checked
train,9999998_00187_d_0000150.txt,39,checked
train,9999998_00188_d_0000151.txt,68,checked
train,9999998_00189_d_0000152.txt,58,checked
train,9999998_00190_d_0000153.txt,67,checked
train,9999998_00191_d_0000154.txt,11,checked
train,9999998_00194_d_0000155.txt,35,checked
train,9999998_00195_d_0000156.txt,34,checked
train,9999998_00196_d_0000157.txt,43,checked
train,9999998_00198_d_0000158.txt,16,checked
train,9999998_00202_d_0000159.txt,61,checked
train,9999998_00203_d_0000160.txt,50,checked
train,9999998_00204_d_0000161.txt,36,checked
train,9999998_00205_d_0000162.txt,9,checked
train,9999998_00206_d_0000163.txt,29,checked
train,9999998_00207_d_0000164.txt,33,checked
train,9999998_00208_d_0000165.txt,35,checked
train,9999998_00209_d_0000166.txt,34,checked
train,9999998_00210_d_0000167.txt,9,checked
train,9999998_00211_d_0000168.txt,34,checked
train,9999998_00212_d_0000169.txt,28,checked
train,9999998_00214_d_0000170.txt,52,checked
train,9999998_00215_d_0000171.txt,38,checked
train,9999998_00216_d_0000172.txt,24,checked
train,9999998_00217_d_0000173.txt,38,checked
train,9999998_00218_d_0000174.txt,63,checked
train,9999998_00219_d_0000175.txt,60,checked
train,9999998_00220_d_0000176.txt,54,checked
train,9999998_00221_d_0000177.txt,80,checked
train,9999998_00222_d_0000178.txt,42,checked
train,9999998_00223_d_0000179.txt,21,checked
train,9999998_00224_d_0000180.txt,61,checked
train,9999998_00225_d_0000181.txt,28,checked
train,9999998_00226_d_0000182.txt,37,checked
train,9999998_00227_d_0000183.txt,13,checked
train,9999998_00228_d_0000184.txt,20,checked
train,9999998_00229_d_0000185.txt,38,checked
train,9999998_00230_d_0000186.txt,41,checked
train,9999998_00232_d_0000188.txt,45,checked
train,9999998_00233_d_0000189.txt,56,checked
train,9999998_00234_d_0000190.txt,45,checked
train,9999998_00237_d_0000191.txt,67,checked
train,9999998_00238_d_0000192.txt,21,checked
train,9999998_00239_d_0000193.txt,82,checked
train,9999998_00240_d_0000194.txt,52,checked
train,9999998_00241_d_0000195.txt,34,checked
train,9999998_00242_d_0000196.txt,26,checked
train,9999998_00244_d_0000198.txt,28,checked
train,9999998_00245_d_0000199.txt,18,checked
train,9999998_00246_d_0000200.txt,33,checked
train,9999998_00247_d_0000201.txt,13,checked
train,9999998_00248_d_0000202.txt,41,checked
train,9999998_00249_d_0000203.txt,53,checked
train,9999998_00250_d_0000204.txt,43,checked
train,9999998_00251_d_0000205.txt,25,checked
train,9999998_00252_d_0000206.txt,36,checked
train,9999998_00254_d_0000208.txt,62,checked
train,9999998_00255_d_0000209.txt,51,checked
train,9999998_00256_d_0000210.txt,38,checked
train,9999998_00257_d_0000211.txt,30,checked
train,9999998_00258_d_0000212.txt,17,checked
train,9999998_00259_d_0000213.txt,12,checked
train,9999998_00260_d_0000214.txt,10,checked
train,9999998_00261_d_0000215.txt,41,checked
train,9999998_00262_d_0000216.txt,40,checked
train,9999998_00263_d_0000217.txt,21,checked
train,9999998_00264_d_0000218.txt,23,checked
train,9999998_00266_d_0000220.txt,41,checked
train,9999998_00267_d_0000221.txt,46,checked
train,9999998_00269_d_0000222.txt,60,checked
train,9999998_00270_d_0000223.txt,39,checked
train,9999998_00271_d_0000224.txt,67,checked
train,9999998_00272_d_0000225.txt,40,checked
train,9999998_00273_d_0000226.txt,47,checked
train,9999998_00274_d_0000227.txt,41,checked
train,9999998_00275_d_0000228.txt,36,checked
train,9999998_00276_d_0000229.txt,37,checked
train,9999998_00277_d_0000230.txt,53,checked
train,9999998_00278_d_0000231.txt,57,checked
train,9999998_00279_d_0000232.txt,51,checked
train,9999998_00281_d_0000234.txt,15,checked
train,9999998_00282_d_0000235.txt,41,checked
train,9999998_00283_d_0000236.txt,45,checked
train,9999998_00284_d_0000237.txt,58,checked
train,9999998_00285_d_0000238.txt,29,checked
train,9999998_00286_d_0000239.txt,24,checked
train,9999998_00287_d_0000240.txt,38,checked
train,9999998_00288_d_0000241.txt,35,checked
train,9999998_00289_d_0000242.txt,53,checked
train,9999998_00290_d_0000243.txt,16,checked
train,9999998_00292_d_0000245.txt,14,checked
train,9999998_00293_d_0000246.txt,23,checked
train,9999998_00294_d_0000247.txt,37,checked
train,9999998_00295_d_0000248.txt,26,checked
train,9999998_00296_d_0000249.txt,17,checked
train,9999998_00297_d_0000250.txt,15,checked
train,9999998_00298_d_0000251.txt,21,checked
train,9999998_00299_d_0000252.txt,42,checked
train,9999998_00300_d_0000253.txt,22,checked
train,9999998_00301_d_0000254.txt,13,checked
train,9999998_00302_d_0000255.txt,11,checked
train,9999998_00303_d_0000256.txt,10,checked
train,9999998_00304_d_0000257.txt,23,checked
train,9999998_00305_d_0000258.txt,16,checked
train,9999998_00306_d_0000259.txt,30,checked
train,9999998_00307_d_0000260.txt,19,checked
train,9999998_00308_d_0000261.txt,9,checked
train,9999998_00309_d_0000262.txt,22,checked
train,9999998_00310_d_0000263.txt,27,checked
train,9999998_00311_d_0000264.txt,45,checked
train,9999998_00312_d_0000265.txt,52,checked
train,9999998_00313_d_0000266.txt,38,checked
train,9999998_00314_d_0000267.txt,46,checked
train,9999998_00315_d_0000268.txt,37,checked
train,9999998_00316_d_0000269.txt,31,checked
train,9999998_00317_d_0000270.txt,41,checked
train,9999998_00318_d_0000271.txt,52,checked
train,9999998_00319_d_0000272.txt,22,checked
train,9999998_00320_d_0000273.txt,41,checked
train,9999998_00321_d_0000274.txt,55,checked
train,9999998_00323_d_0000275.txt,19,checked
train,9999998_00324_d_0000276.txt,137,checked
train,9999998_00325_d_0000277.txt,120,checked
train,9999998_00326_d_0000278.txt,123,checked
train,9999998_00327_d_0000279.txt,28,checked
train,9999998_00328_d_0000280.txt,51,checked
train,9999998_00329_d_0000281.txt,21,checked
train,9999998_00330_d_0000282.txt,46,checked
train,9999998_00331_d_0000283.txt,36,checked
train,9999998_00332_d_0000284.txt,38,checked
train,9999998_00333_d_0000285.txt,50,checked
train,9999998_00334_d_0000286.txt,54,checked
train,9999998_00335_d_0000287.txt,60,checked
train,9999998_00336_d_0000288.txt,41,checked
train,9999998_00337_d_0000289.txt,24,checked
train,9999998_00338_d_0000290.txt,39,checked
train,9999998_00339_d_0000291.txt,35,checked
train,9999998_00340_d_0000292.txt,44,checked
train,9999998_00341_d_0000293.txt,41,checked
train,9999998_00342_d_0000294.txt,35,checked
train,9999998_00343_d_0000295.txt,32,checked
train,9999998_00344_d_0000296.txt,18,checked
train,9999998_00345_d_0000297.txt,67,checked
train,9999998_00346_d_0000298.txt,112,checked
train,9999998_00347_d_0000299.txt,114,checked
train,9999998_00348_d_0000300.txt,139,checked
train,9999998_00349_d_0000301.txt,93,checked
train,9999998_00350_d_0000302.txt,122,checked
train,9999998_00351_d_0000303.txt,171,checked
train,9999998_00352_d_0000304.txt,67,checked
train,9999998_00353_d_0000305.txt,132,checked
train,9999998_00354_d_0000306.txt,131,checked
train,9999998_00355_d_0000307.txt,80,checked
train,9999998_00356_d_0000308.txt,100,checked
train,9999998_00357_d_0000309.txt,24,checked
train,9999998_00358_d_0000310.txt,25,checked
train,9999998_00359_d_0000311.txt,109,checked
train,9999998_00360_d_0000312.txt,53,checked
train,9999998_00361_d_0000313.txt,48,checked
train,9999998_00362_d_0000314.txt,43,checked
train,9999998_00363_d_0000315.txt,86,checked
train,9999998_00364_d_0000316.txt,37,checked
train,9999998_00365_d_0000317.txt,81,checked
train,9999998_00366_d_0000318.txt,136,checked
train,9999998_00367_d_0000319.txt,68,checked
train,9999998_00368_d_0000320.txt,29,checked
train,9999998_00369_d_0000321.txt,98,checked
train,9999998_00370_d_0000322.txt,22,checked
train,9999998_00371_d_0000323.txt,45,checked
train,9999998_00372_d_0000324.txt,93,checked
train,9999998_00373_d_0000325.txt,34,checked
train,9999998_00374_d_0000326.txt,45,checked
train,9999998_00375_d_0000327.txt,45,checked
train,9999998_00376_d_0000328.txt,43,checked
train,9999998_00377_d_0000329.txt,44,checked
train,9999998_00378_d_0000330.txt,26,checked
train,9999998_00379_d_0000331.txt,24,checked
train,9999998_00380_d_0000332.txt,13,checked
train,9999998_00381_d_0000333.txt,21,checked
train,9999998_00382_d_0000334.txt,20,checked
train,9999998_00383_d_0000335.txt,62,checked
train,9999998_00384_d_0000336.txt,73,checked
train,9999998_00385_d_0000337.txt,74,checked
train,9999998_00386_d_0000338.txt,40,checked
train,9999998_00387_d_0000339.txt,26,checked
train,9999998_00388_d_0000340.txt,16,checked
train,9999998_00389_d_0000341.txt,24,checked
train,9999998_00390_d_0000342.txt,11,checked
train,9999998_00391_d_0000343.txt,30,checked
train,9999998_00392_d_0000344.txt,67,checked
train,9999998_00393_d_0000345.txt,31,checked
train,9999998_00394_d_0000346.txt,75,checked
train,9999998_00395_d_0000347.txt,20,checked
train,9999998_00396_d_0000348.txt,22,checked
train,9999998_00397_d_0000349.txt,45,checked
train,9999998_00398_d_0000350.txt,20,checked
train,9999998_00399_d_0000351.txt,105,checked
train,9999998_00400_d_0000352.txt,58,checked
train,9999998_00401_d_0000353.txt,43,checked
train,9999998_00402_d_0000354.txt,55,checked
train,9999998_00403_d_0000355.txt,39,checked
train,9999998_00404_d_0000356.txt,89,checked
train,9999998_00405_d_0000357.txt,13,checked
train,9999998_00406_d_0000358.txt,14,checked
train,9999998_00407_d_0000359.txt,11,checked
train,9999998_00408_d_0000360.txt,14,checked
train,9999998_00409_d_0000361.txt,26,checked
train,9999998_00410_d_0000362.txt,22,checked
train,9999998_00411_d_0000363.txt,15,checked
train,9999998_00412_d_0000364.txt,27,checked
train,9999998_00413_d_0000365.txt,87,checked
train,9999998_00414_d_0000366.txt,41,checked
train,9999998_00415_d_0000367.txt,36,checked
train,9999998_00416_d_0000368.txt,30,checked
train,9999998_00417_d_0000369.txt,92,checked
train,9999998_00418_d_0000370.txt,54,checked
train,9999998_00419_d_0000371.txt,57,checked
train,9999998_00420_d_0000372.txt,18,checked
train,9999998_00421_d_0000373.txt,79,checked
train,9999998_00422_d_0000374.txt,75,checked
train,9999998_00423_d_0000375.txt,86,checked
train,9999998_00424_d_0000376.txt,86,checked
train,9999998_00425_d_0000377.txt,62,checked
train,9999998_00426_d_0000378.txt,56,checked
train,9999998_00427_d_0000379.txt,78,checked
train,9999998_00428_d_0000380.txt,24,checked
train,9999998_00429_d_0000381.txt,35,checked
train,9999998_00430_d_0000382.txt,78,checked
train,9999998_00431_d_0000383.txt,70,checked
train,9999998_00432_d_0000384.txt,69,checked
train,9999998_00433_d_0000385.txt,65,checked
train,9999998_00434_d_0000386.txt,60,checked
train,9999998_00435_d_0000387.txt,67,checked
train,9999998_00436_d_0000388.txt,53,checked
train,9999998_00437_d_0000389.txt,53,checked
train,9999998_00438_d_0000390.txt,42,checked
train,9999999_00023_d_0000001.txt,27,checked
train,9999999_00027_d_0000002.txt,56,checked
train,9999999_00029_d_0000003.txt,55,checked
train,9999999_00031_d_0000004.txt,25,checked
train,9999999_00033_d_0000005.txt,70,checked
train,9999999_00035_d_0000006.txt,49,checked
train,9999999_00037_d_0000007.txt,63,checked
train,9999999_00039_d_0000008.txt,42,checked
train,9999999_00043_d_0000009.txt,77,checked
train,9999999_00047_d_0000010.txt,51,checked
train,9999999_00049_d_0000011.txt,43,checked
train,9999999_00051_d_0000012.txt,64,checked
train,9999999_00053_d_0000013.txt,41,checked
train,9999999_00055_d_0000014.txt,58,checked
train,9999999_00057_d_0000015.txt,65,checked
train,9999999_00059_d_0000016.txt,78,checked
train,9999999_00061_d_0000017.txt,79,checked
train,9999999_00063_d_0000018.txt,59,checked
train,9999999_00065_d_0000019.txt,40,checked
train,9999999_00067_d_0000020.txt,53,checked
train,9999999_00069_d_0000021.txt,49,checked
train,9999999_00071_d_0000022.txt,70,checked
train,9999999_00073_d_0000023.txt,52,checked
train,9999999_00075_d_0000024.txt,57,checked
train,9999999_00077_d_0000025.txt,22,checked
train,9999999_00079_d_0000026.txt,62,checked
train,9999999_00081_d_0000027.txt,89,checked
train,9999999_00083_d_0000028.txt,37,checked
train,9999999_00085_d_0000029.txt,68,checked
train,9999999_00087_d_0000030.txt,53,checked
train,9999999_00089_d_0000031.txt,45,checked
train,9999999_00091_d_0000032.txt,97,checked
train,9999999_00095_d_0000033.txt,131,checked
train,9999999_00099_d_0000034.txt,85,checked
train,9999999_00101_d_0000035.txt,118,checked
train,9999999_00103_d_0000036.txt,98,checked
train,9999999_00105_d_0000037.txt,72,checked
train,9999999_00107_d_0000038.txt,94,checked
train,9999999_00109_d_0000039.txt,81,checked
train,9999999_00111_d_0000040.txt,87,checked
train,9999999_00113_d_0000041.txt,110,checked
train,9999999_00115_d_0000042.txt,104,checked
train,9999999_00117_d_0000043.txt,44,checked
train,9999999_00119_d_0000044.txt,53,checked
train,9999999_00121_d_0000045.txt,35,checked
train,9999999_00123_d_0000046.txt,25,checked
train,9999999_00125_d_0000047.txt,80,checked
train,9999999_00127_d_0000048.txt,60,checked
train,9999999_00129_d_0000049.txt,41,checked
train,9999999_00131_d_0000050.txt,34,checked
train,9999999_00133_d_0000051.txt,44,checked
train,9999999_00135_d_0000052.txt,42,checked
train,9999999_00137_d_0000053.txt,36,checked
train,9999999_00139_d_0000054.txt,58,checked
train,9999999_00141_d_0000055.txt,49,checked
train,9999999_00143_d_0000056.txt,37,checked
train,9999999_00145_d_0000057.txt,63,checked
train,9999999_00147_d_0000058.txt,32,checked
train,9999999_00149_d_0000059.txt,63,checked
train,9999999_00151_d_0000060.txt,28,checked
train,9999999_00153_d_0000061.txt,52,checked
train,9999999_00155_d_0000062.txt,23,checked
train,9999999_00157_d_0000063.txt,22,checked
train,9999999_00159_d_0000064.txt,68,checked
train,9999999_00161_d_0000065.txt,65,checked
train,9999999_00163_d_0000066.txt,35,checked
train,9999999_00165_d_0000067.txt,52,checked
train,9999999_00167_d_0000068.txt,45,checked
train,9999999_00169_d_0000069.txt,100,checked
train,9999999_00171_d_0000070.txt,151,checked
train,9999999_00173_d_0000071.txt,116,checked
train,9999999_00175_d_0000072.txt,126,checked
train,9999999_00177_d_0000073.txt,75,checked
train,9999999_00181_d_0000074.txt,127,checked
train,9999999_00183_d_0000075.txt,52,checked
train,9999999_00185_d_0000076.txt,37,checked
train,9999999_00187_d_0000077.txt,38,checked
train,9999999_00189_d_0000078.txt,81,checked
train,9999999_00191_d_0000079.txt,64,checked
train,9999999_00193_d_0000080.txt,36,checked
train,9999999_00195_d_0000081.txt,30,checked
train,9999999_00199_d_0000082.txt,47,checked
train,9999999_00201_d_0000083.txt,99,checked
train,9999999_00203_d_0000084.txt,109,checked
train,9999999_00205_d_0000085.txt,95,checked
train,9999999_00207_d_0000086.txt,114,checked
train,9999999_00209_d_0000087.txt,48,checked
train,9999999_00211_d_0000088.txt,46,checked
train,9999999_00213_d_0000089.txt,91,checked
train,9999999_00215_d_0000090.txt,89,checked
train,9999999_00217_d_0000091.txt,72,checked
train,9999999_00219_d_0000092.txt,62,checked
train,9999999_00221_d_0000093.txt,72,checked
train,9999999_00223_d_0000094.txt,74,checked
train,9999999_00225_d_0000095.txt,59,checked
train,9999999_00227_d_0000096.txt,56,checked
train,9999999_00229_d_0000097.txt,51,checked
train,9999999_00231_d_0000098.txt,40,checked
train,9999999_00233_d_0000099.txt,80,checked
train,9999999_00235_d_0000100.txt,75,checked
train,9999999_00237_d_0000101.txt,86,checked
train,9999999_00239_d_0000102.txt,54,checked
train,9999999_00241_d_0000103.txt,96,checked
train,9999999_00243_d_0000104.txt,89,checked
train,9999999_00245_d_0000105.txt,21,checked
train,9999999_00247_d_0000106.txt,89,checked
train,9999999_00249_d_0000107.txt,136,checked
train,9999999_00251_d_0000108.txt,86,checked
train,9999999_00253_d_0000109.txt,58,checked
train,9999999_00255_d_0000110.txt,62,checked
train,9999999_00257_d_0000111.txt,94,checked
train,9999999_00259_d_0000112.txt,109,checked
train,9999999_00261_d_0000113.txt,44,checked
train,9999999_00263_d_0000114.txt,30,checked
train,9999999_00265_d_0000115.txt,53,checked
train,9999999_00267_d_0000116.txt,52,checked
train,9999999_00269_d_0000117.txt,79,checked
train,9999999_00271_d_0000118.txt,83,checked
train,9999999_00273_d_0000119.txt,60,checked
train,9999999_00275_d_0000120.txt,48,checked
train,9999999_00277_d_0000121.txt,96,checked
train,9999999_00279_d_0000122.txt,54,checked
train,9999999_00281_d_0000123.txt,77,checked
train,9999999_00283_d_0000124.txt,162,checked
train,9999999_00285_d_0000125.txt,139,checked
train,9999999_00287_d_0000126.txt,90,checked
train,9999999_00289_d_0000127.txt,100,checked
train,9999999_00291_d_0000128.txt,101,checked
train,9999999_00293_d_0000129.txt,167,checked
train,9999999_00295_d_0000130.txt,191,checked
train,9999999_00297_d_0000131.txt,183,checked
train,9999999_00299_d_0000132.txt,109,checked
train,9999999_00301_d_0000133.txt,75,checked
train,9999999_00303_d_0000134.txt,96,checked
train,9999999_00305_d_0000135.txt,80,checked
train,9999999_00307_d_0000136.txt,96,checked
train,9999999_00309_d_0000137.txt,86,checked
train,9999999_00313_d_0000138.txt,47,checked
train,9999999_00318_d_0000139.txt,103,checked
train,9999999_00320_d_0000140.txt,151,checked
train,9999999_00322_d_0000141.txt,86,checked
train,9999999_00326_d_0000142.txt,138,checked
train,9999999_00328_d_0000143.txt,216,checked
train,9999999_00330_d_0000144.txt,166,checked
train,9999999_00332_d_0000145.txt,209,checked
train,9999999_00334_d_0000146.txt,139,checked
train,9999999_00336_d_0000147.txt,68,checked
train,9999999_00338_d_0000148.txt,48,checked
train,9999999_00340_d_0000149.txt,43,checked
train,9999999_00342_d_0000150.txt,130,checked
train,9999999_00344_d_0000151.txt,106,checked
train,9999999_00346_d_0000152.txt,136,checked
train,9999999_00348_d_0000153.txt,14,checked
train,9999999_00354_d_0000154.txt,72,checked
train,9999999_00356_d_0000155.txt,121,checked
train,9999999_00360_d_0000156.txt,27,checked
train,9999999_00362_d_0000157.txt,86,checked
train,9999999_00364_d_0000158.txt,35,checked
train,9999999_00366_d_0000159.txt,142,checked
train,9999999_00368_d_0000160.txt,123,checked
train,9999999_00370_d_0000161.txt,131,checked
train,9999999_00374_d_0000162.txt,48,checked
train,9999999_00376_d_0000163.txt,157,checked
train,9999999_00378_d_0000164.txt,30,checked
train,9999999_00380_d_0000165.txt,46,checked
train,9999999_00382_d_0000166.txt,48,checked
train,9999999_00384_d_0000167.txt,30,checked
train,9999999_00386_d_0000168.txt,18,checked
train,9999999_00388_d_0000169.txt,45,checked
train,9999999_00390_d_0000170.txt,169,checked
train,9999999_00392_d_0000171.txt,21,checked
train,9999999_00394_d_0000172.txt,58,checked
train,9999999_00396_d_0000173.txt,56,checked
train,9999999_00398_d_0000174.txt,23,checked
train,9999999_00400_d_0000175.txt,62,checked
train,9999999_00402_d_0000176.txt,45,checked
train,9999999_00404_d_0000177.txt,55,checked
train,9999999_00406_d_0000178.txt,68,checked
train,9999999_00408_d_0000179.txt,203,checked
train,9999999_00410_d_0000180.txt,120,checked
train,9999999_00412_d_0000181.txt,180,checked
train,9999999_00414_d_0000182.txt,105,checked
train,9999999_00416_d_0000183.txt,83,checked
train,9999999_00418_d_0000184.txt,207,checked
train,9999999_00420_d_0000185.txt,106,checked
train,9999999_00422_d_0000186.txt,59,checked
train,9999999_00424_d_0000187.txt,94,checked
train,9999999_00426_d_0000188.txt,53,checked
train,9999999_00428_d_0000189.txt,52,checked
train,9999999_00430_d_0000190.txt,54,checked
train,9999999_00432_d_0000191.txt,56,checked
train,9999999_00434_d_0000192.txt,34,checked
train,9999999_00436_d_0000193.txt,33,checked
train,9999999_00438_d_0000194.txt,20,checked
train,9999999_00440_d_0000195.txt,35,checked
train,9999999_00442_d_0000196.txt,36,checked
train,9999999_00444_d_0000197.txt,38,checked
train,9999999_00446_d_0000198.txt,27,checked
train,9999999_00448_d_0000199.txt,38,checked
train,9999999_00450_d_0000200.txt,50,checked
train,9999999_00452_d_0000201.txt,18,checked
train,9999999_00454_d_0000202.txt,60,checked
train,9999999_00456_d_0000203.txt,30,checked
train,9999999_00458_d_0000204.txt,60,checked
train,9999999_00460_d_0000205.txt,45,checked
train,9999999_00462_d_0000206.txt,32,checked
train,9999999_00464_d_0000207.txt,12,checked
train,9999999_00466_d_0000208.txt,53,checked
train,9999999_00468_d_0000209.txt,71,checked
train,9999999_00470_d_0000210.txt,45,checked
train,9999999_00472_d_0000211.txt,67,checked
train,9999999_00474_d_0000212.txt,39,checked
train,9999999_00478_d_0000213.txt,20,checked
train,9999999_00482_d_0000214.txt,92,checked
train,9999999_00484_d_0000215.txt,42,checked
train,9999999_00486_d_0000216.txt,45,checked
train,9999999_00488_d_0000217.txt,86,checked
train,9999999_00490_d_0000218.txt,61,checked
train,9999999_00492_d_0000219.txt,12,checked
train,9999999_00494_d_0000220.txt,58,checked
train,9999999_00496_d_0000221.txt,57,checked
train,9999999_00498_d_0000222.txt,77,checked
train,9999999_00500_d_0000223.txt,33,checked
train,9999999_00502_d_0000224.txt,48,checked
train,9999999_00504_d_0000225.txt,120,checked
train,9999999_00506_d_0000226.txt,27,checked
train,9999999_00508_d_0000227.txt,53,checked
train,9999999_00510_d_0000228.txt,40,checked
train,9999999_00512_d_0000229.txt,96,checked
train,9999999_00514_d_0000230.txt,66,checked
train,9999999_00516_d_0000231.txt,15,checked
train,9999999_00518_d_0000232.txt,118,checked
train,9999999_00520_d_0000233.txt,90,checked
train,9999999_00522_d_0000234.txt,105,checked
train,9999999_00526_d_0000235.txt,85,checked
train,9999999_00528_d_0000236.txt,63,checked
train,9999999_00530_d_0000237.txt,33,checked
train,9999999_00532_d_0000238.txt,50,checked
train,9999999_00534_d_0000239.txt,42,checked
train,9999999_00536_d_0000240.txt,57,checked
train,9999999_00538_d_0000241.txt,98,checked
train,9999999_00540_d_0000242.txt,30,checked
train,9999999_00542_d_0000243.txt,94,checked
train,9999999_00544_d_0000244.txt,39,checked
train,9999999_00546_d_0000245.txt,88,checked
train,9999999_00548_d_0000246.txt,105,checked
train,9999999_00550_d_0000247.txt,81,checked
train,9999999_00552_d_0000248.txt,48,checked
train,9999999_00554_d_0000249.txt,74,checked
train,9999999_00556_d_0000250.txt,102,checked
train,9999999_00558_d_0000251.txt,9,checked
train,9999999_00560_d_0000252.txt,21,checked
train,9999999_00562_d_0000253.txt,51,checked
train,9999999_00564_d_0000254.txt,39,checked
train,9999999_00566_d_0000255.txt,11,checked
train,9999999_00568_d_0000256.txt,37,checked
train,9999999_00570_d_0000257.txt,11,checked
train,9999999_00572_d_0000258.txt,31,checked
train,9999999_00574_d_0000259.txt,17,checked
train,9999999_00576_d_0000260.txt,6,checked
train,9999999_00578_d_0000261.txt,51,checked
train,9999999_00580_d_0000262.txt,34,checked
train,9999999_00582_d_0000263.txt,41,checked
train,9999999_00584_d_0000264.txt,11,checked
train,9999999_00586_d_0000265.txt,8,checked
train,9999999_00588_d_0000266.txt,34,checked
train,9999999_00590_d_0000267.txt,100,checked
train,9999999_00592_d_0000268.txt,38,checked
train,9999999_00594_d_0000269.txt,55,checked
train,9999999_00596_d_0000270.txt,74,checked
train,9999999_00598_d_0000271.txt,75,checked
train,9999999_00600_d_0000272.txt,17,checked
train,9999999_00602_d_0000273.txt,84,checked
train,9999999_00604_d_0000274.txt,67,checked
train,9999999_00606_d_0000275.txt,80,checked
train,9999999_00608_d_0000276.txt,51,checked
train,9999999_00610_d_0000277.txt,44,checked
train,9999999_00612_d_0000278.txt,31,checked
train,9999999_00614_d_0000279.txt,51,checked
train,9999999_00616_d_0000280.txt,19,checked
train,9999999_00618_d_0000281.txt,36,checked
train,9999999_00622_d_0000282.txt,62,checked
train,9999999_00624_d_0000283.txt,50,checked
train,9999999_00626_d_0000284.txt,37,checked
train,9999999_00628_d_0000285.txt,33,checked
train,9999999_00630_d_0000286.txt,22,checked
train,9999999_00632_d_0000287.txt,40,checked
train,9999999_00634_d_0000288.txt,27,checked
train,9999999_00636_d_0000289.txt,30,checked
train,9999999_00638_d_0000290.txt,74,checked
train,9999999_00640_d_0000291.txt,84,checked
train,9999999_00642_d_0000292.txt,119,checked
train,9999999_00644_d_0000293.txt,52,checked
train,9999999_00646_d_0000294.txt,85,checked
train,9999999_00650_d_0000295.txt,27,checked
train,9999999_00651_d_0000296.txt,28,checked
train,9999999_00653_d_0000297.txt,20,checked
train,9999999_00655_d_0000298.txt,33,checked
train,9999999_00657_d_0000299.txt,23,checked
train,9999999_00661_d_0000300.txt,32,checked
train,9999999_00663_d_0000301.txt,21,checked
train,9999999_00665_d_0000302.txt,17,checked
train,9999999_00667_d_0000303.txt,9,checked
train,9999999_00669_d_0000304.txt,46,checked
train,9999999_00671_d_0000305.txt,36,checked
train,9999999_00675_d_0000306.txt,29,checked
train,9999999_00677_d_0000307.txt,85,checked
train,9999999_00679_d_0000308.txt,84,checked
train,9999999_00681_d_0000309.txt,128,checked
train,9999999_00685_d_0000310.txt,108,checked
train,9999999_00687_d_0000311.txt,116,checked
train,9999999_00689_d_0000312.txt,132,checked
train,9999999_00691_d_0000313.txt,115,checked
train,9999999_00693_d_0000314.txt,17,checked
train,9999999_00695_d_0000315.txt,72,checked
train,9999999_00697_d_0000316.txt,117,checked
train,9999999_00699_d_0000317.txt,105,checked
train,9999999_00701_d_0000318.txt,111,checked
train,9999999_00703_d_0000319.txt,98,checked
train,9999999_00705_d_0000320.txt,116,checked
train,9999999_00707_d_0000321.txt,29,checked
train,9999999_00709_d_0000322.txt,36,checked
train,9999999_00711_d_0000323.txt,23,checked
train,9999999_00713_d_0000324.txt,28,checked
train,9999999_00715_d_0000325.txt,22,checked
train,9999999_00717_d_0000326.txt,40,checked
train,9999999_00719_d_0000327.txt,55,checked
train,9999999_00721_d_0000328.txt,45,checked
train,9999999_00723_d_0000329.txt,31,checked
train,9999999_00725_d_0000330.txt,9,checked
train,9999999_00727_d_0000331.txt,191,checked
train,9999999_00729_d_0000332.txt,44,checked
train,9999999_00731_d_0000333.txt,31,checked
train,9999999_00733_d_0000334.txt,48,checked
train,9999999_00735_d_0000335.txt,45,checked
train,9999999_00737_d_0000336.txt,75,checked
train,9999999_00739_d_0000337.txt,46,checked
train,9999999_00741_d_0000338.txt,212,checked
train,9999999_00743_d_0000339.txt,70,checked
train,9999999_00745_d_0000340.txt,33,checked
train,9999999_00747_d_0000341.txt,34,checked
train,9999999_00749_d_0000342.txt,87,checked
train,9999999_00751_d_0000343.txt,78,checked
train,9999999_00753_d_0000344.txt,48,checked
train,9999999_00755_d_0000345.txt,70,checked
train,9999999_00757_d_0000346.txt,99,checked
train,9999999_00759_d_0000347.txt,108,checked
train,9999999_00761_d_0000348.txt,33,checked
train,9999999_00763_d_0000349.txt,124,checked
train,9999999_00765_d_0000350.txt,99,checked
train,9999999_00767_d_0000351.txt,103,checked
train,9999999_00769_d_0000352.txt,93,checked
train,9999999_00773_d_0000353.txt,85,checked
train,9999999_00775_d_0000354.txt,62,checked
train,9999999_00777_d_0000355.txt,214,checked
train,9999999_00779_d_0000356.txt,131,checked
train,9999999_00781_d_0000357.txt,61,checked
train,9999999_00783_d_0000358.txt,70,checked
train,9999999_00785_d_0000359.txt,64,checked
train,9999999_00787_d_0000360.txt,85,checked
train,9999999_00789_d_0000361.txt,164,checked
train,9999999_00791_d_0000362.txt,49,checked
train,9999999_00793_d_0000363.txt,136,checked
train,9999999_00795_d_0000364.txt,216,checked
train,9999999_00797_d_0000365.txt,175,checked
train,9999999_00801_d_0000366.txt,110,checked
train,9999999_00803_d_0000367.txt,161,checked
train,9999999_00805_d_0000368.txt,139,checked
train,9999999_00807_d_0000369.txt,112,checked
train,9999999_00809_d_0000370.txt,142,checked
train,9999999_00811_d_0000371.txt,93,checked
train,9999999_00813_d_0000372.txt,127,checked
train,9999999_00815_d_0000373.txt,121,checked
train,9999999_00819_d_0000374.txt,233,checked
train,9999999_00823_d_0000375.txt,121,checked
train,9999999_00825_d_0000376.txt,123,checked
train,9999999_00827_d_0000377.txt,46,checked
train,9999999_00829_d_0000378.txt,64,checked
train,9999999_00831_d_0000379.txt,82,checked
train,9999999_00833_d_0000380.txt,57,checked
train,9999999_00835_d_0000381.txt,78,checked
train,9999999_00837_d_0000382.txt,118,checked
train,9999999_00839_d_0000383.txt,69,checked
train,9999999_00841_d_0000384.txt,212,checked
train,9999999_00843_d_0000385.txt,71,checked
train,9999999_00845_d_0000386.txt,104,checked
train,9999999_00847_d_0000387.txt,117,checked
train,9999999_00849_d_0000388.txt,92,checked
train,9999999_00851_d_0000389.txt,83,checked
train,9999999_00853_d_0000390.txt,54,checked
train,9999999_00855_d_0000391.txt,52,checked
train,9999999_00857_d_0000392.txt,82,checked
train,9999999_00859_d_0000393.txt,109,checked
train,9999999_00861_d_0000394.txt,114,checked
train,9999999_00863_d_0000395.txt,107,checked
train,9999999_00865_d_0000396.txt,62,checked
train,9999999_00867_d_0000397.txt,64,checked
train,9999999_00869_d_0000398.txt,75,checked
train,9999999_00871_d_0000399.txt,46,checked
train,9999999_00873_d_0000400.txt,80,checked
train,9999999_00875_d_0000401.txt,48,checked
train,9999999_00877_d_0000402.txt,79,checked
train,9999999_00879_d_0000403.txt,51,checked
train,9999999_00881_d_0000404.txt,13,checked
train,9999999_00883_d_0000405.txt,19,checked
train,9999999_00885_d_0000406.txt,10,checked
train,9999999_00887_d_0000407.txt,21,checked
val,0000001_02999_d_0000005.txt,127,checked
val,0000001_03499_d_0000006.txt,77,checked
val,0000001_03999_d_0000007.txt,48,checked
val,0000001_04527_d_0000008.txt,115,checked
val,0000001_05249_d_0000009.txt,113,checked
val,0000001_05499_d_0000010.txt,140,checked
val,0000001_05999_d_0000011.txt,115,checked
val,0000001_07999_d_0000012.txt,136,checked
val,0000001_08414_d_0000013.txt,164,checked
val,0000021_00000_d_0000001.txt,31,checked
val,0000021_00500_d_0000002.txt,17,checked
val,0000021_00800_d_0000003.txt,7,checked
val,0000022_00000_d_0000004.txt,41,checked
val,0000022_00500_d_0000005.txt,32,checked
val,0000022_01036_d_0000006.txt,16,checked
val,0000022_01251_d_0000007.txt,12,checked
val,0000023_00000_d_0000008.txt,40,checked
val,0000023_00300_d_0000009.txt,30,checked
val,0000023_00868_d_0000010.txt,20,checked
val,0000023_01233_d_0000011.txt,14,checked
val,0000024_00000_d_0000012.txt,21,checked
val,0000024_00500_d_0000013.txt,10,checked
val,0000024_01000_d_0000014.txt,12,checked
val,0000024_01543_d_0000015.txt,8,checked
val,0000026_00000_d_0000024.txt,8,checked
val,0000026_00500_d_0000025.txt,15,checked
val,0000026_01000_d_0000026.txt,25,checked
val,0000026_01500_d_0000027.txt,10,checked
val,0000026_02000_d_0000028.txt,9,checked
val,0000026_02500_d_0000029.txt,17,checked
val,0000026_03000_d_0000030.txt,13,checked
val,0000026_03500_d_0000031.txt,23,checked
val,0000026_04000_d_0000032.txt,14,checked
val,0000026_04500_d_0000033.txt,47,checked
val,0000026_04978_d_0000034.txt,45,checked
val,0000055_00000_d_0000109.txt,101,checked
val,0000055_00714_d_0000110.txt,85,checked
val,0000069_00001_d_0000001.txt,34,checked
val,0000069_00483_d_0000002.txt,27,checked
val,0000069_00713_d_0000003.txt,49,checked
val,0000069_01109_d_0000004.txt,31,checked
val,0000069_01878_d_0000005.txt,36,checked
val,0000069_02163_d_0000006.txt,49,checked
val,0000069_02480_d_0000007.txt,64,checked
val,0000072_02834_d_0000003.txt,73,checked
val,0000076_02142_d_0000009.txt,11,checked
val,0000081_00000_d_0000001.txt,86,checked
val,0000086_00000_d_0000001.txt,37,checked
val,0000086_00592_d_0000002.txt,65,checked
val,0000086_01084_d_0000003.txt,146,checked
val,0000086_01443_d_0000004.txt,107,checked
val,0000086_01954_d_0000005.txt,173,checked
val,0000103_00180_d_0000026.txt,1,checked
val,0000103_00502_d_0000027.txt,3,checked
val,0000103_01734_d_0000028.txt,4,checked
val,0000103_02544_d_0000029.txt,14,checked
val,0000103_02964_d_0000030.txt,10,checked
val,0000103_03349_d_0000031.txt,4,checked
val,0000103_03738_d_0000032.txt,3,checked
val,0000103_04122_d_0000033.txt,4,checked
val,0000103_04513_d_0000034.txt,2,checked
val,0000103_04948_d_0000035.txt,1,checked
val,0000115_00315_d_0000080.txt,61,checked
val,0000115_00796_d_0000081.txt,78,checked
val,0000115_01031_d_0000082.txt,63,checked
val,0000116_00351_d_0000083.txt,74,checked
val,0000116_00819_d_0000084.txt,36,checked
val,0000116_01059_d_0000085.txt,70,checked
val,0000116_01338_d_0000086.txt,54,checked
val,0000117_00112_d_0000087.txt,129,checked
val,0000117_01326_d_0000088.txt,62,checked
val,0000117_01731_d_0000089.txt,47,checked
val,0000117_02708_d_0000090.txt,100,checked
val,0000117_03096_d_0000091.txt,24,checked
val,0000129_02411_d_0000138.txt,186,checked
val,0000153_00001_d_0000001.txt,55,checked
val,0000153_00401_d_0000001.txt,59,checked
val,0000153_00801_d_0000001.txt,49,checked
val,0000153_01201_d_0000001.txt,59,checked
val,0000153_01601_d_0000001.txt,63,checked
val,0000153_01801_d_0000001.txt,55,checked
val,0000154_00001_d_0000001.txt,51,checked
val,0000154_00401_d_0000001.txt,60,checked
val,0000154_00801_d_0000001.txt,72,checked
val,0000154_01201_d_0000001.txt,81,checked
val,0000154_01601_d_0000001.txt,101,checked
val,0000154_02001_d_0000001.txt,83,checked
val,0000155_00001_d_0000001.txt,97,checked
val,0000155_00401_d_0000001.txt,122,checked
val,0000155_00801_d_0000001.txt,106,checked
val,0000155_01201_d_0000001.txt,94,checked
val,0000155_01601_d_0000001.txt,73,checked
val,0000155_01871_d_0000001.txt,55,checked
val,0000162_00001_d_0000001.txt,34,checked
val,0000162_00401_d_0000001.txt,45,checked
val,0000162_00801_d_0000001.txt,30,checked
val,0000162_01058_d_0000001.txt,57,checked
val,0000163_00001_d_0000001.txt,69,checked
val,0000163_00359_d_0000001.txt,54,checked
val,0000165_04325_d_0000105.txt,29,checked
val,0000166_00558_d_0000118.txt,71,checked
val,0000193_00000_d_0000103.txt,63,checked
val,0000193_01497_d_0000111.txt,87,checked
val,0000193_01705_d_0000112.txt,134,checked
val,0000193_01876_d_0000113.txt,107,checked
val,0000193_02029_d_0000114.txt,93,checked
val,0000193_02212_d_0000115.txt,78,checked
val,0000193_02416_d_0000116.txt,50,checked
val,0000193_02606_d_0000117.txt,49,checked
val,0000193_02725_d_0000118.txt,39,checked
val,0000194_00000_d_0000119.txt,54,checked
val,0000194_00200_d_0000120.txt,76,checked
val,0000194_00399_d_0000121.txt,143,checked
val,0000194_00625_d_0000122.txt,83,checked
val,0000194_00800_d_0000123.txt,54,checked
val,0000194_00998_d_0000124.txt,42,checked
val,0000194_01192_d_0000125.txt,23,checked
val,0000196_04512_d_0000144.txt,69,checked
val,0000199_01269_d_0000166.txt,16,checked
val,0000213_02500_d_0000240.txt,94,checked
val,0000213_02965_d_0000241.txt,94,checked
val,0000213_03478_d_0000242.txt,115,checked
val,0000213_03920_d_0000243.txt,164,checked
val,0000213_04405_d_0000244.txt,106,checked
val,0000213_04998_d_0000245.txt,137,checked
val,0000213_05340_d_0000246.txt,138,checked
val,0000213_05745_d_0000247.txt,101,checked
val,0000215_00000_d_0000256.txt,157,checked
val,0000215_00447_d_0000257.txt,53,checked
val,0000215_00909_d_0000258.txt,93,checked
val,0000215_01395_d_0000259.txt,56,checked
val,0000215_01869_d_0000260.txt,78,checked
val,0000215_02319_d_0000261.txt,107,checked
val,0000215_02667_d_0000262.txt,83,checked
val,0000215_02932_d_0000263.txt,48,checked
val,0000215_03226_d_0000264.txt,23,checked
val,0000216_00520_d_0000001.txt,109,checked
val,0000220_01242_d_0000004.txt,37,checked
val,0000223_01802_d_0000005.txt,64,checked
val,0000237_00001_d_0000001.txt,15,checked
val,0000242_00001_d_0000001.txt,42,checked
val,0000242_00500_d_0000002.txt,53,checked
val,0000242_00627_d_0000003.txt,45,checked
val,0000242_00843_d_0000004.txt,2,checked
val,0000242_00963_d_0000005.txt,13,checked
val,0000242_01139_d_0000006.txt,72,checked
val,0000242_01475_d_0000007.txt,65,checked
val,0000242_01912_d_0000008.txt,50,checked
val,0000242_02400_d_0000009.txt,34,checked
val,0000242_02762_d_0000010.txt,33,checked
val,0000242_03199_d_0000011.txt,9,checked
val,0000242_03668_d_0000012.txt,41,checked
val,0000242_04116_d_0000013.txt,8,checked
val,0000242_04600_d_0000014.txt,29,checked
val,0000242_05059_d_0000015.txt,37,checked
val,0000242_05570_d_0000016.txt,32,checked
val,0000242_06010_d_0000017.txt,41,checked
val,0000242_06452_d_0000018.txt,12,checked
val,0000244_00001_d_0000001.txt,46,checked
val,0000244_00500_d_0000002.txt,32,checked
val,0000244_01000_d_0000003.txt,122,checked
val,0000244_01500_d_0000004.txt,96,checked
val,0000244_02000_d_0000005.txt,129,checked
val,0000244_02500_d_0000006.txt,113,checked
val,0000244_03000_d_0000007.txt,44,checked
val,0000244_03500_d_0000008.txt,146,checked
val,0000244_04000_d_0000009.txt,56,checked
val,0000244_04400_d_0000010.txt,101,checked
val,0000244_04900_d_0000011.txt,106,checked
val,0000244_05400_d_0000012.txt,90,checked
val,0000244_05900_d_0000013.txt,66,checked
val,0000244_06388_d_0000014.txt,46,checked
val,0000249_00001_d_0000001.txt,80,checked
val,0000249_00235_d_0000002.txt,85,checked
val,0000249_00603_d_0000003.txt,48,checked
val,0000249_01100_d_0000004.txt,27,checked
val,0000249_01514_d_0000005.txt,51,checked
val,0000249_01635_d_0000006.txt,80,checked
val,0000249_02073_d_0000007.txt,67,checked
val,0000249_02468_d_0000008.txt,18,checked
val,0000249_02900_d_0000009.txt,101,checked
val,0000249_03400_d_0000010.txt,92,checked
val,0000249_03900_d_0000011.txt,85,checked
val,0000253_00001_d_0000001.txt,106,checked
val,0000256_00715_d_0000019.txt,90,checked
val,0000256_02173_d_0000030.txt,47,checked
val,0000263_02401_d_0000179.txt,17,checked
val,0000269_00001_d_0000348.txt,128,checked
val,0000269_00201_d_0000349.txt,47,checked
val,0000269_00601_d_0000351.txt,93,checked
val,0000271_00001_d_0000374.txt,58,checked
val,0000271_00201_d_0000375.txt,75,checked
val,0000271_00401_d_0000376.txt,25,checked
val,0000271_00601_d_0000377.txt,79,checked
val,0000271_00801_d_0000378.txt,63,checked
val,0000271_01201_d_0000379.txt,59,checked
val,0000271_01401_d_0000380.txt,55,checked
val,0000271_01601_d_0000381.txt,48,checked
val,0000271_02401_d_0000385.txt,84,checked
val,0000271_02601_d_0000386.txt,79,checked
val,0000271_03001_d_0000387.txt,56,checked
val,0000271_03801_d_0000391.txt,57,checked
val,0000271_04401_d_0000394.txt,86,checked
val,0000271_04801_d_0000396.txt,50,checked
val,0000271_05001_d_0000397.txt,90,checked
val,0000271_05201_d_0000398.txt,70,checked
val,0000271_05401_d_0000399.txt,71,checked
val,0000271_05601_d_0000400.txt,86,checked
val,0000271_05801_d_0000401.txt,104,checked
val,0000271_06001_d_0000402.txt,158,checked
val,0000271_06201_d_0000403.txt,142,checked
val,0000271_06401_d_0000404.txt,128,checked
val,0000271_06601_d_0000405.txt,105,checked
val,0000271_06801_d_0000406.txt,95,checked
val,0000271_07001_d_0000407.txt,58,checked
val,0000271_07201_d_0000408.txt,25,checked
val,0000271_07401_d_0000409.txt,42,checked
val,0000273_05601_d_0000466.txt,32,checked
val,0000276_00001_d_0000507.txt,55,checked
val,0000276_00401_d_0000509.txt,62,checked
val,0000276_00601_d_0000510.txt,37,checked
val,0000276_01001_d_0000512.txt,42,checked
val,0000276_01201_d_0000513.txt,29,checked
val,0000276_01401_d_0000514.txt,25,checked
val,0000276_01801_d_0000516.txt,21,checked
val,0000276_02001_d_0000517.txt,15,checked
val,0000276_02201_d_0000518.txt,41,checked
val,0000276_02401_d_0000519.txt,48,checked
val,0000276_02601_d_0000520.txt,32,checked
val,0000276_02801_d_0000521.txt,37,checked
val,0000276_03001_d_0000522.txt,38,checked
val,0000276_03201_d_0000523.txt,60,checked
val,0000276_03401_d_0000524.txt,61,checked
val,0000276_03601_d_0000525.txt,46,checked
val,0000276_03801_d_0000526.txt,64,checked
val,0000276_04001_d_0000527.txt,54,checked
val,0000276_04201_d_0000528.txt,59,checked
val,0000276_04401_d_0000529.txt,40,checked
val,0000276_04601_d_0000530.txt,10,checked
val,0000276_04801_d_0000531.txt,10,checked
val,0000276_05001_d_0000532.txt,7,checked
val,0000276_05201_d_0000533.txt,6,checked
val,0000276_05601_d_0000535.txt,10,checked
val,0000276_05801_d_0000536.txt,7,checked
val,0000276_06001_d_0000537.txt,14,checked
val,0000277_00001_d_0000539.txt,85,checked
val,0000277_00201_d_0000540.txt,83,checked
val,0000277_00401_d_0000541.txt,117,checked
val,0000277_01401_d_0000546.txt,78,checked
val,0000277_01601_d_0000547.txt,78,checked
val,0000277_01801_d_0000548.txt,101,checked
val,0000277_02001_d_0000549.txt,83,checked
val,0000277_02201_d_0000550.txt,68,checked
val,0000277_02401_d_0000551.txt,90,checked
val,0000277_02601_d_0000552.txt,121,checked
val,0000277_03201_d_0000554.txt,85,checked
val,0000277_03401_d_0000555.txt,103,checked
val,0000277_03601_d_0000556.txt,59,checked
val,0000277_04001_d_0000558.txt,74,checked
val,0000277_04201_d_0000559.txt,67,checked
val,0000277_04401_d_0000560.txt,70,checked
val,0000277_04601_d_0000561.txt,95,checked
val,0000277_05001_d_0000562.txt,97,checked
val,0000280_00001_d_0000612.txt,87,checked
val,0000280_00201_d_0000613.txt,47,checked
val,0000280_00401_d_0000614.txt,59,checked
val,0000280_00601_d_0000615.txt,74,checked
val,0000280_00801_d_0000616.txt,70,checked
val,0000280_01001_d_0000617.txt,125,checked
val,0000280_01201_d_0000618.txt,134,checked
val,0000280_01401_d_0000619.txt,110,checked
val,0000280_01601_d_0000620.txt,103,checked
val,0000280_01801_d_0000621.txt,90,checked
val,0000280_02001_d_0000622.txt,66,checked
val,0000280_02201_d_0000623.txt,80,checked
val,0000280_02401_d_0000624.txt,92,checked
val,0000280_02601_d_0000625.txt,73,checked
val,0000280_02801_d_0000626.txt,55,checked
val,0000280_03001_d_0000627.txt,88,checked
val,0000280_03201_d_0000628.txt,82,checked
val,0000280_03401_d_0000629.txt,83,checked
val,0000283_00401_d_0000676.txt,6,checked
val,0000283_00601_d_0000677.txt,9,checked
val,0000283_00801_d_0000678.txt,8,checked
val,0000283_01001_d_0000679.txt,4,checked
val,0000287_00001_d_0000759.txt,52,checked
val,0000287_00201_d_0000760.txt,51,checked
val,0000287_00401_d_0000761.txt,44,checked
val,0000287_00601_d_0000762.txt,93,checked
val,0000287_00801_d_0000763.txt,58,checked
val,0000287_01001_d_0000764.txt,71,checked
val,0000287_01201_d_0000765.txt,68,checked
val,0000287_01401_d_0000766.txt,68,checked
val,0000287_01601_d_0000767.txt,74,checked
val,0000287_01801_d_0000768.txt,56,checked
val,0000287_02001_d_0000769.txt,44,checked
val,0000287_02201_d_0000770.txt,27,checked
val,0000287_02401_d_0000771.txt,18,checked
val,0000287_02601_d_0000772.txt,44,checked
val,0000287_02801_d_0000773.txt,60,checked
val,0000287_03001_d_0000774.txt,18,checked
val,0000287_03401_d_0000776.txt,56,checked
val,0000287_04601_d_0000780.txt,88,checked
val,0000287_04801_d_0000781.txt,53,checked
val,0000287_05001_d_0000782.txt,62,checked
val,0000289_00001_d_0000811.txt,41,checked
val,0000289_00201_d_0000812.txt,43,checked
val,0000289_00401_d_0000813.txt,53,checked
val,0000289_00601_d_0000814.txt,43,checked
val,0000289_00801_d_0000815.txt,39,checked
val,0000289_01001_d_0000816.txt,33,checked
val,0000289_01201_d_0000817.txt,43,checked
val,0000289_01401_d_0000818.txt,39,checked
val,0000289_01601_d_0000819.txt,44,checked
val,0000289_02001_d_0000821.txt,43,checked
val,0000289_02201_d_0000822.txt,29,checked
val,0000289_02401_d_0000823.txt,49,checked
val,0000289_02601_d_0000824.txt,58,checked
val,0000289_03001_d_0000826.txt,61,checked
val,0000289_03201_d_0000827.txt,80,checked
val,0000289_03401_d_0000828.txt,54,checked
val,0000289_03601_d_0000829.txt,77,checked
val,0000289_03801_d_0000830.txt,100,checked
val,0000289_04001_d_0000831.txt,80,checked
val,0000289_04201_d_0000832.txt,88,checked
val,0000289_04401_d_0000833.txt,100,checked
val,0000289_04601_d_0000834.txt,93,checked
val,0000289_04801_d_0000835.txt,71,checked
val,0000289_05001_d_0000836.txt,65,checked
val,0000289_05201_d_0000837.txt,79,checked
val,0000289_05401_d_0000838.txt,81,checked
val,0000289_05601_d_0000839.txt,107,checked
val,0000289_05801_d_0000840.txt,78,checked
val,0000289_06001_d_0000841.txt,80,checked
val,0000289_06201_d_0000842.txt,79,checked
val,0000289_06401_d_0000843.txt,79,checked
val,0000289_06601_d_0000844.txt,88,checked
val,0000289_06801_d_0000845.txt,98,checked
val,0000289_07001_d_0000846.txt,74,checked
val,0000289_07201_d_0000847.txt,40,checked
val,0000290_04001_d_0000867.txt,79,checked
val,0000291_00001_d_0000868.txt,178,checked
val,0000291_00201_d_0000869.txt,113,checked
val,0000291_00401_d_0000870.txt,166,checked
val,0000291_00601_d_0000871.txt,120,checked
val,0000291_01001_d_0000873.txt,159,checked
val,0000291_01201_d_0000874.txt,212,checked
val,0000291_01401_d_0000875.txt,154,checked
val,0000291_01601_d_0000876.txt,87,checked
val,0000291_01801_d_0000877.txt,113,checked
val,0000291_02001_d_0000878.txt,172,checked
val,0000291_02201_d_0000879.txt,149,checked
val,0000291_02601_d_0000881.txt,178,checked
val,0000291_03201_d_0000884.txt,229,checked
val,0000291_03401_d_0000885.txt,187,checked
val,0000291_03601_d_0000886.txt,112,checked
val,0000291_03801_d_0000887.txt,191,checked
val,0000291_04001_d_0000888.txt,108,checked
val,0000291_04201_d_0000889.txt,111,checked
val,0000291_04401_d_0000890.txt,126,checked
val,0000291_05001_d_0000892.txt,135,checked
val,0000291_05201_d_0000893.txt,207,checked
val,0000293_03601_d_0000940.txt,117,checked
val,0000295_00000_d_0000021.txt,130,checked
val,0000295_00200_d_0000022.txt,78,checked
val,0000295_00600_d_0000024.txt,186,checked
val,0000295_00800_d_0000025.txt,147,checked
val,0000295_01000_d_0000026.txt,251,checked
val,0000295_01200_d_0000027.txt,200,checked
val,0000295_01400_d_0000028.txt,189,checked
val,0000295_01600_d_0000029.txt,138,checked
val,0000295_01800_d_0000030.txt,306,checked
val,0000295_02000_d_0000031.txt,311,checked
val,0000295_02200_d_0000032.txt,193,checked
val,0000295_02400_d_0000033.txt,317,checked
val,0000295_02900_d_0000034.txt,212,checked
val,0000296_00601_d_0000038.txt,91,checked
val,0000296_01001_d_0000040.txt,181,checked
val,0000300_03201_d_0000154.txt,66,checked
val,0000301_00001_d_0000156.txt,96,checked
val,0000301_00201_d_0000157.txt,90,checked
val,0000301_01001_d_0000161.txt,64,checked
val,0000301_01201_d_0000162.txt,61,checked
val,0000303_03401_d_0000200.txt,82,checked
val,0000308_04401_d_0000327.txt,98,checked
val,0000312_00001_d_0000414.txt,112,checked
val,0000312_00201_d_0000415.txt,108,checked
val,0000312_00601_d_0000417.txt,59,checked
val,0000312_01001_d_0000419.txt,80,checked
val,0000312_01201_d_0000420.txt,82,checked
val,0000312_02201_d_0000425.txt,78,checked
val,0000312_02401_d_0000426.txt,80,checked
val,0000312_04201_d_0000435.txt,80,checked
val,0000313_06401_d_0000468.txt,91,checked
val,0000313_06601_d_0000469.txt,165,checked
val,0000313_07001_d_0000471.txt,5,checked
val,0000315_01601_d_0000509.txt,98,checked
val,0000316_00001_d_0000519.txt,69,checked
val,0000316_00201_d_0000520.txt,54,checked
val,0000316_00401_d_0000521.txt,23,checked
val,0000316_00601_d_0000522.txt,35,checked
val,0000316_00801_d_0000523.txt,27,checked
val,0000316_01001_d_0000524.txt,18,checked
val,0000316_01201_d_0000525.txt,43,checked
val,0000316_01401_d_0000526.txt,34,checked
val,0000316_01601_d_0000527.txt,29,checked
val,0000316_01801_d_0000528.txt,11,checked
val,0000316_02001_d_0000529.txt,9,checked
val,0000316_02201_d_0000530.txt,7,checked
val,0000323_02601_d_0000645.txt,91,checked
val,0000327_00001_d_0000711.txt,70,checked
val,0000327_00201_d_0000712.txt,60,checked
val,0000327_00401_d_0000713.txt,64,checked
val,0000327_00601_d_0000714.txt,84,checked
val,0000327_00801_d_0000715.txt,84,checked
val,0000327_01001_d_0000716.txt,83,checked
val,0000327_01201_d_0000717.txt,69,checked
val,0000327_01401_d_0000718.txt,93,checked
val,0000327_01801_d_0000720.txt,62,checked
val,0000327_02601_d_0000724.txt,57,checked
val,0000327_02801_d_0000725.txt,73,checked
val,0000327_03001_d_0000726.txt,75,checked
val,0000327_03201_d_0000727.txt,110,checked
val,0000327_03401_d_0000728.txt,75,checked
val,0000327_03601_d_0000729.txt,60,checked
val,0000327_03801_d_0000730.txt,103,checked
val,0000327_04001_d_0000731.txt,136,checked
val,0000327_04201_d_0000732.txt,110,checked
val,0000330_00001_d_0000800.txt,80,checked
val,0000330_00201_d_0000801.txt,130,checked
val,0000330_00401_d_0000802.txt,112,checked
val,0000330_00601_d_0000803.txt,94,checked
val,0000330_00801_d_0000804.txt,93,checked
val,0000330_01001_d_0000805.txt,93,checked
val,0000330_01201_d_0000806.txt,110,checked
val,0000330_01401_d_0000807.txt,161,checked
val,0000330_01601_d_0000808.txt,99,checked
val,0000330_01801_d_0000809.txt,64,checked
val,0000330_02001_d_0000810.txt,57,checked
val,0000330_02201_d_0000811.txt,44,checked
val,0000330_02801_d_0000814.txt,45,checked
val,0000330_03001_d_0000815.txt,45,checked
val,0000330_03201_d_0000816.txt,69,checked
val,0000330_04001_d_0000820.txt,38,checked
val,0000330_04201_d_0000821.txt,162,checked
val,0000330_04401_d_0000822.txt,38,checked
val,0000330_04601_d_0000823.txt,62,checked
val,0000333_00001_d_0000001.txt,68,checked
val,0000333_01765_d_0000010.txt,120,checked
val,0000333_01961_d_0000011.txt,65,checked
val,0000333_02157_d_0000012.txt,67,checked
val,0000333_02353_d_0000013.txt,70,checked
val,0000333_02549_d_0000014.txt,91,checked
val,0000333_02745_d_0000015.txt,52,checked
val,0000333_02941_d_0000016.txt,44,checked
val,0000333_03137_d_0000017.txt,39,checked
val,0000333_03333_d_0000018.txt,62,checked
val,0000333_03529_d_0000019.txt,95,checked
val,0000333_03725_d_0000020.txt,83,checked
val,0000335_00001_d_0000043.txt,41,checked
val,0000335_00197_d_0000044.txt,37,checked
val,0000335_00393_d_0000045.txt,34,checked
val,0000335_00589_d_0000046.txt,21,checked
val,0000335_00785_d_0000047.txt,34,checked
val,0000335_00981_d_0000048.txt,78,checked
val,0000335_01765_d_0000052.txt,61,checked
val,0000335_01961_d_0000053.txt,69,checked
val,0000335_02353_d_0000055.txt,82,checked
val,0000335_02549_d_0000056.txt,87,checked
val,0000335_02745_d_0000057.txt,99,checked
val,0000335_03137_d_0000059.txt,103,checked
val,0000335_03333_d_0000060.txt,40,checked
val,0000335_03725_d_0000062.txt,27,checked
val,0000335_03921_d_0000063.txt,44,checked
val,0000335_04117_d_0000064.txt,28,checked
val,0000335_04313_d_0000065.txt,38,checked
val,0000335_05097_d_0000069.txt,20,checked
val,0000335_05685_d_0000072.txt,15,checked
val,0000335_06469_d_0000076.txt,8,checked
val,0000335_06665_d_0000077.txt,21,checked
val,0000335_06861_d_0000078.txt,24,checked
val,0000342_00393_d_0000244.txt,133,checked
val,0000345_07057_d_0000345.txt,108,checked
val,0000346_00001_d_0000346.txt,82,checked
val,0000346_01961_d_0000356.txt,71,checked
val,0000346_02549_d_0000359.txt,59,checked
val,0000346_03921_d_0000366.txt,50,checked
val,0000346_07057_d_0000382.txt,87,checked
val,0000348_00589_d_0000409.txt,34,checked
val,0000348_03333_d_0000423.txt,15,checked
val,0000356_00589_d_0000632.txt,121,checked
val,0000356_01177_d_0000635.txt,88,checked
val,0000356_01569_d_0000637.txt,100,checked
val,0000356_01765_d_0000638.txt,84,checked
val,0000356_01961_d_0000639.txt,111,checked
val,0000356_02157_d_0000640.txt,54,checked
val,0000356_02353_d_0000641.txt,106,checked
val,0000356_02745_d_0000643.txt,97,checked
val,0000356_02941_d_0000644.txt,108,checked
val,0000356_03333_d_0000646.txt,80,checked
val,0000356_03529_d_0000647.txt,81,checked
val,0000356_03725_d_0000648.txt,94,checked
val,0000356_03921_d_0000649.txt,72,checked
val,0000356_04117_d_0000650.txt,93,checked
val,0000356_04313_d_0000651.txt,99,checked
val,0000356_04705_d_0000653.txt,70,checked
val,0000356_04901_d_0000654.txt,102,checked
val,0000356_05097_d_0000655.txt,114,checked
val,0000358_03333_d_0000697.txt,93,checked
val,0000359_00393_d_0000701.txt,39,checked
val,0000359_00589_d_0000702.txt,39,checked
val,0000359_00785_d_0000703.txt,30,checked
val,0000359_00981_d_0000704.txt,33,checked
val,0000359_01177_d_0000705.txt,59,checked
val,0000359_01373_d_0000706.txt,12,checked
val,0000359_01961_d_0000707.txt,18,checked
val,0000359_02353_d_0000708.txt,31,checked
val,0000359_02549_d_0000709.txt,21,checked
val,0000359_03333_d_0000711.txt,13,checked
val,0000359_03529_d_0000712.txt,16,checked
val,0000360_00001_d_0000713.txt,80,checked
val,0000360_00197_d_0000714.txt,79,checked
val,0000360_00393_d_0000715.txt,79,checked
val,0000360_00589_d_0000716.txt,60,checked
val,0000360_00785_d_0000717.txt,59,checked
val,0000360_00981_d_0000718.txt,65,checked
val,0000360_02353_d_0000725.txt,72,checked
val,0000360_02745_d_0000727.txt,81,checked
val,0000360_02941_d_0000728.txt,45,checked
val,0000360_03137_d_0000729.txt,56,checked
val,0000360_03333_d_0000730.txt,56,checked
val,0000360_03529_d_0000731.txt,31,checked
val,0000360_03921_d_0000733.txt,52,checked
val,0000360_04117_d_0000734.txt,18,checked
val,0000360_04705_d_0000737.txt,9,checked
val,0000360_05293_d_0000740.txt,70,checked
val,0000360_05685_d_0000742.txt,60,checked
val,0000360_06273_d_0000745.txt,17,checked
val,0000360_06665_d_0000747.txt,48,checked
val,0000360_06861_d_0000748.txt,25,checked
val,0000360_07057_d_0000749.txt,15,checked
val,0000360_07253_d_0000750.txt,28,checked
val,0000360_07645_d_0000752.txt,16,checked
val,0000364_00589_d_0000798.txt,62,checked
val,0000364_01177_d_0000799.txt,80,checked
val,0000364_01373_d_0000780.txt,64,checked
val,0000364_01569_d_0000781.txt,97,checked
val,0000364_01765_d_0000782.txt,81,checked
